time,position,rotation_matrix,velocity,action,lin_acc,obs,obs_norm
82.003,[-1.01188096e-04  4.48197452e-03  4.94067907e-01],"[[ 9.99999960e-01  1.54564596e-04  2.35855673e-04]
 [-1.54456067e-04  9.99999882e-01 -4.60096285e-04]
 [-2.35926760e-04  4.60059837e-04  9.99999866e-01]]",[ 0.00058816 -0.00687945  0.00495803],[ 0.7030784 -5.093933   5.4173574  0.6609249],[ 0.00154512 -0.00412156  0.01487107],"[-1.01188096e-04  4.48197452e-03  4.94067907e-01  9.99999960e-01
  1.54564596e-04  2.35855673e-04 -1.54456067e-04  9.99999882e-01
 -4.60096285e-04 -2.35926760e-04  4.60059837e-04  9.99999866e-01
  5.88163820e-04 -6.87944881e-03  4.95802592e-03  2.29554009e+00
  0.00000000e+00  0.00000000e+00  0.00000000e+00  2.29554009e+00
  0.00000000e+00  0.00000000e+00  0.00000000e+00  2.29554009e+00
  0.00000000e+00  0.00000000e+00  0.00000000e+00]","[-2.0205975e-05  8.9633465e-04 -8.0237281e-01  1.0000000e+00
  1.5461445e-04  2.3591518e-04 -1.5443563e-04  9.9999988e-01
 -4.6008825e-04 -2.3591518e-04  4.6002865e-04  9.9999988e-01
  5.8889389e-05 -6.8795681e-04  4.9579144e-04 -2.4040174e-01
  0.0000000e+00  0.0000000e+00  0.0000000e+00 -2.4040174e-01
  0.0000000e+00  0.0000000e+00  0.0000000e+00 -2.4040174e-01
  0.0000000e+00  0.0000000e+00  0.0000000e+00]"
82.013,[-9.62359627e-05  4.45681624e-03  4.93991256e-01],"[[ 9.99999973e-01  1.18303162e-04  1.99353798e-04]
 [-1.18224934e-04  9.99999916e-01 -3.92373534e-04]
 [-1.99400201e-04  3.92349955e-04  9.99999903e-01]]",[ 0.00059733 -0.00689184  0.00504495],[ 1.8932483 -3.681798   1.5716033  0.3320343],[ 0.00118552 -0.00345434  0.01008107],"[-9.62359627e-05  4.45681624e-03  4.93991256e-01  9.99999973e-01
  1.18303162e-04  1.99353798e-04 -1.18224934e-04  9.99999916e-01
 -3.92373534e-04 -1.99400201e-04  3.92349955e-04  9.99999903e-01
  5.97325429e-04 -6.89183741e-03  5.04494924e-03  2.29554009e+00
  0.00000000e+00  0.00000000e+00  0.00000000e+00  2.29554009e+00
  0.00000000e+00  0.00000000e+00  0.00000000e+00  7.03078389e-01
 -5.09393311e+00  5.41735744e+00  6.60924911e-01]","[-1.92523003e-05  8.91447067e-04 -8.02403510e-01  1.00000000e+00
  1.18255615e-04  1.99317932e-04 -1.18196011e-04  1.00000000e+00
 -3.92377377e-04 -1.99377537e-04  3.92317772e-04  9.99999881e-01
  5.97238541e-05 -6.89208508e-04  5.04493713e-04 -2.40401745e-01
  0.00000000e+00  0.00000000e+00  0.00000000e+00 -2.40401745e-01
  0.00000000e+00  0.00000000e+00  0.00000000e+00 -7.73621857e-01
 -8.48988831e-01  9.02892947e-01  1.65231228e-01]"
82.027,[-9.12047180e-05  4.43069683e-03  4.93894935e-01],"[[ 9.99999984e-01  8.45760714e-05  1.56817223e-04]
 [-8.45170733e-05  9.99999926e-01 -3.76190832e-04]
 [-1.56849028e-04  3.76177572e-04  9.99999917e-01]]",[ 0.00060324 -0.00690296  0.0051232 ],[ 2.8844535 -1.5862402  1.8395754  0.2568119],[ 0.00076784 -0.00329557  0.01038157],"[-9.12047180e-05  4.43069683e-03  4.93894935e-01  9.99999984e-01
  8.45760714e-05  1.56817223e-04 -8.45170733e-05  9.99999926e-01
 -3.76190832e-04 -1.56849028e-04  3.76177572e-04  9.99999917e-01
  6.03237555e-04 -6.90296090e-03  5.12319574e-03  2.29554009e+00
  0.00000000e+00  0.00000000e+00  0.00000000e+00  7.03078389e-01
 -5.09393311e+00  5.41735744e+00  6.60924911e-01  1.89324832e+00
 -3.68179798e+00  1.57160330e+00  3.32034290e-01]","[-1.8179417e-05  8.8620186e-04 -8.0244201e-01  1.0000000e+00
  8.4519386e-05  1.5676022e-04 -8.4519386e-05  1.0000000e+00
 -3.7616491e-04 -1.5681982e-04  3.7622452e-04  1.0000000e+00
  6.0439110e-05 -6.9028139e-04  5.1236153e-04 -2.4040174e-01
  0.0000000e+00  0.0000000e+00  0.0000000e+00 -7.7362186e-01
 -8.4898883e-01  9.0289295e-01  1.6523123e-01 -3.7510520e-01
 -6.1363298e-01  2.6193392e-01  8.3008528e-02]"
82.033,[-8.71674711e-05  4.42412589e-03  4.93687391e-01],"[[ 9.99999992e-01  4.12428547e-05  1.21352159e-04]
 [-4.11963755e-05  9.99999926e-01 -3.82988728e-04]
 [-1.21367945e-04  3.82983725e-04  9.99999919e-01]]",[ 0.00060476 -0.00689009  0.00533073],[ 2.8073683  -2.8047726   2.536688    0.29070622],[ 0.00038371 -0.00337103  0.01579463],"[-8.71674711e-05  4.42412589e-03  4.93687391e-01  9.99999992e-01
  4.12428547e-05  1.21352159e-04 -4.11963755e-05  9.99999926e-01
 -3.82988728e-04 -1.21367945e-04  3.82983725e-04  9.99999919e-01
  6.04763606e-04 -6.89009175e-03  5.33072538e-03  7.03078389e-01
 -5.09393311e+00  5.41735744e+00  6.60924911e-01  1.89324832e+00
 -3.68179798e+00  1.57160330e+00  3.32034290e-01  2.88445354e+00
 -1.58624017e+00  1.83957541e+00  2.56811887e-01]","[-1.7464161e-05  8.8489056e-04 -8.0252504e-01  1.0000000e+00
  4.1246414e-05  1.2135506e-04 -4.1186810e-05  1.0000000e+00
 -3.8295984e-04 -1.2135506e-04  3.8301945e-04  1.0000000e+00
  6.0439110e-05 -6.8902969e-04  5.3310394e-04 -7.7362186e-01
 -8.4898883e-01  9.0289295e-01  1.6523123e-01 -3.7510520e-01
 -6.1363298e-01  2.6193392e-01  8.3008528e-02 -4.3209910e-02
 -2.6437336e-01  3.0659592e-01  6.4203024e-02]"
82.05,[-8.50049764e-05  4.41887323e-03  4.93591011e-01],"[[ 9.99999992e-01  2.70820891e-05  1.24313483e-04]
 [-2.70344608e-05  9.99999926e-01 -3.83116386e-04]
 [-1.24323849e-04  3.83113022e-04  9.99999919e-01]]",[ 0.00060584 -0.00688526  0.00548121],[ 2.341508   -2.9699368   2.64805     0.33896962],[ 0.00076282 -0.00305563  0.01699062],"[-8.50049764e-05  4.41887323e-03  4.93591011e-01  9.99999992e-01
  2.70820891e-05  1.24313483e-04 -2.70344608e-05  9.99999926e-01
 -3.83116386e-04 -1.24323849e-04  3.83113022e-04  9.99999919e-01
  6.05844746e-04 -6.88525564e-03  5.48121229e-03  1.89324832e+00
 -3.68179798e+00  1.57160330e+00  3.32034290e-01  2.88445354e+00
 -1.58624017e+00  1.83957541e+00  2.56811887e-01  2.80736828e+00
 -2.80477262e+00  2.53668809e+00  2.90706217e-01]","[-1.6987324e-05  8.8381767e-04 -8.0256361e-01  1.0000000e+00
  2.7060509e-05  1.2433529e-04 -2.7060509e-05  1.0000000e+00
 -3.8313866e-04 -1.2433529e-04  3.8313866e-04  1.0000000e+00
  6.0558319e-05 -6.8855286e-04  5.4812431e-04 -3.7510520e-01
 -6.1363298e-01  2.6193392e-01  8.3008528e-02 -4.3209910e-02
 -2.6437336e-01  3.0659592e-01  6.4203024e-02 -6.9021165e-02
 -4.6746206e-01  4.2278135e-01  7.2676539e-02]"
82.057,[-8.27385957e-05  4.41235024e-03  4.93499607e-01],"[[ 9.99999987e-01  2.67491539e-05  1.59916292e-04]
 [-2.66930467e-05  9.99999938e-01 -3.50845241e-04]
 [-1.59925667e-04  3.50840968e-04  9.99999926e-01]]",[ 0.0006088  -0.00687985  0.00563243],[ 2.2240162 -3.246978   2.099728   0.384369 ],[ 0.00076282 -0.00305563  0.01699062],"[-8.27385957e-05  4.41235024e-03  4.93499607e-01  9.99999987e-01
  2.67491539e-05  1.59916292e-04 -2.66930467e-05  9.99999938e-01
 -3.50845241e-04 -1.59925667e-04  3.50840968e-04  9.99999926e-01
  6.08799628e-04 -6.87984600e-03  5.63242881e-03  2.88445354e+00
 -1.58624017e+00  1.83957541e+00  2.56811887e-01  2.80736828e+00
 -2.80477262e+00  2.53668809e+00  2.90706217e-01  2.34150791e+00
 -2.96993685e+00  2.64805007e+00  3.38969618e-01]","[-1.6570091e-05  8.8250637e-04 -8.0260015e-01  1.0000000e+00
  2.6702881e-05  1.5985966e-04 -2.6702881e-05  1.0000000e+00
 -3.5083294e-04 -1.5991926e-04  3.5083294e-04  1.0000000e+00
  6.0915947e-05 -6.8795681e-04  5.6326389e-04 -4.3209910e-02
 -2.6437336e-01  3.0659592e-01  6.4203024e-02 -6.9021165e-02
 -4.6746206e-01  4.2278135e-01  7.2676539e-02 -2.2500986e-01
 -4.9498945e-01  4.4134176e-01  8.4742427e-02]"
82.064,[-7.78427493e-05  4.39582253e-03  4.93353248e-01],"[[ 9.99999985e-01  3.09639765e-05  1.72583549e-04]
 [-3.09075934e-05  9.99999946e-01 -3.26693096e-04]
 [-1.72593656e-04  3.26687757e-04  9.99999932e-01]]",[ 0.00062035 -0.0068247   0.00583202],[ 2.447454   -2.5186934   2.1738164   0.34801006],[0.00088617 0.00077537 0.00980973],"[-7.78427493e-05  4.39582253e-03  4.93353248e-01  9.99999985e-01
  3.09639765e-05  1.72583549e-04 -3.09075934e-05  9.99999946e-01
 -3.26693096e-04 -1.72593656e-04  3.26687757e-04  9.99999932e-01
  6.20345372e-04 -6.82470290e-03  5.83202434e-03  2.80736828e+00
 -2.80477262e+00  2.53668809e+00  2.90706217e-01  2.34150791e+00
 -2.96993685e+00  2.64805007e+00  3.38969618e-01  2.22401619e+00
 -3.24697804e+00  2.09972811e+00  3.84368986e-01]","[-1.5556812e-05  8.7916851e-04 -8.0265868e-01  1.0000000e+00
  3.0994415e-05  1.7261505e-04 -3.0934811e-05  1.0000000e+00
 -3.2669306e-04 -1.7261505e-04  3.2663345e-04  1.0000000e+00
  6.1988831e-05 -6.8241358e-04  5.8317184e-04 -6.9021165e-02
 -4.6746206e-01  4.2278135e-01  7.2676539e-02 -2.2500986e-01
 -4.9498945e-01  4.4134176e-01  8.4742427e-02 -2.6435083e-01
 -5.4116297e-01  3.4995461e-01  9.6092224e-02]"
82.078,[-7.51963307e-05  4.38625040e-03  4.93297040e-01],"[[ 9.99999977e-01  7.00660139e-05  2.02751821e-04]
 [-7.00301044e-05  9.99999982e-01 -1.77112392e-04]
 [-2.02764226e-04  1.77098189e-04  9.99999964e-01]]",[ 0.00062752 -0.00676837  0.0059223 ],[ 2.4255018  -2.7265391   2.4638824   0.32347962],[0.00114134 0.00417957 0.0098094 ],"[-7.51963307e-05  4.38625040e-03  4.93297040e-01  9.99999977e-01
  7.00660139e-05  2.02751821e-04 -7.00301044e-05  9.99999982e-01
 -1.77112392e-04 -2.02764226e-04  1.77098189e-04  9.99999964e-01
  6.27524562e-04 -6.76836723e-03  5.92230379e-03  2.34150791e+00
 -2.96993685e+00  2.64805007e+00  3.38969618e-01  2.22401619e+00
 -3.24697804e+00  2.09972811e+00  3.84368986e-01  2.44745398e+00
 -2.51869345e+00  2.17381644e+00  3.48010063e-01]","[-1.5079975e-05  8.7726116e-04 -8.0268121e-01  1.0000000e+00
  7.0095062e-05  2.0277500e-04 -7.0035458e-05  1.0000000e+00
 -1.7708540e-04 -2.0277500e-04  1.7714500e-04  1.0000000e+00
  6.2823296e-05 -6.7681074e-04  5.9223175e-04 -2.2500986e-01
 -4.9498945e-01  4.4134176e-01  8.4742427e-02 -2.6435083e-01
 -5.4116297e-01  3.4995461e-01  9.6092224e-02 -1.8953490e-01
 -4.1978222e-01  3.6230278e-01  8.7002516e-02]"
82.085,[-7.24179772e-05  4.37596906e-03  4.93244469e-01],"[[ 9.99999976e-01  9.53462858e-05  1.98531120e-04]
 [-9.53260492e-05  9.99999990e-01 -1.01938624e-04]
 [-1.98540837e-04  1.01919696e-04  9.99999975e-01]]",[ 0.0006339  -0.00670636  0.00601939],[ 2.4308188 -2.8143582  2.378995   0.3066003],[0.00114134 0.00417957 0.0098094 ],"[-7.24179772e-05  4.37596906e-03  4.93244469e-01  9.99999976e-01
  9.53462858e-05  1.98531120e-04 -9.53260492e-05  9.99999990e-01
 -1.01938624e-04 -1.98540837e-04  1.01919696e-04  9.99999975e-01
  6.33900447e-04 -6.70635627e-03  6.01938627e-03  2.22401619e+00
 -3.24697804e+00  2.09972811e+00  3.84368986e-01  2.44745398e+00
 -2.51869345e+00  2.17381644e+00  3.48010063e-01  2.42550182e+00
 -2.72653913e+00  2.46388245e+00  3.23479623e-01]","[-1.4483929e-05  8.7523460e-04 -8.0270219e-01  1.0000000e+00
  9.5367432e-05  1.9848347e-04 -9.5307827e-05  1.0000000e+00
 -1.0192394e-04 -1.9854307e-04  1.0192394e-04  1.0000000e+00
  6.3419342e-05 -6.7061186e-04  6.0200691e-04 -2.6435083e-01
 -5.4116297e-01  3.4995461e-01  9.6092224e-02 -1.8953490e-01
 -4.1978222e-01  3.6230278e-01  8.7002516e-02 -1.9688535e-01
 -4.5442319e-01  4.1064715e-01  8.0869913e-02]"
82.093,[-6.95245617e-05  4.36503440e-03  4.93195355e-01],"[[ 9.99999982e-01  1.25517264e-04  1.44925414e-04]
 [-1.25509357e-04  9.99999991e-01 -5.45701747e-05]
 [-1.44932262e-04  5.45519842e-05  9.99999988e-01]]",[ 0.00063771 -0.00664291  0.00611681],[ 2.4009457  -2.899787    2.2760012   0.33502898],[ 4.95047003e-04  4.68996111e-03 -8.18583731e-01],"[-6.95245617e-05  4.36503440e-03  4.93195355e-01  9.99999982e-01
  1.25517264e-04  1.44925414e-04 -1.25509357e-04  9.99999991e-01
 -5.45701747e-05 -1.44932262e-04  5.45519842e-05  9.99999988e-01
  6.37710547e-04 -6.64291298e-03  6.11681250e-03  2.44745398e+00
 -2.51869345e+00  2.17381644e+00  3.48010063e-01  2.42550182e+00
 -2.72653913e+00  2.46388245e+00  3.23479623e-01  2.43081880e+00
 -2.81435823e+00  2.37899494e+00  3.06600302e-01]","[-1.3887882e-05  8.7296963e-04 -8.0272186e-01  1.0000000e+00
  1.2552738e-04  1.4495850e-04 -1.2552738e-04  1.0000000e+00
 -5.4597855e-05 -1.4495850e-04  5.4597855e-05  1.0000000e+00
  6.3776970e-05 -6.6429377e-04  6.1166286e-04 -1.8953490e-01
 -4.1978222e-01  3.6230278e-01  8.7002516e-02 -1.9688535e-01
 -4.5442319e-01  4.1064715e-01  8.0869913e-02 -1.9510502e-01
 -4.6905971e-01  3.9649916e-01  7.6650023e-02]"
82.103,[-6.35371252e-05  4.34113760e-03  4.92726207e-01],"[[ 9.99999986e-01  1.33777432e-04  1.02082129e-04]
 [-1.33770753e-04  9.99999989e-01 -6.54340577e-05]
 [-1.02090881e-04  6.54204012e-05  9.99999993e-01]]",[ 0.00062707 -0.00656009 -0.05362273],[ 2.5063527  -2.731785    2.2538126   0.32231405],[-3.91406144e-04  1.24870616e-04 -5.72280739e+00],"[-6.35371252e-05  4.34113760e-03  4.92726207e-01  9.99999986e-01
  1.33777432e-04  1.02082129e-04 -1.33770753e-04  9.99999989e-01
 -6.54340577e-05 -1.02090881e-04  6.54204012e-05  9.99999993e-01
  6.27066069e-04 -6.56008802e-03 -5.36227267e-02  2.42550182e+00
 -2.72653913e+00  2.46388245e+00  3.23479623e-01  2.43081880e+00
 -2.81435823e+00  2.37899494e+00  3.06600302e-01  2.40094566e+00
 -2.89978695e+00  2.27600121e+00  3.35028976e-01]","[-1.2695789e-05  8.6820126e-04 -8.0290949e-01  1.0000000e+00
  1.3375282e-04  1.0204315e-04 -1.3375282e-04  1.0000000e+00
 -6.5445900e-05 -1.0210276e-04  6.5445900e-05  1.0000000e+00
  6.2823296e-05 -6.5600872e-04 -5.3623319e-03 -1.9688535e-01
 -4.5442319e-01  4.1064715e-01  8.0869913e-02 -1.9510502e-01
 -4.6905971e-01  3.9649916e-01  7.6650023e-02 -2.0510775e-01
 -4.8329782e-01  3.7933350e-01  8.3757281e-02]"
82.112,[-6.05089990e-05  4.32791794e-03  4.92025971e-01],"[[ 9.99999990e-01  1.33607847e-04  3.78121184e-05]
 [-1.33603164e-04  9.99999983e-01 -1.23821613e-04]
 [-3.78286613e-05  1.23816560e-04  9.99999992e-01]]",[ 0.00062164 -0.00653632 -0.10203488],[ 2.5634015  -2.7358785   2.3461435   0.31238052],[-6.95688557e-04  2.24690078e-05 -6.82294250e+00],"[-6.05089990e-05  4.32791794e-03  4.92025971e-01  9.99999990e-01
  1.33607847e-04  3.78121184e-05 -1.33603164e-04  9.99999983e-01
 -1.23821613e-04 -3.78286613e-05  1.23816560e-04  9.99999992e-01
  6.21635059e-04 -6.53631799e-03 -1.02034882e-01  2.43081880e+00
 -2.81435823e+00  2.37899494e+00  3.06600302e-01  2.40094566e+00
 -2.89978695e+00  2.27600121e+00  3.35028976e-01  2.50635266e+00
 -2.73178506e+00  2.25381255e+00  3.22314054e-01]","[-1.2099743e-05  8.6557865e-04 -8.0318964e-01  1.0000000e+00
  1.3363361e-04  3.7789345e-05 -1.3357401e-04  1.0000000e+00
 -1.2379885e-04 -3.7848949e-05  1.2385845e-04  1.0000000e+00
  6.2227249e-05 -6.5362453e-04 -1.0203421e-02 -1.9510502e-01
 -4.6905971e-01  3.9649916e-01  7.6650023e-02 -2.0510775e-01
 -4.8329782e-01  3.7933350e-01  8.3757281e-02 -1.6981322e-01
 -4.5529747e-01  3.7563550e-01  8.0578566e-02]"
82.123,[-5.74786027e-05  4.31383448e-03  4.90854383e-01],"[[ 9.99999991e-01  1.33267877e-04 -5.03560215e-06]
 [-1.33268783e-04  9.99999975e-01 -1.80527607e-04]
 [ 5.01154349e-06  1.80528276e-04  9.99999984e-01]]",[ 0.00060587 -0.00652234 -0.16349235],[ 2.6547186  -2.7543836   2.2986965   0.29214242],[-8.17795347e-04  6.39742218e-05 -7.99101414e+00],"[-5.74786027e-05  4.31383448e-03  4.90854383e-01  9.99999991e-01
  1.33267877e-04 -5.03560215e-06 -1.33268783e-04  9.99999975e-01
 -1.80527607e-04  5.01154349e-06  1.80528276e-04  9.99999984e-01
  6.05869555e-04 -6.52233594e-03 -1.63492351e-01  2.40094566e+00
 -2.89978695e+00  2.27600121e+00  3.35028976e-01  2.50635266e+00
 -2.73178506e+00  2.25381255e+00  3.22314054e-01  2.56340146e+00
 -2.73587847e+00  2.34614348e+00  3.12380522e-01]","[-1.1503696e-05  8.6283684e-04 -8.0365825e-01  1.0000000e+00
  1.3327599e-04 -5.0067902e-06 -1.3327599e-04  1.0000000e+00
 -1.8054247e-04  5.0067902e-06  1.8048286e-04  1.0000000e+00
  6.0558319e-05 -6.5219402e-04 -1.6349196e-02 -2.0510775e-01
 -4.8329782e-01  3.7933350e-01  8.3757281e-02 -1.6981322e-01
 -4.5529747e-01  3.7563550e-01  8.0578566e-02 -1.5071100e-01
 -4.5597970e-01  3.9102399e-01  7.8095078e-02]"
82.132,[-5.44524737e-05  4.29890957e-03  4.89162713e-01],"[[ 9.99999989e-01  1.33090131e-04 -6.93047063e-05]
 [-1.33109350e-04  9.99999953e-01 -2.77381607e-04]
 [ 6.92677862e-05  2.77390829e-04  9.99999959e-01]]",[ 0.00060383 -0.00648975 -0.23217313],[ 2.7398083  -2.7547657   2.2724211   0.28998926],[-9.02260786e-04  1.76392672e-05 -8.45908076e+00],"[-5.44524737e-05  4.29890957e-03  4.89162713e-01  9.99999989e-01
  1.33090131e-04 -6.93047063e-05 -1.33109350e-04  9.99999953e-01
 -2.77381607e-04  6.92677862e-05  2.77390829e-04  9.99999959e-01
  6.03829861e-04 -6.48975279e-03 -2.32173130e-01  2.50635266e+00
 -2.73178506e+00  2.25381255e+00  3.22314054e-01  2.56340146e+00
 -2.73587847e+00  2.34614348e+00  3.12380522e-01  2.65471864e+00
 -2.75438356e+00  2.29869652e+00  2.92142421e-01]","[-1.0848045e-05  8.5973740e-04 -8.0433488e-01  1.0000000e+00
  1.3303757e-04 -6.9320202e-05 -1.3309717e-04  1.0000000e+00
 -2.7740002e-04  6.9260597e-05  2.7740002e-04  1.0000000e+00
  6.0439110e-05 -6.4897537e-04 -2.3217261e-02 -1.6981322e-01
 -4.5529747e-01  3.7563550e-01  8.0578566e-02 -1.5071100e-01
 -4.5597970e-01  3.9102399e-01  7.8095078e-02 -1.2013435e-01
 -4.5906389e-01  3.8311613e-01  7.3035598e-02]"
82.142,[-4.78459624e-05  4.26733354e-03  4.84419405e-01],"[[ 9.99999854e-01  5.39150750e-05  5.38271005e-04]
 [-5.41494380e-05  9.99999904e-01  4.35394584e-04]
 [-5.38247479e-04 -4.35423667e-04  9.99999760e-01]]",[ 0.00075807 -0.00621714 -0.31123739],[ 2.8496056 -2.7115893  2.2368019  0.280063 ],[ 1.25890159e-03  3.03299111e-03 -3.74489749e+00],"[-4.78459624e-05  4.26733354e-03  4.84419405e-01  9.99999854e-01
  5.39150750e-05  5.38271005e-04 -5.41494380e-05  9.99999904e-01
  4.35394584e-04 -5.38247479e-04 -4.35423667e-04  9.99999760e-01
  7.58069683e-04 -6.21714490e-03 -3.11237395e-01  2.56340146e+00
 -2.73587847e+00  2.34614348e+00  3.12380522e-01  2.65471864e+00
 -2.75438356e+00  2.29869652e+00  2.92142421e-01  2.73980832e+00
 -2.75476575e+00  2.27242112e+00  2.89989263e-01]","[-9.5367432e-06  8.5341930e-04 -8.0623221e-01  9.9999988e-01
  5.3882599e-05  5.3822994e-04 -5.4121017e-05  9.9999988e-01
  4.3535233e-04 -5.3822994e-04 -4.3541193e-04  9.9999976e-01
  7.5817108e-05 -6.2167645e-04 -3.1123698e-02 -1.5071100e-01
 -4.5597970e-01  3.9102399e-01  7.8095078e-02 -1.2013435e-01
 -4.5906389e-01  3.8311613e-01  7.3035598e-02 -9.1642916e-02
 -4.5912760e-01  3.7873685e-01  7.2497368e-02]"
82.155,[-4.01849429e-05  4.25567757e-03  4.81813937e-01],"[[ 9.99990445e-01 -6.14423483e-04  4.32803694e-03]
 [ 5.92318189e-04  9.99986784e-01  5.10689574e-03]
 [-4.33111754e-03 -5.10428337e-03  9.99977594e-01]]",[ 0.00293231 -0.0035676  -0.31516775],[ 2.859505   -2.6544194   2.234448    0.28461733],[ 0.06158958  0.08043807 -0.64368005],"[-4.01849429e-05  4.25567757e-03  4.81813937e-01  9.99990445e-01
 -6.14423483e-04  4.32803694e-03  5.92318189e-04  9.99986784e-01
  5.10689574e-03 -4.33111754e-03 -5.10428337e-03  9.99977594e-01
  2.93230967e-03 -3.56759576e-03 -3.15167755e-01  2.65471864e+00
 -2.75438356e+00  2.29869652e+00  2.92142421e-01  2.73980832e+00
 -2.75476575e+00  2.27242112e+00  2.89989263e-01  2.84960556e+00
 -2.71158934e+00  2.23680186e+00  2.80063003e-01]","[-7.9870224e-06  8.5115433e-04 -8.0727440e-01  9.9999046e-01
 -6.1440468e-04  4.3280125e-03  5.9235096e-04  9.9998677e-01
  5.1069260e-03 -4.3311119e-03 -5.1043034e-03  9.9997759e-01
  2.9325485e-04 -3.5673380e-04 -3.1516731e-02 -1.2013435e-01
 -4.5906389e-01  3.8311613e-01  7.3035598e-02 -9.1642916e-02
 -4.5912760e-01  3.7873685e-01  7.2497368e-02 -5.4878414e-02
 -4.5193154e-01  3.7280035e-01  7.0015788e-02]"
82.162,[-1.62979068e-05  4.26168926e-03  4.79213238e-01],"[[ 0.99966917 -0.00413794  0.02538545]
 [ 0.00342757  0.99960307  0.02796332]
 [-0.02549108 -0.02786706  0.99928656]]",[ 0.01155684  0.00570262 -0.30768414],[ 2.978846  -2.2846022  1.8469486  0.2293719],[0.30860174 0.34992706 0.35168682],"[-1.62979068e-05  4.26168926e-03  4.79213238e-01  9.99669174e-01
 -4.13794162e-03  2.53854470e-02  3.42757159e-03  9.99603073e-01
  2.79633249e-02 -2.54910815e-02 -2.78670634e-02  9.99286561e-01
  1.15568381e-02  5.70262053e-03 -3.07684144e-01  2.73980832e+00
 -2.75476575e+00  2.27242112e+00  2.89989263e-01  2.84960556e+00
 -2.71158934e+00  2.23680186e+00  2.80063003e-01  2.85950494e+00
 -2.65441942e+00  2.23444796e+00  2.84617335e-01]","[-3.2186508e-06  8.5234642e-04 -8.0831468e-01  9.9966919e-01
 -4.1379333e-03  2.5385499e-02  3.4276247e-03  9.9960303e-01
  2.7963281e-02 -2.5491059e-02 -2.7867079e-02  9.9928653e-01
  1.1557341e-03  5.7029724e-04 -3.0768394e-02 -9.1642916e-02
 -4.5912760e-01  3.7873685e-01  7.2497368e-02 -5.4878414e-02
 -4.5193154e-01  3.7280035e-01  7.0015788e-02 -5.1563680e-02
 -4.4240320e-01  3.7240791e-01  7.1154356e-02]"
82.173,[5.08734920e-05 4.31529572e-03 4.76733625e-01],"[[ 0.99762736 -0.01250896  0.06769917]
 [ 0.0073624   0.99710017  0.07574327]
 [-0.06845032 -0.07506513  0.99482651]]",[ 0.01279472  0.00738869 -0.28590745],[ 3.1486201 -1.6213856  1.4257444  0.1483993],[1.28764563 1.44161737 3.87267324],"[ 5.08734920e-05  4.31529572e-03  4.76733625e-01  9.97627360e-01
 -1.25089608e-02  6.76991665e-02  7.36239934e-03  9.97100172e-01
  7.57432657e-02 -6.84503201e-02 -7.50651259e-02  9.94826508e-01
  1.27947179e-02  7.38869295e-03 -2.85907447e-01  2.84960556e+00
 -2.71158934e+00  2.23680186e+00  2.80063003e-01  2.85950494e+00
 -2.65441942e+00  2.23444796e+00  2.84617335e-01  2.97884607e+00
 -2.28460217e+00  1.84694862e+00  2.29371905e-01]","[ 1.0251999e-05  8.6307526e-04 -8.0930656e-01  9.9762738e-01
 -1.2508988e-02  6.7699194e-02  7.3623657e-03  9.9710011e-01
  7.5743318e-02 -6.8450332e-02 -7.5065136e-02  9.9482656e-01
  1.2794733e-03  7.3897839e-04 -2.8590739e-02 -5.4878414e-02
 -4.5193154e-01  3.7280035e-01  7.0015788e-02 -5.1563680e-02
 -4.4240320e-01  3.7240791e-01  7.1154356e-02 -1.1603475e-02
 -3.8076699e-01  3.0782485e-01  5.7343006e-02]"
82.183,[0.00049148 0.00476934 0.47253767],"[[ 0.99482247 -0.02088046  0.09945983]
 [ 0.00944308  0.99342371  0.11410589]
 [-0.10118834 -0.1125759   0.98847741]]",[ 0.05372684  0.05432989 -0.20417284],[ 3.045645   -1.297666    1.4272594   0.11085254],[1.9143134  2.18877998 4.52594481],"[ 4.91475861e-04  4.76933969e-03  4.72537667e-01  9.94822471e-01
 -2.08804580e-02  9.94598302e-02  9.44308158e-03  9.93423713e-01
  1.14105889e-01 -1.01188337e-01 -1.12575896e-01  9.88477409e-01
  5.37268372e-02  5.43298899e-02 -2.04172843e-01  2.85950494e+00
 -2.65441942e+00  2.23444796e+00  2.84617335e-01  2.97884607e+00
 -2.28460217e+00  1.84694862e+00  2.29371905e-01  3.14862013e+00
 -1.62138557e+00  1.42574441e+00  1.48399293e-01]","[ 9.8347664e-05  9.5391273e-04 -8.1098491e-01  9.9482250e-01
 -2.0880461e-02  9.9459887e-02  9.4430447e-03  9.9342370e-01
  1.1410594e-01 -1.0118836e-01 -1.1257589e-01  9.8847747e-01
  5.3727627e-03  5.4329634e-03 -2.0417273e-02 -5.1563680e-02
 -4.4240320e-01  3.7240791e-01  7.1154356e-02 -1.1603475e-02
 -3.8076699e-01  3.0782485e-01  5.7343006e-02  4.5243621e-02
 -2.7023089e-01  2.3762417e-01  3.7099838e-02]"
82.193,[0.00096506 0.00529401 0.47099462],"[[ 0.99160018 -0.03015237  0.12577723]
 [ 0.01119149  0.98880208  0.14881262]
 [-0.12885584 -0.14615499  0.98083377]]",[ 0.07248505  0.07777113 -0.15479241],[ 2.9350421  -1.192442    1.2626876   0.08567207],[3.06528111 3.63431212 6.89598472],"[ 9.65061947e-04  5.29401470e-03  4.70994622e-01  9.91600183e-01
 -3.01523709e-02  1.25777228e-01  1.11914948e-02  9.88802081e-01
  1.48812620e-01 -1.28855838e-01 -1.46154986e-01  9.80833774e-01
  7.24850512e-02  7.77711338e-02 -1.54792414e-01  2.97884607e+00
 -2.28460217e+00  1.84694862e+00  2.29371905e-01  3.14862013e+00
 -1.62138557e+00  1.42574441e+00  1.48399293e-01  3.04564500e+00
 -1.29766595e+00  1.42725945e+00  1.10852540e-01]","[ 1.9299984e-04  1.0588169e-03 -8.1160212e-01  9.9160016e-01
 -3.0152380e-02  1.2577724e-01  1.1191487e-02  9.8880208e-01
  1.4881265e-01 -1.2885582e-01 -1.4615500e-01  9.8083377e-01
  7.2485209e-03  7.7770948e-03 -1.5479267e-02 -1.1603475e-02
 -3.8076699e-01  3.0782485e-01  5.7343006e-02  4.5243621e-02
 -2.7023089e-01  2.3762417e-01  3.7099838e-02  1.0763526e-02
 -2.1627766e-01  2.3787665e-01  2.7713180e-02]"
82.209,[0.0016569  0.00608478 0.46988899],"[[ 0.98906163 -0.03833271  0.14243486]
 [ 0.01316444  0.98472805  0.17360114]
 [-0.14691421 -0.16982715  0.97446137]]",[ 0.10343861  0.11499142 -0.09413575],[ 2.872167   -0.98514897  1.0779821   0.07150131],[4.02546245 5.03029549 8.9013088 ],"[ 1.65690237e-03  6.08478440e-03  4.69888985e-01  9.89061633e-01
 -3.83327146e-02  1.42434862e-01  1.31644426e-02  9.84728055e-01
  1.73601140e-01 -1.46914207e-01 -1.69827152e-01  9.74461366e-01
  1.03438615e-01  1.14991419e-01 -9.41357464e-02  3.14862013e+00
 -1.62138557e+00  1.42574441e+00  1.48399293e-01  3.04564500e+00
 -1.29766595e+00  1.42725945e+00  1.10852540e-01  2.93504214e+00
 -1.19244206e+00  1.26268756e+00  8.56720656e-02]","[ 3.31401825e-04  1.21700764e-03 -8.12044382e-01  9.89061594e-01
 -3.83327007e-02  1.42434835e-01  1.31644011e-02  9.84728098e-01
  1.73601151e-01 -1.46914244e-01 -1.69827163e-01  9.74461317e-01
  1.03439093e-02  1.14991665e-02 -9.41354036e-03  4.52436209e-02
 -2.70230889e-01  2.37624168e-01  3.70998383e-02  1.07635260e-02
 -2.16277659e-01  2.37876654e-01  2.77131796e-02 -2.62708068e-02
 -1.98740304e-01  2.10448027e-01  2.14179754e-02]"
82.221,[0.00258768 0.00717219 0.4692696 ],"[[ 0.98743636 -0.04574763  0.1512501 ]
 [ 0.01670516  0.98203281  0.18796939]
 [-0.15713171 -0.18308116  0.97045913]]",[ 0.13332286  0.15164502 -0.03010928],[ 2.7981281  -0.831642    1.0072306   0.06375471],[4.10473447 5.00966702 9.28913968],"[ 2.58768490e-03  7.17218779e-03  4.69269603e-01  9.87436359e-01
 -4.57476304e-02  1.51250097e-01  1.67051628e-02  9.82032812e-01
  1.87969394e-01 -1.57131712e-01 -1.83081156e-01  9.70459126e-01
  1.33322858e-01  1.51645022e-01 -3.01092753e-02  3.04564500e+00
 -1.29766595e+00  1.42725945e+00  1.10852540e-01  2.93504214e+00
 -1.19244206e+00  1.26268756e+00  8.56720656e-02  2.87216711e+00
 -9.85148966e-01  1.07798207e+00  7.15013146e-02]","[ 5.17606735e-04  1.43444538e-03 -8.12292159e-01  9.87436295e-01
 -4.57476377e-02  1.51250124e-01  1.67051554e-02  9.82032776e-01
  1.87969446e-01 -1.57131732e-01 -1.83081150e-01  9.70459104e-01
  1.33322477e-02  1.51644945e-02 -3.01092863e-03  1.07635260e-02
 -2.16277659e-01  2.37876654e-01  2.77131796e-02 -2.62708068e-02
 -1.98740304e-01  2.10448027e-01  2.14179754e-02 -4.73238826e-02
 -1.64191484e-01  1.79663658e-01  1.78753138e-02]"
82.232,[0.00522213 0.01029683 0.46976757],"[[ 0.9873441  -0.04479145  0.152136  ]
 [ 0.01616747  0.98271754  0.18440402]
 [-0.15776644 -0.17961057  0.97100453]]",[0.19796386 0.23154579 0.11220974],[ 2.573529   -0.934524    1.0870379   0.07731539],[4.10769934 4.72842971 8.46742338],"[ 0.00522213  0.01029683  0.46976757  0.9873441  -0.04479145  0.152136
  0.01616747  0.98271754  0.18440402 -0.15776644 -0.17961057  0.97100453
  0.19796386  0.23154579  0.11220974  2.93504214 -1.19244206  1.26268756
  0.08567207  2.87216711 -0.98514897  1.07798207  0.07150131  2.79812813
 -0.83164197  1.00723064  0.06375471]","[ 0.00104451  0.00205934 -0.81209296  0.987344   -0.04479146  0.15213597
  0.01616752  0.9827175   0.18440402 -0.15776646 -0.17961055  0.9710045
  0.01979637  0.02315462  0.01122093 -0.02627081 -0.1987403   0.21044803
  0.02141798 -0.04732388 -0.16419148  0.17966366  0.01787531 -0.07211512
 -0.13860703  0.16787183  0.01593864]"
82.244,[0.00693371 0.01234744 0.47202206],"[[ 0.98645677 -0.04251287  0.15841623]
 [ 0.0129948   0.98304681  0.1828937 ]
 [-0.16350591 -0.17835815  0.97028562]]",[0.23247913 0.27020896 0.18080342],[ 2.469793   -1.0150797   0.9680319   0.07512536],[4.45281083 4.83627527 8.22401526],"[ 0.00693371  0.01234744  0.47202206  0.98645677 -0.04251287  0.15841623
  0.0129948   0.98304681  0.1828937  -0.16350591 -0.17835815  0.97028562
  0.23247913  0.27020896  0.18080342  2.87216711 -0.98514897  1.07798207
  0.07150131  2.79812813 -0.83164197  1.00723064  0.06375471  2.57352901
 -0.934524    1.08703792  0.07731539]","[ 0.00138676  0.00246942 -0.8111912   0.98645675 -0.04251289  0.15841627
  0.01299477  0.98304677  0.18289375 -0.16350591 -0.17835814  0.97028565
  0.02324796  0.02702093  0.01808035 -0.04732388 -0.16419148  0.17966366
  0.01787531 -0.07211512 -0.13860703  0.16787183  0.01593864 -0.14731991
 -0.15575397  0.18117309  0.01932883]"
82.253,[0.01125369 0.01741005 0.47803643],"[[ 0.97515944 -0.04431228  0.21702648]
 [-0.00616188  0.97397929  0.22655325]
 [-0.22141839 -0.22226283  0.94951205]]",[0.2959928  0.34309425 0.33716046],[ 2.6437316  -0.8250039  -0.1035934   0.04847543],[5.41744756 5.62465569 7.69653299],"[ 0.01125369  0.01741005  0.47803643  0.97515944 -0.04431228  0.21702648
 -0.00616188  0.97397929  0.22655325 -0.22141839 -0.22226283  0.94951205
  0.2959928   0.34309425  0.33716046  2.79812813 -0.83164197  1.00723064
  0.06375471  2.57352901 -0.934524    1.08703792  0.07731539  2.46979308
 -1.01507974  0.96803188  0.07512536]","[ 0.00225079  0.0034821  -0.80878544  0.9751594  -0.0443123   0.21702647
 -0.00616187  0.97397923  0.2265532  -0.22141838 -0.22226286  0.949512
  0.02959931  0.03430939  0.03371608 -0.07211512 -0.13860703  0.16787183
  0.01593864 -0.14731991 -0.15575397  0.18117309  0.01932883 -0.18205488
 -0.16917992  0.16133869  0.0187813 ]"
82.268,[0.01692686 0.02387246 0.48583955],"[[ 0.97046492 -0.050346    0.23593032]
 [-0.01070899  0.96802621  0.25062039]
 [-0.24100446 -0.24574488  0.93889632]]",[0.3958869  0.44182446 0.41468713],[ 2.6065025  -0.1420558  -0.07838085  0.02864418],[4.93846485 5.5940559  5.78898905],"[ 0.01692686  0.02387246  0.48583955  0.97046492 -0.050346    0.23593032
 -0.01070899  0.96802621  0.25062039 -0.24100446 -0.24574488  0.93889632
  0.3958869   0.44182446  0.41468713  2.57352901 -0.934524    1.08703792
  0.07731539  2.46979308 -1.01507974  0.96803188  0.07512536  2.64373159
 -0.82500392 -0.1035934   0.04847543]","[ 0.00338542  0.00477445 -0.8056642   0.97046494 -0.05034602  0.23593032
 -0.01070899  0.96802616  0.25062037 -0.24100447 -0.24574488  0.9388963
  0.03958881  0.04418254  0.04146874 -0.14731991 -0.15575397  0.18117309
  0.01932883 -0.18205488 -0.16917992  0.16133869  0.0187813  -0.12381327
 -0.13750064 -0.01726556  0.01211882]"
82.28,[0.02024413 0.0276242  0.49030548],"[[ 0.96603477 -0.06179851  0.25091385]
 [-0.01180557  0.95941517  0.28175017]
 [-0.25814229 -0.27514264  0.92609885]]",[0.43050463 0.46911817 0.48497784],[ 2.449429   -0.19298935 -0.02963262  0.05021798],[5.47171967 5.51847708 4.61002736],"[ 0.02024413  0.0276242   0.49030548  0.96603477 -0.06179851  0.25091385
 -0.01180557  0.95941517  0.28175017 -0.25814229 -0.27514264  0.92609885
  0.43050463  0.46911817  0.48497784  2.46979308 -1.01507974  0.96803188
  0.07512536  2.64373159 -0.82500392 -0.1035934   0.04847543  2.60650253
 -0.14205579 -0.07838085  0.02864418]","[ 0.00404882  0.00552487 -0.80387783  0.96603477 -0.06179851  0.25091386
 -0.01180559  0.9594152   0.2817502  -0.2581423  -0.27514267  0.9260988
  0.04305053  0.04691184  0.0484978  -0.18205488 -0.16917992  0.16133869
  0.0187813  -0.12381327 -0.13750064 -0.01726556  0.01211882 -0.13627905
 -0.02367598 -0.01306349  0.00716102]"
82.291,[0.02388027 0.03173516 0.49509552],"[[ 0.96495932 -0.06872224  0.25324054]
 [-0.00903499  0.95582118  0.29380988]
 [-0.26224394 -0.2858026   0.92170765]]",[0.47705218 0.53181952 0.50112068],[ 2.3569002  -0.1904125   0.04257888  0.05625877],[5.19788652 5.21794754 3.69658409],"[ 0.02388027  0.03173516  0.49509552  0.96495932 -0.06872224  0.25324054
 -0.00903499  0.95582118  0.29380988 -0.26224394 -0.2858026   0.92170765
  0.47705218  0.53181952  0.50112068  2.64373159 -0.82500392 -0.1035934
  0.04847543  2.60650253 -0.14205579 -0.07838085  0.02864418  2.44942904
 -0.19298935 -0.02963262  0.05021798]","[ 0.00477612  0.00634706 -0.8019618   0.9649594  -0.06872225  0.2532406
 -0.00903499  0.95582116  0.2938099  -0.262244   -0.2858026   0.92170763
  0.04770517  0.05318201  0.05011213 -0.12381327 -0.13750064 -0.01726556
  0.01211882 -0.13627905 -0.02367598 -0.01306349  0.00716102 -0.18887353
 -0.03216487 -0.00493872  0.01255453]"
82.3,[0.02785914 0.0361905  0.50015098],"[[ 0.96436483 -0.07313017  0.25426848]
 [-0.00545168  0.95534471  0.29544335]
 [-0.26451987 -0.28630136  0.92090215]]",[0.52086556 0.57141343 0.53595238],[ 2.3004005  -0.1685395  -0.11683234  0.05767301],[5.20730947 5.1056986  3.68571556],"[ 0.02785914  0.0361905   0.50015098  0.96436483 -0.07313017  0.25426848
 -0.00545168  0.95534471  0.29544335 -0.26451987 -0.28630136  0.92090215
  0.52086556  0.57141343  0.53595238  2.60650253 -0.14205579 -0.07838085
  0.02864418  2.44942904 -0.19298935 -0.02963262  0.05021798  2.35690022
 -0.19041251  0.04257888  0.05625877]","[ 0.00557184  0.00723815 -0.79993963  0.96436477 -0.07313019  0.2542684
 -0.00545168  0.9553447   0.2954433  -0.26451987 -0.28630137  0.92090213
  0.05208659  0.0571413   0.0535953  -0.13627905 -0.02367598 -0.01306349
  0.00716102 -0.18887353 -0.03216487 -0.00493872  0.01255453 -0.2198559
 -0.03173542  0.00709653  0.01406467]"
82.315,[0.03681938 0.0461064  0.51093704],"[[ 0.96353399 -0.07422098  0.25708657]
 [-0.00329508  0.95739858  0.28875092]
 [-0.26756569 -0.27906845  0.92224151]]",[0.6033063  0.66092045 0.5942165 ],[ 2.2386725  -0.10368571 -0.15939581  0.04932862],[5.23175068 4.59896737 3.4963471 ],"[ 0.03681938  0.0461064   0.51093704  0.96353399 -0.07422098  0.25708657
 -0.00329508  0.95739858  0.28875092 -0.26756569 -0.27906845  0.92224151
  0.6033063   0.66092045  0.5942165   2.44942904 -0.19298935 -0.02963262
  0.05021798  2.35690022 -0.19041251  0.04257888  0.05625877  2.3004005
 -0.16853949 -0.11683234  0.05767301]","[ 0.00736392  0.00922132 -0.7956252   0.963534   -0.07422101  0.25708652
 -0.00329506  0.95739865  0.2887509  -0.26756573 -0.27906847  0.92224145
  0.06033063  0.06609201  0.05942166 -0.18887353 -0.03216487 -0.00493872
  0.01255453 -0.2198559  -0.03173542  0.00709653  0.01406467 -0.2387743
 -0.02808988 -0.019472    0.01441824]"
82.325,[0.0471144  0.05735875 0.52257037],"[[ 0.96125709 -0.07186114  0.26612173]
 [-0.00517177  0.96054999  0.2780593 ]
 [-0.27560488 -0.26866279  0.92296384]]",[0.68304537 0.73979415 0.65012037],[ 2.1319783  -0.26557738 -0.27542776  0.05736084],[5.11684254 4.87977026 3.06151635],"[ 0.0471144   0.05735875  0.52257037  0.96125709 -0.07186114  0.26612173
 -0.00517177  0.96054999  0.2780593  -0.27560488 -0.26866279  0.92296384
  0.68304537  0.73979415  0.65012037  2.35690022 -0.19041251  0.04257888
  0.05625877  2.3004005  -0.16853949 -0.11683234  0.05767301  2.23867249
 -0.10368571 -0.15939581  0.04932862]","[ 0.0094229   0.01147175 -0.7909719   0.9612571  -0.07186115  0.26612175
 -0.00517178  0.96055007  0.27805924 -0.27560484 -0.2686628   0.92296386
  0.06830454  0.07397938  0.0650121  -0.2198559  -0.03173542  0.00709653
  0.01406467 -0.2387743  -0.02808988 -0.019472    0.01441824 -0.25944328
 -0.01728094 -0.02656591  0.0123322 ]"
82.332,[0.05275185 0.06345741 0.52866477],"[[ 0.961959   -0.06832402  0.2645122 ]
 [-0.01076354  0.95799133  0.28659511]
 [-0.27298172 -0.27853983  0.92081298]]",[0.72660334 0.78113838 0.67264344],[ 2.1083856   0.02617535 -0.26834717  0.05721365],[4.94014796 5.32278623 2.71920495],"[ 0.05275185  0.06345741  0.52866477  0.961959   -0.06832402  0.2645122
 -0.01076354  0.95799133  0.28659511 -0.27298172 -0.27853983  0.92081298
  0.72660334  0.78113838  0.67264344  2.3004005  -0.16853949 -0.11683234
  0.05767301  2.23867249 -0.10368571 -0.15939581  0.04932862  2.13197827
 -0.26557738 -0.27542776  0.05736084]","[ 0.01055038  0.0126915  -0.7885341   0.961959   -0.06832403  0.26451218
 -0.01076353  0.95799136  0.2865951  -0.27298176 -0.27853984  0.92081296
  0.07266033  0.07811391  0.06726444 -0.2387743  -0.02808988 -0.019472
  0.01441824 -0.25944328 -0.01728094 -0.02656591  0.0123322  -0.29516882
 -0.04426289 -0.04590464  0.01434016]"
82.338,[0.05275185 0.06345741 0.52866477],"[[ 0.961959   -0.06832402  0.2645122 ]
 [-0.01076354  0.95799133  0.28659511]
 [-0.27298172 -0.27853983  0.92081298]]",[0.72660334 0.78113838 0.67264344],[ 2.0733545  -0.06928676 -0.22534627  0.0590371 ],[4.60935669 5.28043448 2.12597703],"[ 0.05275185  0.06345741  0.52866477  0.961959   -0.06832402  0.2645122
 -0.01076354  0.95799133  0.28659511 -0.27298172 -0.27853983  0.92081298
  0.72660334  0.78113838  0.67264344  2.23867249 -0.10368571 -0.15939581
  0.04932862  2.13197827 -0.26557738 -0.27542776  0.05736084  2.10838556
  0.02617535 -0.26834717  0.05721365]","[ 0.01055038  0.0126915  -0.7885341   0.961959   -0.06832403  0.26451218
 -0.01076353  0.95799136  0.2865951  -0.27298176 -0.27853984  0.92081296
  0.07266033  0.07811391  0.06726444 -0.25944328 -0.01728094 -0.02656591
  0.0123322  -0.29516882 -0.04426289 -0.04590464  0.01434016 -0.30306858
  0.00436258 -0.04472452  0.01430345]"
82.345,[0.06494957 0.07667805 0.54130417],"[[ 0.963421   -0.06693703  0.25949837]
 [-0.01344636  0.95501131  0.2962644 ]
 [-0.26765494 -0.28891665  0.9191779 ]]",[0.8007185  0.86661085 0.70975058],[ 2.050136    0.21826167 -0.27271277  0.05572265],[4.60935669 5.28043448 2.12597703],"[ 0.06494957  0.07667805  0.54130417  0.963421   -0.06693703  0.25949837
 -0.01344636  0.95501131  0.2962644  -0.26765494 -0.28891665  0.9191779
  0.8007185   0.86661085  0.70975058  2.13197827 -0.26557738 -0.27542776
  0.05736084  2.10838556  0.02617535 -0.26834717  0.05721365  2.07335448
 -0.06928676 -0.22534627  0.0590371 ]","[ 0.01298988  0.01533568 -0.7834783   0.963421   -0.06693703  0.25949836
 -0.01344639  0.95501137  0.2962644  -0.2676549  -0.28891665  0.9191779
  0.08007181  0.0866611   0.07097507 -0.29516882 -0.04426289 -0.04590464
  0.01434016 -0.30306858  0.00436258 -0.04472452  0.01430345 -0.3147984
 -0.0115478  -0.03755766  0.0147593 ]"
82.351,[0.07147179 0.08379667 0.54778814],"[[ 0.96580991 -0.06704781  0.25043125]
 [-0.01472658  0.95023065  0.31119902]
 [-0.25883266 -0.3042471   0.9167548 ]]",[0.83423664 0.90913406 0.72258343],[ 1.998394    0.4641893  -0.21314207  0.06122198],[4.17012908 5.26529625 1.4176007 ],"[ 0.07147179  0.08379667  0.54778814  0.96580991 -0.06704781  0.25043125
 -0.01472658  0.95023065  0.31119902 -0.25883266 -0.3042471   0.9167548
  0.83423664  0.90913406  0.72258343  2.10838556  0.02617535 -0.26834717
  0.05721365  2.07335448 -0.06928676 -0.22534627  0.0590371   2.05013609
  0.21826167 -0.27271277  0.05572265]","[ 0.01429439  0.01675928 -0.78088474  0.9658098  -0.06704783  0.2504313
 -0.01472658  0.9502306   0.31119895 -0.2588327  -0.30424708  0.9167547
  0.08342361  0.09091341  0.07225835 -0.30306858  0.00436258 -0.04472452
  0.01430345 -0.3147984  -0.0115478  -0.03755766  0.0147593  -0.32257283
  0.03637695 -0.04545212  0.01393068]"
82.357,[0.07147179 0.08379667 0.54778814],"[[ 0.96580991 -0.06704781  0.25043125]
 [-0.01472658  0.95023065  0.31119902]
 [-0.25883266 -0.3042471   0.9167548 ]]",[0.83423664 0.90913406 0.72258343],[ 1.9674144   0.3114667  -0.20448107  0.05862708],[4.17012908 5.26529625 1.4176007 ],"[ 0.07147179  0.08379667  0.54778814  0.96580991 -0.06704781  0.25043125
 -0.01472658  0.95023065  0.31119902 -0.25883266 -0.3042471   0.9167548
  0.83423664  0.90913406  0.72258343  2.07335448 -0.06928676 -0.22534627
  0.0590371   2.05013609  0.21826167 -0.27271277  0.05572265  1.99839401
  0.46418929 -0.21314207  0.06122198]","[ 0.01429439  0.01675928 -0.78088474  0.9658098  -0.06704783  0.2504313
 -0.01472658  0.9502306   0.31119895 -0.2588327  -0.30424708  0.9167547
  0.08342361  0.09091341  0.07225835 -0.3147984  -0.0115478  -0.03755766
  0.0147593  -0.32257283  0.03637695 -0.04545212  0.01393068 -0.33989817
  0.07736492 -0.03552365  0.01530552]"
82.364,[0.07825002 0.09124739 0.55433267],"[[ 0.96676299 -0.06884858  0.24622997]
 [-0.01389791  0.94748627  0.3194943 ]
 [-0.25529624 -0.31229735  0.91503781]]",[0.87046699 0.94147844 0.73387187],[ 1.9560614   0.515148   -0.26489446  0.06230748],[3.80476624 5.05748037 0.59224669],"[ 0.07825002  0.09124739  0.55433267  0.96676299 -0.06884858  0.24622997
 -0.01389791  0.94748627  0.3194943  -0.25529624 -0.31229735  0.91503781
  0.87046699  0.94147844  0.73387187  2.05013609  0.21826167 -0.27271277
  0.05572265  1.99839401  0.46418929 -0.21314207  0.06122198  1.96741438
  0.31146669 -0.20448107  0.05862708]","[ 0.01565003  0.01824951 -0.7782669   0.966763   -0.06884861  0.24623
 -0.0138979   0.9474863   0.31949425 -0.25529623 -0.31229734  0.9150379
  0.08704674  0.09414792  0.07338715 -0.32257283  0.03637695 -0.04545212
  0.01393068 -0.33989817  0.07736492 -0.03552365  0.01530552 -0.3502714
  0.05191112 -0.03408015  0.01465678]"
82.372,[0.08526405 0.09901691 0.56089073],"[[ 0.96699155 -0.07184497  0.24447014]
 [-0.01205615  0.94545228  0.32553744]
 [-0.25452308 -0.31773932  0.91337819]]",[0.89362449 0.9894935  0.73048946],[ 1.932021    0.656004   -0.25405225  0.06328411],[ 3.46199965  4.75953353 -0.25506766],"[ 0.08526405  0.09901691  0.56089073  0.96699155 -0.07184497  0.24447014
 -0.01205615  0.94545228  0.32553744 -0.25452308 -0.31773932  0.91337819
  0.89362449  0.9894935   0.73048946  1.99839401  0.46418929 -0.21314207
  0.06122198  1.96741438  0.31146669 -0.20448107  0.05862708  1.95606136
  0.51514798 -0.26489446  0.06230748]","[ 0.01705289  0.0198034  -0.7756437   0.96699154 -0.071845    0.24447012
 -0.01205617  0.9454522   0.32553744 -0.25452304 -0.3177393   0.91337824
  0.0893625   0.09894931  0.07304895 -0.33989817  0.07736492 -0.03552365
  0.01530552 -0.3502714   0.05191112 -0.03408015  0.01465678 -0.35407287
  0.08585811 -0.04414904  0.01557684]"
82.383,[0.09994403 0.115457   0.57385504],"[[ 0.96628015 -0.07758641  0.245526  ]
 [-0.00796785  0.94405871  0.32968117]
 [-0.25736974 -0.32052068  0.91160699]]",[0.9495157  1.05553511 0.72600085],[ 1.9122866   0.70224684 -0.30578452  0.05936201],[ 3.24638841  4.50607583 -0.91147997],"[ 0.09994403  0.115457    0.57385504  0.96628015 -0.07758641  0.245526
 -0.00796785  0.94405871  0.32968117 -0.25736974 -0.32052068  0.91160699
  0.9495157   1.05553511  0.72600085  1.96741438  0.31146669 -0.20448107
  0.05862708  1.95606136  0.51514798 -0.26489446  0.06230748  1.93202102
  0.65600401 -0.25405225  0.06328411]","[ 0.01998889  0.02309144 -0.770458    0.9662802  -0.07758641  0.24552596
 -0.00796783  0.94405866  0.32968116 -0.25736976 -0.32052064  0.911607
  0.09495151  0.10555351  0.07260013 -0.3502714   0.05191112 -0.03408015
  0.01465678 -0.35407287  0.08585811 -0.04414904  0.01557684 -0.36212254
  0.10933399 -0.04234201  0.01582098]"
82.392,[0.10759006 0.12409966 0.58022547],"[[ 0.96541027 -0.08314689  0.24712264]
 [-0.00277765  0.94445701  0.32862324]
 [-0.26072071 -0.31794267  0.91155755]]",[0.97402733 1.09421395 0.7114189 ],[ 1.8775562   0.7738396  -0.3720621   0.06105977],[ 3.13012589  4.29575307 -1.24667817],"[ 0.10759006  0.12409966  0.58022547  0.96541027 -0.08314689  0.24712264
 -0.00277765  0.94445701  0.32862324 -0.26072071 -0.31794267  0.91155755
  0.97402733  1.09421395  0.7114189   1.95606136  0.51514798 -0.26489446
  0.06230748  1.93202102  0.65600401 -0.25405225  0.06328411  1.91228664
  0.70224684 -0.30578452  0.05936201]","[ 0.02151811  0.02481997 -0.7679098   0.96541023 -0.08314687  0.24712265
 -0.00277764  0.94445705  0.3286233  -0.26072073 -0.31794268  0.91155756
  0.09740281  0.10942137  0.07114196 -0.35407287  0.08585811 -0.04414904
  0.01557684 -0.36212254  0.10933399 -0.04234201  0.01582098 -0.36873037
  0.11704111 -0.05096412  0.01484048]"
82.409,[0.11543007 0.13300826 0.58649468],"[[ 9.65379258e-01 -8.58817878e-02  2.46307138e-01]
 [ 8.95230440e-04  9.45332289e-01  3.26107440e-01]
 [-2.60848780e-01 -3.14596857e-01  9.12681068e-01]]",[0.9980838  1.12908112 0.69422378],[ 1.8346736   0.859032   -0.39679593  0.06020705],[ 2.60697023  3.56389224 -2.46977895],"[ 1.15430072e-01  1.33008257e-01  5.86494684e-01  9.65379258e-01
 -8.58817878e-02  2.46307138e-01  8.95230440e-04  9.45332289e-01
  3.26107440e-01 -2.60848780e-01 -3.14596857e-01  9.12681068e-01
  9.98083805e-01  1.12908112e+00  6.94223779e-01  1.93202102e+00
  6.56004012e-01 -2.54052252e-01  6.32841140e-02  1.91228664e+00
  7.02246845e-01 -3.05784523e-01  5.93620092e-02  1.87755620e+00
  7.73839593e-01 -3.72062087e-01  6.10597730e-02]","[ 2.30859518e-02  2.66016722e-02 -7.65402138e-01  9.65379238e-01
 -8.58817697e-02  2.46307135e-01  8.95261765e-04  9.45332289e-01
  3.26107502e-01 -2.60848761e-01 -3.14596891e-01  9.12681103e-01
  9.98084545e-02  1.12908125e-01  6.94223642e-02 -3.62122536e-01
  1.09333992e-01 -4.23420072e-02  1.58209801e-02 -3.68730366e-01
  1.17041111e-01 -5.09641171e-02  1.48404837e-02 -3.80359530e-01
  1.28973246e-01 -6.20103478e-02  1.52649879e-02]"
82.42,[0.12345116 0.14216457 0.5926311 ],"[[ 0.96631995 -0.08737149  0.24205781]
 [ 0.00554159  0.94744806  0.31986162]
 [-0.25728399 -0.30774728  0.91602214]]",[1.02249181 1.16165978 0.66873584],[ 1.7975919   0.92342836 -0.37871808  0.05551589],[ 2.4956742   3.40558498 -2.26667283],"[ 0.12345116  0.14216457  0.5926311   0.96631995 -0.08737149  0.24205781
  0.00554159  0.94744806  0.31986162 -0.25728399 -0.30774728  0.91602214
  1.02249181  1.16165978  0.66873584  1.91228664  0.70224684 -0.30578452
  0.05936201  1.8775562   0.77383959 -0.37206209  0.06105977  1.83467364
  0.85903198 -0.39679593  0.06020705]","[ 0.02469027  0.02843297 -0.76294756  0.9663199  -0.08737147  0.2420578
  0.00554156  0.947448    0.31986165 -0.257284   -0.30774724  0.91602206
  0.10224915  0.116166    0.06687355 -0.36873037  0.11704111 -0.05096412
  0.01484048 -0.38035953  0.12897325 -0.06201035  0.01526499 -0.39471835
  0.14317203 -0.06613261  0.01505172]"
82.433,[0.13998224 0.1611442  0.60440868],"[[ 0.96730802 -0.08637209  0.23844298]
 [ 0.00732116  0.94933491  0.31418089]
 [-0.2534987  -0.30216401  0.91893162]]",[1.05573261 1.2125354  0.63969712],[ 1.7589115   1.0568194  -0.37443388  0.03676118],[ 2.19687599  2.97202546 -3.30183927],"[ 0.13998224  0.1611442   0.60440868  0.96730802 -0.08637209  0.23844298
  0.00732116  0.94933491  0.31418089 -0.2534987  -0.30216401  0.91893162
  1.05573261  1.2125354   0.63969712  1.8775562   0.77383959 -0.37206209
  0.06105977  1.83467364  0.85903198 -0.39679593  0.06020705  1.79759192
  0.92342836 -0.37871808  0.05551589]","[ 0.02799642  0.03222883 -0.7582365   0.96730804 -0.08637208  0.23844302
  0.00732112  0.94933486  0.31418085 -0.25349867 -0.30216402  0.9189316
  0.1055733   0.12125361  0.06396973 -0.38035953  0.12897325 -0.06201035
  0.01526499 -0.39471835  0.14317203 -0.06613261  0.01505172 -0.40713477
  0.1539048  -0.06311965  0.01387894]"
82.444,[0.14741629 0.16979529 0.6095314 ],"[[ 0.96829749 -0.08397017  0.23526365]
 [ 0.00774717  0.95145018  0.30770529]
 [-0.2496797  -0.29612763  0.92193735]]",[1.0725044  1.23529542 0.61429157],[ 1.7284615   1.0848266  -0.35147023  0.02873797],[ 2.11132662  2.79624769 -3.3593689 ],"[ 0.14741629  0.16979529  0.6095314   0.96829749 -0.08397017  0.23526365
  0.00774717  0.95145018  0.30770529 -0.2496797  -0.29612763  0.92193735
  1.0725044   1.23529542  0.61429157  1.83467364  0.85903198 -0.39679593
  0.06020705  1.79759192  0.92342836 -0.37871808  0.05551589  1.75891149
  1.05681944 -0.37443388  0.03676118]","[ 0.0294832   0.03395915 -0.75618744  0.9682975  -0.08397019  0.23526359
  0.00774717  0.9514501   0.30770528 -0.24967968 -0.29612762  0.92193735
  0.10725045  0.12352955  0.06142914 -0.39471835  0.14317203 -0.06613261
  0.01505172 -0.40713477  0.1539048  -0.06311965  0.01387894 -0.42008656
  0.17613661 -0.06240565  0.00919032]"
82.456,[0.16274461 0.18769136 0.61914665],"[[ 0.97043355 -0.07287862  0.23010308]
 [ 0.00379597  0.9578174   0.28735242]
 [-0.24133858 -0.27798296  0.92977479]]",[1.10443974 1.27739108 0.56149364],[ 1.7080647   1.1126105  -0.3279819   0.01046944],[ 2.07218846  2.65665216 -3.32847793],"[ 0.16274461  0.18769136  0.61914665  0.97043355 -0.07287862  0.23010308
  0.00379597  0.9578174   0.28735242 -0.24133858 -0.27798296  0.92977479
  1.10443974  1.27739108  0.56149364  1.79759192  0.92342836 -0.37871808
  0.05551589  1.75891149  1.05681944 -0.37443388  0.03676118  1.7284615
  1.08482659 -0.35147023  0.02873797]","[ 0.0325489   0.03753829 -0.75234133  0.9704335  -0.0728786   0.23010302
  0.00379598  0.9578173   0.28735244 -0.24133861 -0.27798295  0.92977476
  0.11044395  0.12773919  0.05614936 -0.40713477  0.1539048  -0.06311965
  0.01387894 -0.42008656  0.17613661 -0.06240565  0.00919032 -0.4302824
  0.18080449 -0.05857831  0.00718451]"
82.463,[0.17866585 0.20632872 0.62791729],"[[ 0.97078621 -0.07003033  0.22949922]
 [ 0.00252635  0.95939163  0.28206617]
 [-0.23993281 -0.27324616  0.93154108]]",[1.13274051 1.3219037  0.50210428],[ 1.7205665   1.2395679  -0.3699546  -0.00590613],[ 2.03609732  2.55479328 -3.36878596],"[ 0.17866585  0.20632872  0.62791729  0.97078621 -0.07003033  0.22949922
  0.00252635  0.95939163  0.28206617 -0.23993281 -0.27324616  0.93154108
  1.13274051  1.3219037   0.50210428  1.75891149  1.05681944 -0.37443388
  0.03676118  1.7284615   1.08482659 -0.35147023  0.02873797  1.70806468
  1.11261046 -0.32798189  0.01046944]","[ 0.0357331   0.04126585 -0.74883306  0.9707862  -0.07003033  0.22949922
  0.0025264   0.9593916   0.2820661  -0.23993278 -0.27324617  0.9315411
  0.11327398  0.13219035  0.05021036 -0.42008656  0.17613661 -0.06240565
  0.00919032 -0.4302824   0.18080449 -0.05857831  0.00718451 -0.4371121
  0.18543506 -0.05466366  0.00261736]"
82.47,[0.17866585 0.20632872 0.62791729],"[[ 0.97078621 -0.07003033  0.22949922]
 [ 0.00252635  0.95939163  0.28206617]
 [-0.23993281 -0.27324616  0.93154108]]",[1.13274051 1.3219037  0.50210428],[ 1.7016858e+00  1.2440426e+00 -3.6281270e-01  1.1602864e-03],[ 1.91994607  2.33181486 -2.91729598],"[ 0.17866585  0.20632872  0.62791729  0.97078621 -0.07003033  0.22949922
  0.00252635  0.95939163  0.28206617 -0.23993281 -0.27324616  0.93154108
  1.13274051  1.3219037   0.50210428  1.7284615   1.08482659 -0.35147023
  0.02873797  1.70806468  1.11261046 -0.32798189  0.01046944  1.72056651
  1.23956788 -0.36995459 -0.00590613]","[ 0.0357331   0.04126585 -0.74883306  0.9707862  -0.07003033  0.22949922
  0.0025264   0.9593916   0.2820661  -0.23993278 -0.27324617  0.9315411
  0.11327398  0.13219035  0.05021036 -0.4302824   0.18080449 -0.05857831
  0.00718451 -0.4371121   0.18543506 -0.05466366  0.00261736 -0.432926
  0.2065947  -0.0616591  -0.00147653]"
82.476,[0.18684031 0.21590631 0.63201612],"[[ 0.97089695 -0.06810998  0.22960866]
 [ 0.00259816  0.96164854  0.27427239]
 [-0.23948352 -0.26569367  0.9338386 ]]",[1.15011084 1.3343078  0.48842182],[ 1.6656797   1.2336544  -0.40063107 -0.00375786],[ 1.91994607  2.33181486 -2.91729598],"[ 1.86840311e-01  2.15906307e-01  6.32016122e-01  9.70896954e-01
 -6.81099814e-02  2.29608656e-01  2.59816375e-03  9.61648536e-01
  2.74272389e-01 -2.39483516e-01 -2.65693666e-01  9.33838595e-01
  1.15011084e+00  1.33430780e+00  4.88421816e-01  1.70806468e+00
  1.11261046e+00 -3.27981889e-01  1.04694404e-02  1.72056651e+00
  1.23956788e+00 -3.69954586e-01 -5.90612739e-03  1.70168579e+00
  1.24404263e+00 -3.62812698e-01  1.16028637e-03]","[ 3.73681784e-02  4.31813002e-02 -7.47193575e-01  9.70896959e-01
 -6.81099892e-02  2.29608655e-01  2.59816647e-03  9.61648464e-01
  2.74272442e-01 -2.39483535e-01 -2.65693665e-01  9.33838606e-01
  1.15011096e-01  1.33430839e-01  4.88421917e-02 -4.37112093e-01
  1.85435057e-01 -5.46636581e-02  2.61735916e-03 -4.32925999e-01
  2.06594706e-01 -6.16590977e-02 -1.47652626e-03 -4.39248025e-01
  2.07340479e-01 -6.04687333e-02  2.90036201e-04]"
82.483,[0.1951516  0.22564287 0.63593   ],"[[ 0.97034894 -0.0686039   0.23176808]
 [ 0.00446407  0.96379786  0.26659663]
 [-0.24166714 -0.25765713  0.93552648]]",[1.16452181 1.35090209 0.46484983],[ 1.6373806   1.2402346  -0.45264202 -0.01513363],[ 1.8830537   2.18101604 -2.99919706],"[ 1.95151597e-01  2.25642875e-01  6.35930002e-01  9.70348939e-01
 -6.86038964e-02  2.31768077e-01  4.46406512e-03  9.63797858e-01
  2.66596626e-01 -2.41667144e-01 -2.57657126e-01  9.35526481e-01
  1.16452181e+00  1.35090209e+00  4.64849829e-01  1.72056651e+00
  1.23956788e+00 -3.69954586e-01 -5.90612739e-03  1.70168579e+00
  1.24404263e+00 -3.62812698e-01  1.16028637e-03  1.66567969e+00
  1.23365438e+00 -4.00631070e-01 -3.75785679e-03]","[ 3.9030433e-02  4.5128584e-02 -7.4562800e-01  9.7034895e-01
 -6.8603873e-02  2.3176813e-01  4.4640303e-03  9.6379781e-01
  2.6659656e-01 -2.4166715e-01 -2.5765717e-01  9.3552649e-01
  1.1645222e-01  1.3509023e-01  4.6484947e-02 -4.3292600e-01
  2.0659471e-01 -6.1659098e-02 -1.4765263e-03 -4.3924803e-01
  2.0734048e-01 -6.0468733e-02  2.9003620e-04 -4.5130426e-01
  2.0560908e-01 -6.6771805e-02 -9.3948841e-04]"
82.493,[0.20359747 0.23552747 0.63970125],"[[ 0.96910995 -0.07104741  0.23617402]
 [ 0.00965168  0.96779996  0.25153545]
 [-0.24644015 -0.24148603  0.9385903 ]]",[1.17879701 1.36620975 0.43497193],[ 1.6233046  1.1483299 -0.5189408 -0.0299309],[ 1.88790165  1.96311755 -3.90263449],"[ 2.03597471e-01  2.35527471e-01  6.39701247e-01  9.69109951e-01
 -7.10474056e-02  2.36174025e-01  9.65167821e-03  9.67799961e-01
  2.51535447e-01 -2.46440153e-01 -2.41486029e-01  9.38590299e-01
  1.17879701e+00  1.36620975e+00  4.34971934e-01  1.70168579e+00
  1.24404263e+00 -3.62812698e-01  1.16028637e-03  1.66567969e+00
  1.23365438e+00 -4.00631070e-01 -3.75785679e-03  1.63738060e+00
  1.24023461e+00 -4.52642024e-01 -1.51336268e-02]","[ 4.0719509e-02  4.7105551e-02 -7.4411952e-01  9.6911001e-01
 -7.1047425e-02  2.3617399e-01  9.6516609e-03  9.6779990e-01
  2.5153542e-01 -2.4644017e-01 -2.4148601e-01  9.3859029e-01
  1.1787975e-01  1.3662100e-01  4.3497205e-02 -4.3924803e-01
  2.0734048e-01 -6.0468733e-02  2.9003620e-04 -4.5130426e-01
  2.0560908e-01 -6.6771805e-02 -9.3948841e-04 -4.6077996e-01
  2.0670581e-01 -7.5440288e-02 -3.7834048e-03]"
82.503,[0.220891   0.25570515 0.64652359],"[[ 0.9689153  -0.07195161  0.23669834]
 [ 0.01175105  0.96907719  0.24647781]
 [-0.24711344 -0.23603466  0.93979923]]",[1.20750821 1.39422131 0.38055218],[ 1.6461539   1.2948827  -0.58267224 -0.06304616],[ 1.89212105  1.88870164 -3.12755051],"[ 0.220891    0.25570515  0.64652359  0.9689153  -0.07195161  0.23669834
  0.01175105  0.96907719  0.24647781 -0.24711344 -0.23603466  0.93979923
  1.20750821  1.39422131  0.38055218  1.66567969  1.23365438 -0.40063107
 -0.00375786  1.6373806   1.24023461 -0.45264202 -0.01513363  1.62330461
  1.14832985 -0.51894081 -0.0299309 ]","[ 4.41782475e-02  5.11411428e-02 -7.41390586e-01  9.68915224e-01
 -7.19516277e-02  2.36698389e-01  1.17510557e-02  9.69077110e-01
  2.46477842e-01 -2.47113466e-01 -2.36034632e-01  9.39799309e-01
  1.20750785e-01  1.39422178e-01  3.80553007e-02 -4.51304257e-01
  2.05609083e-01 -6.67718053e-02 -9.39488411e-04 -4.60779965e-01
  2.06705809e-01 -7.54402876e-02 -3.78340483e-03 -4.65493143e-01
  1.91388369e-01 -8.64901543e-02 -7.48270750e-03]"
82.513,[0.22973672 0.26598486 0.64964843],"[[ 0.96933481 -0.07475731  0.23409692]
 [ 0.01928238  0.97280634  0.23081597]
 [-0.24498615 -0.21922401  0.94441655]]",[1.22155833 1.40716065 0.3615807 ],[ 1.5994626   1.2839719  -0.611818   -0.07901855],[ 1.8599066   1.74154676 -2.55845589],"[ 0.22973672  0.26598486  0.64964843  0.96933481 -0.07475731  0.23409692
  0.01928238  0.97280634  0.23081597 -0.24498615 -0.21922401  0.94441655
  1.22155833  1.40716065  0.3615807   1.6373806   1.24023461 -0.45264202
 -0.01513363  1.62330461  1.14832985 -0.51894081 -0.0299309   1.64615393
  1.29488266 -0.58267224 -0.06304616]","[ 0.04594743  0.05319703 -0.7401406   0.96933484 -0.07475734  0.23409688
  0.01928234  0.97280633  0.230816   -0.24498618 -0.21922398  0.9444165
  0.1221559   0.14071608  0.03615808 -0.46077996  0.20670581 -0.07544029
 -0.0037834  -0.46549314  0.19138837 -0.08649015 -0.00748271 -0.4578423
  0.21581388 -0.097112   -0.01576155]"
82.523,[0.23871025 0.2763831  0.65261692],"[[ 0.97024833 -0.07444371  0.23038297]
 [ 0.02158192  0.97436072  0.22395404]
 [-0.24114808 -0.21231893  0.9469785 ]]",[1.23691113 1.42098639 0.32614022],[ 1.578949    1.3492709  -0.6442459  -0.09806775],[ 1.74454512  1.59179227 -2.62267266],"[ 0.23871025  0.2763831   0.65261692  0.97024833 -0.07444371  0.23038297
  0.02158192  0.97436072  0.22395404 -0.24114808 -0.21231893  0.9469785
  1.23691113  1.42098639  0.32614022  1.62330461  1.14832985 -0.51894081
 -0.0299309   1.64615393  1.29488266 -0.58267224 -0.06304616  1.59946263
  1.28397191 -0.61181802 -0.07901855]","[ 0.04774213  0.05527663 -0.73895323  0.97024834 -0.0744437   0.23038292
  0.02158189  0.9743607   0.22395408 -0.24114811 -0.2123189   0.94697857
  0.12369108  0.14209867  0.03261411 -0.46549314  0.19138837 -0.08649015
 -0.00748271 -0.4578423   0.21581388 -0.097112   -0.01576155 -0.4734764
  0.21399534 -0.1019696  -0.01975465]"
82.533,[0.24780418 0.28689045 0.65541172],"[[ 0.97217729 -0.07039298  0.22341923]
 [ 0.02238908  0.97733582  0.21050754]
 [-0.23317387 -0.1996485   0.95171972]]",[1.24714207 1.42978204 0.31858527],[ 1.4974953   1.4131796  -0.67495394 -0.11561486],[ 1.5104651   1.30375865 -3.12310141],"[ 0.24780418  0.28689045  0.65541172  0.97217729 -0.07039298  0.22341923
  0.02238908  0.97733582  0.21050754 -0.23317387 -0.1996485   0.95171972
  1.24714207  1.42978204  0.31858527  1.64615393  1.29488266 -0.58267224
 -0.06304616  1.59946263  1.28397191 -0.61181802 -0.07901855  1.57894897
  1.34927094 -0.64424592 -0.09806775]","[ 0.0495609   0.05737817 -0.7378353   0.97217727 -0.07039297  0.22341919
  0.02238905  0.9773358   0.21050751 -0.23317385 -0.1996485   0.95171976
  0.12471426  0.14297819  0.03185856 -0.4578423   0.21581388 -0.097112
 -0.01576155 -0.4734764   0.21399534 -0.1019696  -0.01975465 -0.4803452
  0.22487855 -0.10737431 -0.02451694]"
82.543,[0.25700846 0.29749435 0.65799201],"[[ 0.97355614 -0.06555503  0.2188401 ]
 [ 0.0211866   0.97972374  0.19922981]
 [-0.22746336 -0.18932493  0.95520495]]",[1.25425491 1.4467146  0.27077291],[ 1.4944795   1.437483   -0.7145645  -0.13151626],[ 1.39690111  1.13290521 -3.19574135],"[ 0.25700846  0.29749435  0.65799201  0.97355614 -0.06555503  0.2188401
  0.0211866   0.97972374  0.19922981 -0.22746336 -0.18932493  0.95520495
  1.25425491  1.4467146   0.27077291  1.59946263  1.28397191 -0.61181802
 -0.07901855  1.57894897  1.34927094 -0.64424592 -0.09806775  1.49749529
  1.41317964 -0.67495394 -0.11561486]","[ 0.05140173  0.05949891 -0.7368032   0.97355616 -0.06555504  0.21884012
  0.02118659  0.9797237   0.19922984 -0.22746336 -0.18932492  0.95520496
  0.12542558  0.14467144  0.02707732 -0.4734764   0.21399534 -0.1019696
 -0.01975465 -0.4803452   0.22487855 -0.10737431 -0.02451694 -0.50761914
  0.2355299  -0.11249232 -0.02890372]"
82.559,[0.27571723 0.3189455  0.66250545],"[[ 0.97542793 -0.05660617  0.21292273]
 [ 0.01768189  0.98342635  0.18044379]
 [-0.21960806 -0.17224504  0.96026244]]",[1.27803838 1.45307815 0.23324765],[ 1.4452524   1.4846628  -0.7689388  -0.14419435],[ 1.23457638  0.81128676 -4.44868589],"[ 0.27571723  0.3189455   0.66250545  0.97542793 -0.05660617  0.21292273
  0.01768189  0.98342635  0.18044379 -0.21960806 -0.17224504  0.96026244
  1.27803838  1.45307815  0.23324765  1.57894897  1.34927094 -0.64424592
 -0.09806775  1.49749529  1.41317964 -0.67495394 -0.11561486  1.49447954
  1.43748295 -0.7145645  -0.13151626]","[ 0.05514348  0.06378913 -0.7349978   0.97542787 -0.05660617  0.21292269
  0.01768184  0.98342633  0.18044376 -0.21960807 -0.17224503  0.9602624
  0.1278038   0.1453079   0.02332485 -0.4803452   0.22487855 -0.10737431
 -0.02451694 -0.50761914  0.2355299  -0.11249232 -0.02890372 -0.50862896
  0.23958051 -0.11909401 -0.03287905]"
82.57,[0.28521144 0.32977369 0.66434145],"[[ 0.9760433  -0.05347982  0.21090136]
 [ 0.01640725  0.98465249  0.17375349]
 [-0.21695686 -0.16613062  0.96194092]]",[1.28725195 1.45860553 0.19574314],[ 1.4321611   1.6208981  -0.78886724 -0.1443046 ],[ 1.08001457  0.54313117 -3.91315544],"[ 0.28521144  0.32977369  0.66434145  0.9760433  -0.05347982  0.21090136
  0.01640725  0.98465249  0.17375349 -0.21695686 -0.16613062  0.96194092
  1.28725195  1.45860553  0.19574314  1.49749529  1.41317964 -0.67495394
 -0.11561486  1.49447954  1.43748295 -0.7145645  -0.13151626  1.44525242
  1.48466277 -0.76893878 -0.14419435]","[ 0.05704236  0.0659548  -0.7342634   0.9760432  -0.05347979  0.21090138
  0.01640725  0.9846525   0.1737535  -0.21695685 -0.1661306   0.961941
  0.12872529  0.14586055  0.0195744  -0.50761914  0.2355299  -0.11249232
 -0.02890372 -0.50862896  0.23958051 -0.11909401 -0.03287905 -0.52511215
  0.24744391 -0.12815648 -0.03604859]"
82.58,[0.29479283 0.34065804 0.66591913],"[[ 0.97765533 -0.04285899  0.20579882]
 [ 0.01185793  0.98868037  0.14956776]
 [-0.20987957 -0.14378537  0.96709686]]",[1.29572761 1.46285463 0.1677325 ],[ 1.4106587   1.6068573  -0.747473   -0.12995642],[ 1.0090649   0.42838535 -4.1281314 ],"[ 0.29479283  0.34065804  0.66591913  0.97765533 -0.04285899  0.20579882
  0.01185793  0.98868037  0.14956776 -0.20987957 -0.14378537  0.96709686
  1.29572761  1.46285463  0.1677325   1.49447954  1.43748295 -0.7145645
 -0.13151626  1.44525242  1.48466277 -0.76893878 -0.14419435  1.43216109
  1.62089813 -0.78886724 -0.1443046 ]","[ 0.05895853  0.06813169 -0.7336323   0.9776554  -0.04285896  0.20579886
  0.01185799  0.98868036  0.14956772 -0.20987958 -0.14378536  0.9670968
  0.12957275  0.14628541  0.01677322 -0.50862896  0.23958051 -0.11909401
 -0.03287905 -0.52511215  0.24744391 -0.12815648 -0.03604859 -0.5294957
  0.2701497  -0.13147783 -0.03607613]"
82.587,[0.31419438 0.36255911 0.66833323],"[[ 0.97816547 -0.03910547  0.20411534]
 [ 0.01041067  0.99012461  0.13980298]
 [-0.20756668 -0.13462547  0.96891282]]",[1.31090903 1.46854019 0.103145  ],[ 1.4543381   1.703627   -0.80010915 -0.13998875],[ 1.0090649   0.42838535 -4.1281314 ],"[ 0.31419438  0.36255911  0.66833323  0.97816547 -0.03910547  0.20411534
  0.01041067  0.99012461  0.13980298 -0.20756668 -0.13462547  0.96891282
  1.31090903  1.46854019  0.103145    1.44525242  1.48466277 -0.76893878
 -0.14419435  1.43216109  1.62089813 -0.78886724 -0.1443046   1.41065872
  1.6068573  -0.747473   -0.12995642]","[ 0.06283891  0.07251191 -0.73266673  0.9781654  -0.03910547  0.20411539
  0.01041067  0.9901246   0.13980293 -0.20756668 -0.1346255   0.96891284
  0.131091    0.14685404  0.01031446 -0.52511215  0.24744391 -0.12815648
 -0.03604859 -0.5294957   0.2701497  -0.13147783 -0.03607613 -0.53669554
  0.26780963 -0.12457877 -0.03248912]"
82.593,[0.32400516 0.37356222 0.66915399],"[[ 0.9787006  -0.03636184  0.20204689]
 [ 0.00970331  0.99128243  0.13139631]
 [-0.20506335 -0.12663712  0.97052154]]",[1.31427221 1.47401077 0.05338558],[ 1.503572    1.7645077  -0.79737675 -0.13289315],[ 0.92247735  0.31556916 -4.36820875],"[ 0.32400516  0.37356222  0.66915399  0.9787006  -0.03636184  0.20204689
  0.00970331  0.99128243  0.13139631 -0.20506335 -0.12663712  0.97052154
  1.31427221  1.47401077  0.05338558  1.43216109  1.62089813 -0.78886724
 -0.1443046   1.41065872  1.6068573  -0.747473   -0.12995642  1.45433807
  1.70362699 -0.80010915 -0.13998875]","[ 0.0648011   0.07471251 -0.7323384   0.97870064 -0.03636181  0.20204687
  0.00970328  0.99128246  0.1313963  -0.20506334 -0.1266371   0.97052157
  0.13142717  0.1474011   0.00533855 -0.5294957   0.2701497  -0.13147783
 -0.03607613 -0.53669554  0.26780963 -0.12457877 -0.03248912 -0.52206993
  0.28393793 -0.13335145 -0.03499717]"
82.603,[0.33388379 0.38459307 0.66969478],"[[ 0.97979695 -0.03363585  0.19714603]
 [ 0.00996217  0.99274031  0.11986426]
 [-0.19974655 -0.11547863  0.97301901]]",[1.3211243  1.47451588 0.01008287],[ 1.549962    1.7827436  -0.7731947  -0.12181643],[ 0.86379667  0.22362754 -4.35149719],"[ 0.33388379  0.38459307  0.66969478  0.97979695 -0.03363585  0.19714603
  0.00996217  0.99274031  0.11986426 -0.19974655 -0.11547863  0.97301901
  1.3211243   1.47451588  0.01008287  1.41065872  1.6068573  -0.747473
 -0.12995642  1.45433807  1.70362699 -0.80010915 -0.13998875  1.50357199
  1.76450765 -0.79737675 -0.13289315]","[ 0.06677675  0.0769186  -0.73212206  0.9797969  -0.03363585  0.19714606
  0.0099622   0.9927404   0.11986423 -0.19974655 -0.11547863  0.973019
  0.13211238  0.14745164  0.00100839 -0.53669554  0.26780963 -0.12457877
 -0.03248912 -0.52206993  0.28393793 -0.13335145 -0.03499717 -0.5055845
  0.29408467 -0.13289607 -0.03322327]"
82.612,[0.34382689 0.39564702 0.66997892],"[[ 0.98100367 -0.03175047  0.1913732 ]
 [ 0.01098667  0.994025    0.1085983 ]
 [-0.19367779 -0.10443278  0.97549101]]",[ 1.32828959  1.47369972 -0.01887503],[ 1.5608766  1.822671  -0.7713406 -0.1167392],[ 0.80978008  0.13417895 -3.3384643 ],"[ 0.34382689  0.39564702  0.66997892  0.98100367 -0.03175047  0.1913732
  0.01098667  0.994025    0.1085983  -0.19367779 -0.10443278  0.97549101
  1.32828959  1.47369972 -0.01887503  1.45433807  1.70362699 -0.80010915
 -0.13998875  1.50357199  1.76450765 -0.79737675 -0.13289315  1.54996204
  1.78274357 -0.77319467 -0.12181643]","[ 0.0687654   0.07912946 -0.73200846  0.98100376 -0.0317505   0.19137323
  0.01098669  0.994025    0.10859835 -0.19367778 -0.10443276  0.97549105
  0.13282907  0.14736998 -0.0018875  -0.52206993  0.28393793 -0.13335145
 -0.03499717 -0.5055845   0.29408467 -0.13289607 -0.03322327 -0.4900512
  0.2971239  -0.12886578 -0.0304541 ]"
82.623,[0.36389536 0.4178094  0.66980296],"[[ 0.98154021 -0.03063775  0.18878599]
 [ 0.01121563  0.9946077   0.10310062]
 [-0.19092677 -0.09908005  0.97659107]]",[ 1.33980245  1.47310707 -0.07032129],[ 1.5967515   1.9365095  -0.7942374  -0.11931641],[ 0.75000373  0.07319653 -4.32173748],"[ 0.36389536  0.4178094   0.66980296  0.98154021 -0.03063775  0.18878599
  0.01121563  0.9946077   0.10310062 -0.19092677 -0.09908005  0.97659107
  1.33980245  1.47310707 -0.07032129  1.50357199  1.76450765 -0.79737675
 -0.13289315  1.54996204  1.78274357 -0.77319467 -0.12181643  1.56087661
  1.82267106 -0.77134061 -0.1167392 ]","[ 0.07277906  0.0835619  -0.7320788   0.9815402  -0.03063774  0.18878603
  0.01121569  0.9946077   0.10310066 -0.19092679 -0.09908003  0.9765911
  0.13398027  0.14731073 -0.0070321  -0.5055845   0.29408467 -0.13289607
 -0.03322327 -0.4900512   0.2971239  -0.12886578 -0.0304541  -0.48639655
  0.30377853 -0.12855673 -0.02918482]"
82.633,[0.37401506 0.42891291 0.66931331],"[[ 0.98292597 -0.02814549  0.1818361 ]
 [ 0.01030602  0.99510178  0.09831699]
 [-0.1837126  -0.09476432  0.97840145]]",[ 1.34636426  1.47217715 -0.09423938],[ 1.6148677   2.0152535  -0.7125463  -0.10211724],[ 0.71164637  0.04287121 -4.57664305],"[ 0.37401506  0.42891291  0.66931331  0.98292597 -0.02814549  0.1818361
  0.01030602  0.99510178  0.09831699 -0.1837126  -0.09476432  0.97840145
  1.34636426  1.47217715 -0.09423938  1.54996204  1.78274357 -0.77319467
 -0.12181643  1.56087661  1.82267106 -0.77134061 -0.1167392   1.59675145
  1.93650949 -0.79423738 -0.11931641]","[ 0.07480299  0.08578265 -0.73227465  0.9829259  -0.02814549  0.18183613
  0.010306    0.9951018   0.09831703 -0.1837126  -0.09476435  0.9784014
  0.1346364   0.14721775 -0.00942391 -0.4900512   0.2971239  -0.12886578
 -0.0304541  -0.48639655  0.30377853 -0.12855673 -0.02918482 -0.47438425
  0.32275164 -0.13237286 -0.02982908]"
82.648,[0.38389984 0.43993995 0.66900784],"[[ 0.9842195  -0.02567909  0.17507871]
 [ 0.00877043  0.99527733  0.09667534]
 [-0.17673441 -0.09361424  0.97979657]]",[ 1.35088896  1.47187579 -0.12915214],[ 1.6380157   2.0831852  -0.6539552  -0.09323832],[ 0.62374497  0.03774526 -4.09174162],"[ 0.38389984  0.43993995  0.66900784  0.9842195  -0.02567909  0.17507871
  0.00877043  0.99527733  0.09667534 -0.17673441 -0.09361424  0.97979657
  1.35088896  1.47187579 -0.12915214  1.56087661  1.82267106 -0.77134061
 -0.1167392   1.59675145  1.93650949 -0.79423738 -0.11931641  1.61486769
  2.01525354 -0.71254629 -0.10211724]","[ 0.07677996  0.08798802 -0.73239684  0.98421955 -0.02567911  0.17507875
  0.00877047  0.9952774   0.0966754  -0.17673439 -0.09361422  0.97979665
  0.13508892  0.14718759 -0.01291519 -0.48639655  0.30377853 -0.12855673
 -0.02918482 -0.47438425  0.32275164 -0.13237286 -0.02982908 -0.46831816
  0.3358755  -0.11875772 -0.02552933]"
82.66,[0.39383954 0.45098126 0.66841352],"[[ 0.9863964  -0.02080017  0.16306283]
 [ 0.00528937  0.99546472  0.09498433]
 [-0.16429898 -0.0928297   0.98203284]]",[ 1.34752738  1.47645499 -0.18124612],[ 1.6943729   2.232108   -0.5379399  -0.07326856],[ 0.58989407  0.04096042 -3.92530981],"[ 0.39383954  0.45098126  0.66841352  0.9863964  -0.02080017  0.16306283
  0.00528937  0.99546472  0.09498433 -0.16429898 -0.0928297   0.98203284
  1.34752738  1.47645499 -0.18124612  1.59675145  1.93650949 -0.79423738
 -0.11931641  1.61486769  2.01525354 -0.71254629 -0.10211724  1.63801575
  2.0831852  -0.65395522 -0.09323832]","[ 0.0787679   0.09019625 -0.73263454  0.98639643 -0.02080017  0.16306281
  0.00528932  0.9954648   0.09498429 -0.16429901 -0.0928297   0.9820328
  0.13475275  0.14764547 -0.01812458 -0.47438425  0.32275164 -0.13237286
 -0.02982908 -0.46831816  0.3358755  -0.11875772 -0.02552933 -0.4605673
  0.34719753 -0.10899258 -0.02330959]"
82.672,[0.41387433 0.47310665 0.66640747],"[[ 0.98778069 -0.01707418  0.15491218]
 [ 0.0025316   0.99560743  0.09359181]
 [-0.15582973 -0.09205601  0.98348502]]",[ 1.35667308  1.47495822 -0.240564  ],[ 1.7579052   2.3729587  -0.46502084 -0.06645705],[ 0.54085319  0.02785553 -4.30917216],"[ 0.41387433  0.47310665  0.66640747  0.98778069 -0.01707418  0.15491218
  0.0025316   0.99560743  0.09359181 -0.15582973 -0.09205601  0.98348502
  1.35667308  1.47495822 -0.240564    1.61486769  2.01525354 -0.71254629
 -0.10211724  1.63801575  2.0831852  -0.65395522 -0.09323832  1.69437289
  2.23210812 -0.53793991 -0.07326856]","[ 0.08277488  0.09462142 -0.733437    0.9877807  -0.01707417  0.15491223
  0.00253165  0.9956074   0.09359181 -0.15582973 -0.09205604  0.983485
  0.13566732  0.14749587 -0.02405643 -0.46831816  0.3358755  -0.11875772
 -0.02552933 -0.4605673   0.34719753 -0.10899258 -0.02330959 -0.44169664
  0.3720181  -0.08965665 -0.01831716]"
82.681,[0.42396504 0.4841902  0.66497993],"[[ 0.98974613 -0.01143902  0.14237891]
 [-0.00125287  0.99605454  0.08873439]
 [-0.1428322  -0.0880029   0.98582679]]",[ 1.35639352  1.47576428 -0.28653521],[ 1.7998265   2.4252577  -0.27406418 -0.04522707],[ 0.46169631 -0.02975094 -4.22186103],"[ 4.23965037e-01  4.84190196e-01  6.64979935e-01  9.89746126e-01
 -1.14390153e-02  1.42378912e-01 -1.25286979e-03  9.96054536e-01
  8.87343910e-02 -1.42832195e-01 -8.80029020e-02  9.85826787e-01
  1.35639352e+00  1.47576428e+00 -2.86535209e-01  1.63801575e+00
  2.08318520e+00 -6.53955221e-01 -9.32383239e-02  1.69437289e+00
  2.23210812e+00 -5.37939906e-01 -7.32685626e-02  1.75790524e+00
  2.37295866e+00 -4.65020835e-01 -6.64570481e-02]","[ 0.08479297  0.096838   -0.734008    0.9897461  -0.01143903  0.14237893
 -0.00125289  0.99605453  0.08873439 -0.14283216 -0.08800292  0.98582673
  0.13563943  0.14757645 -0.0286535  -0.4605673   0.34719753 -0.10899258
 -0.02330959 -0.44169664  0.3720181  -0.08965665 -0.01831716 -0.42042345
  0.39549327 -0.07750344 -0.01661426]"
82.694,[0.43410018 0.495285   0.66326582],"[[ 0.99117825 -0.00795369  0.13229669]
 [-0.00287094  0.99667497  0.08142955]
 [-0.13250447 -0.08109101  0.98785971]]",[ 1.36956417  1.4700824  -0.29617927],[ 1.8085117   2.4195366  -0.2252244  -0.04324298],[ 0.31685508 -0.18444692 -3.71639244],"[ 0.43410018  0.495285    0.66326582  0.99117825 -0.00795369  0.13229669
 -0.00287094  0.99667497  0.08142955 -0.13250447 -0.08109101  0.98785971
  1.36956417  1.4700824  -0.29617927  1.69437289  2.23210812 -0.53793991
 -0.07326856  1.75790524  2.37295866 -0.46502084 -0.06645705  1.7998265
  2.42525768 -0.27406418 -0.04522707]","[ 0.08682001  0.09905708 -0.73469365  0.9911783  -0.0079537   0.13229668
 -0.00287092  0.996675    0.0814296  -0.13250446 -0.08109099  0.9878597
  0.13695645  0.1470083  -0.02961785 -0.44169664  0.3720181  -0.08965665
 -0.01831716 -0.42042345  0.39549327 -0.07750344 -0.01661426 -0.40638655
  0.4042096  -0.0456773  -0.01130676]"
82.706,[0.46471381 0.52857399 0.65660405],"[[ 0.99399095 -0.00220861  0.10944004]
 [-0.00296135  0.99888791  0.04705508]
 [-0.10942226 -0.04709641  0.99287899]]",[ 1.37442923  1.46220863 -0.38847938],[ 1.9428375   2.4327013  -0.03199746 -0.01080191],[ 0.24396458 -0.33439437 -4.26507206],"[ 4.64713812e-01  5.28573990e-01  6.56604052e-01  9.93990946e-01
 -2.20860659e-03  1.09440039e-01 -2.96135432e-03  9.98887907e-01
  4.70550799e-02 -1.09422258e-01 -4.70964141e-02  9.92878994e-01
  1.37442923e+00  1.46220863e+00 -3.88479381e-01  1.75790524e+00
  2.37295866e+00 -4.65020835e-01 -6.64570481e-02  1.79982650e+00
  2.42525768e+00 -2.74064183e-01 -4.52270657e-02  1.80851173e+00
  2.41953659e+00 -2.25224406e-01 -4.32429761e-02]","[ 0.09294283  0.1057148  -0.73735833  0.9939909  -0.00220859  0.10944009
 -0.00296134  0.9988879   0.04705513 -0.10942227 -0.04709643  0.9928789
  0.13744295  0.14622092 -0.03884792 -0.42042345  0.39549327 -0.07750344
 -0.01661426 -0.40638655  0.4042096  -0.0456773  -0.01130676 -0.40347838
  0.40325618 -0.0375374  -0.01081073]"
82.718,[0.47497031 0.53964245 0.6538462 ],"[[ 9.95237427e-01 -9.78641624e-04  9.74756740e-02]
 [-1.27700261e-03  9.99732909e-01  2.30755114e-02]
 [-9.74722218e-02 -2.30900893e-02  9.94970358e-01]]",[ 1.36836477  1.44772703 -0.47218582],[2.1006322  2.2483397  0.02793629 0.00642997],[ 0.09341122 -0.68997623 -4.4943037 ],"[ 4.74970311e-01  5.39642453e-01  6.53846204e-01  9.95237427e-01
 -9.78641624e-04  9.74756740e-02 -1.27700261e-03  9.99732909e-01
  2.30755114e-02 -9.74722218e-02 -2.30900893e-02  9.94970358e-01
  1.36836477e+00  1.44772703e+00 -4.72185819e-01  1.79982650e+00
  2.42525768e+00 -2.74064183e-01 -4.52270657e-02  1.80851173e+00
  2.41953659e+00 -2.25224406e-01 -4.32429761e-02  1.94283748e+00
  2.43270135e+00 -3.19974646e-02 -1.08019114e-02]","[ 9.49940681e-02  1.07928514e-01 -7.38461494e-01  9.95237350e-01
 -9.78648663e-04  9.74756479e-02 -1.27702951e-03  9.99732971e-01
  2.30754614e-02 -9.74721909e-02 -2.30900645e-02  9.94970322e-01
  1.36836410e-01  1.44772768e-01 -4.72186208e-02 -4.06386554e-01
  4.04209614e-01 -4.56773043e-02 -1.13067627e-02 -4.03478384e-01
  4.03256178e-01 -3.75373960e-02 -1.08107328e-02 -3.58500719e-01
  4.05450225e-01 -5.33294678e-03 -2.70044804e-03]"
82.729,[0.48524553 0.55068171 0.65080667],"[[ 9.96036153e-01 -6.62515302e-04  8.89468514e-02]
 [-1.10775814e-04  9.99962247e-01  8.68863813e-03]
 [-8.89492498e-02 -8.66405086e-03  9.95998476e-01]]",[ 1.3750509   1.45139492 -0.4562809 ],[2.159803   2.308951   0.01734418 0.00611319],[ 0.0160207  -0.91226944 -4.20012717],"[ 4.85245526e-01  5.50681710e-01  6.50806665e-01  9.96036153e-01
 -6.62515302e-04  8.89468514e-02 -1.10775814e-04  9.99962247e-01
  8.68863813e-03 -8.89492498e-02 -8.66405086e-03  9.95998476e-01
  1.37505090e+00  1.45139492e+00 -4.56280902e-01  1.80851173e+00
  2.41953659e+00 -2.25224406e-01 -4.32429761e-02  1.94283748e+00
  2.43270135e+00 -3.19974646e-02 -1.08019114e-02  2.10063219e+00
  2.24833965e+00  2.79362872e-02  6.42997026e-03]","[ 9.70491171e-02  1.10136390e-01 -7.39677310e-01  9.96036172e-01
 -6.62505627e-04  8.89468193e-02 -1.10805035e-04  9.99962330e-01
  8.68868828e-03 -8.89492631e-02 -8.66407156e-03  9.95998502e-01
  1.37505054e-01  1.45139575e-01 -4.56280708e-02 -4.03478384e-01
  4.03256178e-01 -3.75373960e-02 -1.08107328e-02 -3.58500719e-01
  4.05450225e-01 -5.33294678e-03 -2.70044804e-03 -3.05664718e-01
  3.74723315e-01  4.65607643e-03  1.60753727e-03]"
82.74,[0.49553621 0.56168252 0.64747769],"[[ 9.96824865e-01 -1.82103376e-05  7.96252981e-02]
 [ 1.22628839e-03  9.99884886e-01 -1.51231650e-02]
 [-7.96158567e-02  1.51727905e-02  9.96710139e-01]]",[ 1.37478685  1.44427455 -0.49020229],[2.2309828  2.1467223  0.13879964 0.03156476],[-0.0098693  -1.09119729 -4.11432493],"[ 4.95536208e-01  5.61682522e-01  6.47477686e-01  9.96824865e-01
 -1.82103376e-05  7.96252981e-02  1.22628839e-03  9.99884886e-01
 -1.51231650e-02 -7.96158567e-02  1.51727905e-02  9.96710139e-01
  1.37478685e+00  1.44427455e+00 -4.90202286e-01  1.94283748e+00
  2.43270135e+00 -3.19974646e-02 -1.08019114e-02  2.10063219e+00
  2.24833965e+00  2.79362872e-02  6.42997026e-03  2.15980291e+00
  2.30895090e+00  1.73441842e-02  6.11318648e-03]","[ 9.91072655e-02  1.12336516e-01 -7.41008878e-01  9.96824861e-01
 -1.82390213e-05  7.96252489e-02  1.22630596e-03  9.99884844e-01
 -1.51231885e-02 -7.96158314e-02  1.51728392e-02  9.96710062e-01
  1.37478709e-01  1.44427538e-01 -4.90201712e-02 -3.58500719e-01
  4.05450225e-01 -5.33294678e-03 -2.70044804e-03 -3.05664718e-01
  3.74723315e-01  4.65607643e-03  1.60753727e-03 -2.85852015e-01
  3.84825110e-01  2.89070606e-03  1.52826309e-03]"
82.748,[0.51615363 0.58352655 0.63998473],"[[ 9.97052525e-01  9.34826140e-04  7.67162801e-02]
 [ 1.67073537e-03  9.99424091e-01 -3.38923978e-02]
 [-7.67037821e-02  3.39206734e-02  9.96476752e-01]]",[ 1.37053939  1.41656016 -0.58652817],[2.4004889  2.0084186  0.1201433  0.03703429],[-0.01126393 -1.40815233 -3.96514878],"[ 5.16153634e-01  5.83526552e-01  6.39984727e-01  9.97052525e-01
  9.34826140e-04  7.67162801e-02  1.67073537e-03  9.99424091e-01
 -3.38923978e-02 -7.67037821e-02  3.39206734e-02  9.96476752e-01
  1.37053939e+00  1.41656016e+00 -5.86528173e-01  2.10063219e+00
  2.24833965e+00  2.79362872e-02  6.42997026e-03  2.15980291e+00
  2.30895090e+00  1.73441842e-02  6.11318648e-03  2.23098278e+00
  2.14672232e+00  1.38799638e-01  3.15647572e-02]","[ 1.03230834e-01  1.16705298e-01 -7.44006097e-01  9.97052550e-01
  9.34839249e-04  7.67163038e-02  1.67071819e-03  9.99424100e-01
 -3.38923931e-02 -7.67037868e-02  3.39206457e-02  9.96476769e-01
  1.37053967e-01  1.41656041e-01 -5.86527586e-02 -3.05664718e-01
  3.74723315e-01  4.65607643e-03  1.60753727e-03 -2.85852015e-01
  3.84825110e-01  2.89070606e-03  1.52826309e-03 -2.62018144e-01
  3.57787132e-01  2.31332779e-02  7.89117813e-03]"
82.76,[0.52647817 0.59434497 0.63583118],"[[ 0.9970698   0.00346109  0.07641887]
 [ 0.00161019  0.99780505 -0.06620041]
 [-0.07648026  0.06612948  0.9948757 ]]",[ 1.37306511  1.41418123 -0.5878287 ],[2.4858227  1.8274142  0.07940761 0.03914833],[ 0.01756599 -1.70214053 -3.47318924],"[ 5.26478171e-01  5.94344974e-01  6.35831177e-01  9.97069795e-01
  3.46109055e-03  7.64188738e-02  1.61018525e-03  9.97805048e-01
 -6.62004090e-02 -7.64802636e-02  6.61294767e-02  9.94875702e-01
  1.37306511e+00  1.41418123e+00 -5.87828696e-01  2.15980291e+00
  2.30895090e+00  1.73441842e-02  6.11318648e-03  2.23098278e+00
  2.14672232e+00  1.38799638e-01  3.15647572e-02  2.40048885e+00
  2.00841856e+00  1.20143302e-01  3.70342880e-02]","[ 0.10529566  0.11886907 -0.7456675   0.99706984  0.00346112  0.07641888
  0.00161016  0.9978051  -0.06620038 -0.07648027  0.06612945  0.99487567
  0.13730657  0.1414181  -0.05878288 -0.28585202  0.3848251   0.00289071
  0.00152826 -0.26201814  0.35778713  0.02313328  0.00789118 -0.2052607
  0.3347366   0.02002394  0.00925863]"
82.772,[0.53681386 0.60507399 0.6314252 ],"[[ 0.99699762  0.00587159  0.07720928]
 [ 0.00103586  0.99602027 -0.08912098]
 [-0.07742529  0.08893338  0.99302376]]",[ 1.37004397  1.38900729 -0.64684671],[2.5948527  1.6414049  0.06975604 0.04431605],[ 0.04115366 -2.11452679 -3.08990523],"[ 5.36813855e-01  6.05073988e-01  6.31425202e-01  9.96997619e-01
  5.87158718e-03  7.72092783e-02  1.03585645e-03  9.96020270e-01
 -8.91209763e-02 -7.74252878e-02  8.89333788e-02  9.93023755e-01
  1.37004397e+00  1.38900729e+00 -6.46846709e-01  2.23098278e+00
  2.14672232e+00  1.38799638e-01  3.15647572e-02  2.40048885e+00
  2.00841856e+00  1.20143302e-01  3.70342880e-02  2.48582268e+00
  1.82741416e+00  7.94076100e-02  3.91483307e-02]","[ 0.10736275  0.12101483 -0.7474299   0.9969976   0.00587153  0.07720923
  0.00103581  0.9960203  -0.08912098 -0.0774253   0.08893335  0.99302375
  0.13700438  0.13890076 -0.06468469 -0.26201814  0.35778713  0.02313328
  0.00789118 -0.2052607   0.3347366   0.02002394  0.00925863 -0.17668748
  0.304569    0.01323462  0.00978708]"
82.783,[0.54716188 0.61569506 0.62679076],"[[ 9.96922134e-01  1.01015144e-02  7.77445703e-02]
 [-4.96335581e-04  9.92457579e-01 -1.22587552e-01]
 [-7.83965079e-02  1.22171657e-01  9.89407941e-01]]",[ 1.36740799  1.36755985 -0.68732855],[2.681705   1.3469291  0.06677315 0.05262238],[ 0.07879546 -2.5112203  -2.26880916],"[ 5.47161877e-01  6.15695059e-01  6.26790762e-01  9.96922134e-01
  1.01015144e-02  7.77445703e-02 -4.96335581e-04  9.92457579e-01
 -1.22587552e-01 -7.83965079e-02  1.22171657e-01  9.89407941e-01
  1.36740799e+00  1.36755985e+00 -6.87328546e-01  2.40048885e+00
  2.00841856e+00  1.20143302e-01  3.70342880e-02  2.48582268e+00
  1.82741416e+00  7.94076100e-02  3.91483307e-02  2.59485269e+00
  1.64140487e+00  6.97560385e-02  4.43160534e-02]","[ 1.09432459e-01  1.23139024e-01 -7.49283671e-01  9.96922135e-01
  1.01015568e-02  7.77446032e-02 -4.96327877e-04  9.92457628e-01
 -1.22587562e-01 -7.83964992e-02  1.22171640e-01  9.89408016e-01
  1.36740804e-01  1.36755943e-01 -6.87327981e-02 -2.05260694e-01
  3.34736586e-01  2.00239420e-02  9.25862789e-03 -1.76687479e-01
  3.04569006e-01  1.32346153e-02  9.78708267e-03 -1.40179873e-01
  2.73567557e-01  1.16260052e-02  1.10790730e-02]"
82.794,[0.56789976 0.636536   0.61693621],"[[ 0.99692044  0.0129013   0.07735111]
 [-0.00170689  0.98971055 -0.1430738 ]
 [-0.07840104  0.14250117  0.9866847 ]]",[ 1.36882931  1.33347854 -0.7100977 ],[2.7631903  1.2986916  0.01080883 0.04790707],[ 0.10228246 -2.99495794 -1.60618694],"[ 5.67899764e-01  6.36536002e-01  6.16936207e-01  9.96920440e-01
  1.29012966e-02  7.73511070e-02 -1.70688877e-03  9.89710550e-01
 -1.43073803e-01 -7.84010442e-02  1.42501169e-01  9.86684698e-01
  1.36882931e+00  1.33347854e+00 -7.10097695e-01  2.48582268e+00
  1.82741416e+00  7.94076100e-02  3.91483307e-02  2.59485269e+00
  1.64140487e+00  6.97560385e-02  4.43160534e-02  2.68170500e+00
  1.34692907e+00  6.67731538e-02  5.26223779e-02]","[ 0.11357999  0.1273073  -0.7532255   0.99692047  0.01290131  0.07735109
 -0.0017069   0.98971057 -0.1430738  -0.07840103  0.14250112  0.9866847
  0.13688302  0.13334787 -0.0710097  -0.17668748  0.304569    0.01323462
  0.00978708 -0.14017987  0.27356756  0.01162601  0.01107907 -0.11109823
  0.22448826  0.0111289   0.01315558]"
82.803,[0.58870339 0.65669042 0.60655618],"[[ 0.99694324  0.01758129  0.07612533]
 [-0.00313021  0.98255798 -0.18593014]
 [-0.07806644  0.18512351  0.97960957]]",[ 1.37200358  1.28230286 -0.72279438],[2.8119128  0.87739855 0.01817099 0.06680459],[ 0.16178912 -3.50144811 -0.47773228],"[ 0.58870339  0.65669042  0.60655618  0.99694324  0.01758129  0.07612533
 -0.00313021  0.98255798 -0.18593014 -0.07806644  0.18512351  0.97960957
  1.37200358  1.28230286 -0.72279438  2.59485269  1.64140487  0.06975604
  0.04431605  2.681705    1.34692907  0.06677315  0.05262238  2.76319027
  1.29869163  0.01080883  0.04790707]","[ 0.11774063  0.13133812 -0.7573775   0.99694324  0.01758134  0.07612538
 -0.0031302   0.982558   -0.18593013 -0.07806647  0.18512344  0.9796095
  0.13720036  0.12823033 -0.07227945 -0.14017987  0.27356756  0.01162601
  0.01107907 -0.11109823  0.22448826  0.0111289   0.01315558 -0.08381373
  0.21644866  0.00180149  0.01197672]"
82.81,[0.58870339 0.65669042 0.60655618],"[[ 0.99694324  0.01758129  0.07612533]
 [-0.00313021  0.98255798 -0.18593014]
 [-0.07806644  0.18512351  0.97960957]]",[ 1.37200358  1.28230286 -0.72279438],[ 2.8622437   1.0878259  -0.03577229  0.06230035],[ 0.22724269 -4.05291642  0.32105179],"[ 0.58870339  0.65669042  0.60655618  0.99694324  0.01758129  0.07612533
 -0.00313021  0.98255798 -0.18593014 -0.07806644  0.18512351  0.97960957
  1.37200358  1.28230286 -0.72279438  2.681705    1.34692907  0.06677315
  0.05262238  2.76319027  1.29869163  0.01080883  0.04790707  2.81191278
  0.87739855  0.01817099  0.06680459]","[ 0.11774063  0.13133812 -0.7573775   0.99694324  0.01758134  0.07612538
 -0.0031302   0.982558   -0.18593013 -0.07806647  0.18512344  0.9796095
  0.13720036  0.12823033 -0.07227945 -0.11109823  0.22448826  0.0111289
  0.01315558 -0.08381373  0.21644866  0.00180149  0.01197672 -0.06749946
  0.14623308  0.00302851  0.0167011 ]"
82.817,[0.59913588 0.66644514 0.60128874],"[[ 0.99683281  0.0181845   0.07741886]
 [-0.00168579  0.97811905 -0.20803912]
 [-0.07950795  0.20724971  0.97505182]]",[ 1.37495792  1.26086165 -0.70286058],[2.8394895e+00 8.0938619e-01 2.6431754e-03 7.1204334e-02],[ 0.22724269 -4.05291642  0.32105179],"[ 5.99135876e-01  6.66445136e-01  6.01288736e-01  9.96832807e-01
  1.81844970e-02  7.74188586e-02 -1.68579067e-03  9.78119053e-01
 -2.08039124e-01 -7.95079474e-02  2.07249712e-01  9.75051816e-01
  1.37495792e+00  1.26086165e+00 -7.02860579e-01  2.76319027e+00
  1.29869163e+00  1.08088329e-02  4.79070693e-02  2.81191278e+00
  8.77398551e-01  1.81709900e-02  6.68045878e-02  2.86224365e+00
  1.08782589e+00 -3.57722864e-02  6.23003542e-02]","[ 0.11982715  0.1332891  -0.7594845   0.99683285  0.01818454  0.0774188
 -0.0016858   0.97811913 -0.2080391  -0.07950795  0.20724976  0.9750519
  0.13749588  0.12608612 -0.0702861  -0.08381373  0.21644866  0.00180149
  0.01197672 -0.06749946  0.14623308  0.00302851  0.0167011  -0.05064666
  0.18130434 -0.00596201  0.01557505]"
82.825,[0.62008065 0.68517363 0.59082669],"[[ 9.96694005e-01  1.79350400e-02  7.92426311e-02]
 [ 1.56443886e-04  9.74905564e-01 -2.22618769e-01]
 [-8.12467586e-02  2.21895189e-01  9.71679726e-01]]",[ 1.38113319  1.1764562  -0.70115712],[ 2.8661146   0.5506038  -0.08042128  0.06441742],[ 0.32516744 -4.60797177  1.37055952],"[ 6.20080650e-01  6.85173631e-01  5.90826690e-01  9.96694005e-01
  1.79350400e-02  7.92426311e-02  1.56443886e-04  9.74905564e-01
 -2.22618769e-01 -8.12467586e-02  2.21895189e-01  9.71679726e-01
  1.38113319e+00  1.17645620e+00 -7.01157122e-01  2.81191278e+00
  8.77398551e-01  1.81709900e-02  6.68045878e-02  2.86224365e+00
  1.08782589e+00 -3.57722864e-02  6.23003542e-02  2.83948946e+00
  8.09386194e-01  2.64317542e-03  7.12043345e-02]","[ 1.24016166e-01  1.37034774e-01 -7.63669312e-01  9.96694088e-01
  1.79350376e-02  7.92425871e-02  1.56402588e-04  9.74905491e-01
 -2.22618759e-01 -8.12467337e-02  2.21895218e-01  9.71679688e-01
  1.38113379e-01  1.17645621e-01 -7.01156259e-02 -6.74994588e-02
  1.46233082e-01  3.02851200e-03  1.67011023e-02 -5.06466627e-02
  1.81304336e-01 -5.96201420e-03  1.55750513e-02 -5.82656860e-02
  1.34897709e-01  4.40597534e-04  1.78010464e-02]"
82.831,[0.6306026  0.69408518 0.58573216],"[[ 0.99650638  0.01749217  0.0816643 ]
 [ 0.00300313  0.96968301 -0.2443478 ]
 [-0.08346265  0.24373939  0.96624277]]",[ 1.38217878  1.14567268 -0.6694234 ],[ 2.860876    0.38208336 -0.21138313  0.05381389],[ 0.42974025 -5.25863115  2.20192099],"[ 6.30602598e-01  6.94085181e-01  5.85732162e-01  9.96506381e-01
  1.74921663e-02  8.16642967e-02  3.00312636e-03  9.69683008e-01
 -2.44347798e-01 -8.34626531e-02  2.43739388e-01  9.66242773e-01
  1.38217878e+00  1.14567268e+00 -6.69423398e-01  2.86224365e+00
  1.08782589e+00 -3.57722864e-02  6.23003542e-02  2.83948946e+00
  8.09386194e-01  2.64317542e-03  7.12043345e-02  2.86611462e+00
  5.50603807e-01 -8.04212764e-02  6.44174218e-02]","[ 1.2612057e-01  1.3881707e-01 -7.6570714e-01  9.9650645e-01
  1.7492175e-02  8.1664324e-02  3.0031204e-03  9.6968293e-01
 -2.4434781e-01 -8.3462656e-02  2.4373937e-01  9.6624279e-01
  1.3821793e-01  1.1456728e-01 -6.6942275e-02 -5.0646663e-02
  1.8130434e-01 -5.9620142e-03  1.5575051e-02 -5.8265686e-02
  1.3489771e-01  4.4059753e-04  1.7801046e-02 -4.9350500e-02
  9.1767311e-02 -1.3403535e-02  1.6104341e-02]"
82.838,[0.6306026  0.69408518 0.58573216],"[[ 0.99650638  0.01749217  0.0816643 ]
 [ 0.00300313  0.96968301 -0.2443478 ]
 [-0.08346265  0.24373939  0.96624277]]",[ 1.38217878  1.14567268 -0.6694234 ],[ 2.884447    0.56456393 -0.18690631  0.06671496],[ 0.42974025 -5.25863115  2.20192099],"[ 6.30602598e-01  6.94085181e-01  5.85732162e-01  9.96506381e-01
  1.74921663e-02  8.16642967e-02  3.00312636e-03  9.69683008e-01
 -2.44347798e-01 -8.34626531e-02  2.43739388e-01  9.66242773e-01
  1.38217878e+00  1.14567268e+00 -6.69423398e-01  2.83948946e+00
  8.09386194e-01  2.64317542e-03  7.12043345e-02  2.86611462e+00
  5.50603807e-01 -8.04212764e-02  6.44174218e-02  2.86087608e+00
  3.82083356e-01 -2.11383134e-01  5.38138896e-02]","[ 1.2612057e-01  1.3881707e-01 -7.6570714e-01  9.9650645e-01
  1.7492175e-02  8.1664324e-02  3.0031204e-03  9.6968293e-01
 -2.4434781e-01 -8.3462656e-02  2.4373937e-01  9.6624279e-01
  1.3821793e-01  1.1456728e-01 -6.6942275e-02 -5.8265686e-02
  1.3489771e-01  4.4059753e-04  1.7801046e-02 -4.9350500e-02
  9.1767311e-02 -1.3403535e-02  1.6104341e-02 -5.1104605e-02
  6.3680649e-02 -3.5230517e-02  1.3453484e-02]"
82.845,[0.64129812 0.70312876 0.58142126],"[[ 0.99647196  0.01766713  0.08204574]
 [ 0.00413004  0.96608522 -0.2581904 ]
 [-0.08382466  0.25761834  0.96260387]]",[ 1.38609009  1.09024848 -0.66061363],[ 2.8612165   0.24301125 -0.12961376  0.0729283 ],[ 0.51578677 -5.85515245  3.17520403],"[ 0.64129812  0.70312876  0.58142126  0.99647196  0.01766713  0.08204574
  0.00413004  0.96608522 -0.2581904  -0.08382466  0.25761834  0.96260387
  1.38609009  1.09024848 -0.66061363  2.86611462  0.55060381 -0.08042128
  0.06441742  2.86087608  0.38208336 -0.21138313  0.05381389  2.8844471
  0.56456393 -0.18690631  0.06671496]","[ 0.12825966  0.14062583 -0.7674315   0.9964719   0.01766717  0.08204579
  0.00413001  0.9660852  -0.2581904  -0.08382463  0.2576183   0.9626038
  0.13860905  0.10902488 -0.06606138 -0.0493505   0.09176731 -0.01340353
  0.01610434 -0.05110461  0.06368065 -0.03523052  0.01345348 -0.04321206
  0.09409404 -0.03115106  0.01667869]"
82.853,[0.65203369 0.71178913 0.57729572],"[[ 0.99659574  0.0190105   0.08022182]
 [ 0.0038868   0.96113543 -0.27604997]
 [-0.08235188  0.27542203  0.95778958]]",[ 1.38708199  1.0407257  -0.63851718],[ 2.8595884   0.01282384 -0.19290197  0.06196418],[ 0.5324715  -6.45482108  3.83169459],"[ 0.65203369  0.71178913  0.57729572  0.99659574  0.0190105   0.08022182
  0.0038868   0.96113543 -0.27604997 -0.08235188  0.27542203  0.95778958
  1.38708199  1.0407257  -0.63851718  2.86087608  0.38208336 -0.21138313
  0.05381389  2.8844471   0.56456393 -0.18690631  0.06671496  2.86121655
  0.24301125 -0.12961376  0.0729283 ]","[ 0.13040674  0.14235783 -0.7690817   0.99659574  0.01901054  0.08022177
  0.00388682  0.9611354  -0.27604997 -0.08235186  0.2754221   0.95778966
  0.13870823  0.10407257 -0.06385171 -0.05110461  0.06368065 -0.03523052
  0.01345348 -0.04321206  0.09409404 -0.03115106  0.01667869 -0.05099058
  0.04050195 -0.02160227  0.01823211]"
82.865,[0.67362708 0.72785634 0.56973612],"[[ 0.99671348  0.02042412  0.07839067]
 [ 0.00281835  0.95836572 -0.28552968]
 [-0.08095862  0.28481221  0.95515847]]",[ 1.39534444  0.93788502 -0.55837735],[ 2.8086014  -0.11343633 -0.30410272  0.04620295],[ 0.54672014 -6.92913724  4.55530967],"[ 6.73627079e-01  7.27856338e-01  5.69736123e-01  9.96713478e-01
  2.04241226e-02  7.83906693e-02  2.81834643e-03  9.58365722e-01
 -2.85529682e-01 -8.09586236e-02  2.84812215e-01  9.55158470e-01
  1.39534444e+00  9.37885017e-01 -5.58377346e-01  2.88444710e+00
  5.64563930e-01 -1.86906308e-01  6.67149574e-02  2.86121655e+00
  2.43011251e-01 -1.29613757e-01  7.29283020e-02  2.85958838e+00
  1.28238425e-02 -1.92901969e-01  6.19641840e-02]","[ 0.13472545  0.14557123 -0.7721056   0.9967134   0.02042413  0.07839072
  0.00281835  0.9583657  -0.28552967 -0.0809586   0.2848122   0.9551585
  0.13953447  0.0937885  -0.05583769 -0.04321206  0.09409404 -0.03115106
  0.01667869 -0.05099058  0.04050195 -0.02160227  0.01823211 -0.05153573
  0.00213742 -0.03215033  0.01549101]"
82.88,[0.68448639 0.7352137  0.56637651],"[[ 0.99677597  0.02236227  0.07705583]
 [ 0.00146223  0.95515308 -0.29610887]
 [-0.08022178  0.29526688  0.95204093]]",[ 1.39975425  0.87977661 -0.51716815],[ 2.7881076  -0.20428057 -0.28749692  0.05065867],[ 0.58575464 -7.4716742   5.30098094],"[ 6.84486389e-01  7.35213697e-01  5.66376507e-01  9.96775967e-01
  2.23622722e-02  7.70558260e-02  1.46223487e-03  9.55153076e-01
 -2.96108871e-01 -8.02217763e-02  2.95266880e-01  9.52040932e-01
  1.39975425e+00  8.79776608e-01 -5.17168152e-01  2.86121655e+00
  2.43011251e-01 -1.29613757e-01  7.29283020e-02  2.85958838e+00
  1.28238425e-02 -1.92901969e-01  6.19641840e-02  2.80860138e+00
 -1.13436334e-01 -3.04102719e-01  4.62029502e-02]","[ 0.13689733  0.14704275 -0.7734494   0.996776    0.02236223  0.07705581
  0.00146222  0.955153   -0.29610884 -0.08022177  0.29526687  0.9520409
  0.13997543  0.08797777 -0.0517168  -0.05099058  0.04050195 -0.02160227
  0.01823211 -0.05153573  0.00213742 -0.03215033  0.01549101 -0.06860822
 -0.018906   -0.0506838   0.01155078]"
82.892,[0.69538921 0.74210006 0.56332827],"[[ 0.9967289   0.02304913  0.07746117]
 [ 0.00137289  0.95350101 -0.3013867 ]
 [-0.080806    0.30050718  0.95035037]]",[ 1.40640813  0.82084973 -0.4678423 ],[ 2.74699    -0.30335277 -0.31580785  0.04304943],[ 0.61673768 -7.55334444  5.41632995],"[ 6.95389211e-01  7.42100060e-01  5.63328266e-01  9.96728903e-01
  2.30491303e-02  7.74611671e-02  1.37288774e-03  9.53501007e-01
 -3.01386704e-01 -8.08060022e-02  3.00507184e-01  9.50350368e-01
  1.40640813e+00  8.20849726e-01 -4.67842303e-01  2.85958838e+00
  1.28238425e-02 -1.92901969e-01  6.19641840e-02  2.80860138e+00
 -1.13436334e-01 -3.04102719e-01  4.62029502e-02  2.78810763e+00
 -2.04280570e-01 -2.87496924e-01  5.06586730e-02]","[ 0.1390779   0.1484201  -0.7746687   0.9967289   0.02304912  0.07746112
  0.00137293  0.953501   -0.3013867  -0.08080602  0.3005072   0.9503503
  0.14064085  0.08208501 -0.04678422 -0.05153573  0.00213742 -0.03215033
  0.01549101 -0.06860822 -0.018906   -0.0506838   0.01155078 -0.07547039
 -0.03404671 -0.04791617  0.01266468]"
82.903,[0.70633745 0.74850911 0.56060129],"[[ 0.99666869  0.02303284  0.07823688]
 [ 0.00194847  0.95229399 -0.30517594]
 [-0.08153358  0.30431175  0.94907673]]",[ 1.41127443  0.76252699 -0.42094212],[ 2.701828   -0.39080375 -0.36814797  0.0292364 ],[ 0.61956831 -7.58135785  5.47962849],"[ 7.06337452e-01  7.48509109e-01  5.60601294e-01  9.96668690e-01
  2.30328382e-02  7.82368849e-02  1.94847233e-03  9.52293993e-01
 -3.05175939e-01 -8.15335836e-02  3.04311746e-01  9.49076728e-01
  1.41127443e+00  7.62526992e-01 -4.20942123e-01  2.80860138e+00
 -1.13436334e-01 -3.04102719e-01  4.62029502e-02  2.78810763e+00
 -2.04280570e-01 -2.87496924e-01  5.06586730e-02  2.74698997e+00
 -3.03352773e-01 -3.15807849e-01  4.30494323e-02]","[ 0.14126754  0.14970183 -0.77575946  0.9966687   0.02303278  0.07823694
  0.00194848  0.952294   -0.3051759  -0.08153355  0.30431175  0.94907665
  0.14112747  0.07625282 -0.04209423 -0.06860822 -0.018906   -0.0506838
  0.01155078 -0.07547039 -0.03404671 -0.04791617  0.01266468 -0.08923823
 -0.05055881 -0.0526346   0.01076233]"
82.916,[0.72837263 0.75988626 0.55612975],"[[ 0.99671957  0.02167923  0.07797506]
 [ 0.00330024  0.95176725 -0.3068032 ]
 [-0.08086536  0.30605409  0.9485735 ]]",[ 1.42064559  0.64195812 -0.33265915],[ 2.589881   -0.5883961  -0.42944327  0.00543602],[ 0.5512571  -7.59178561  5.68661341],"[ 0.72837263  0.75988626  0.55612975  0.99671957  0.02167923  0.07797506
  0.00330024  0.95176725 -0.3068032  -0.08086536  0.30605409  0.9485735
  1.42064559  0.64195812 -0.33265915  2.78810763 -0.20428057 -0.28749692
  0.05065867  2.74698997 -0.30335277 -0.31580785  0.04304943  2.701828
 -0.39080375 -0.36814797  0.0292364 ]","[ 0.14567459  0.1519773  -0.7775481   0.9967196   0.02167928  0.07797503
  0.00330019  0.9517672  -0.30680323 -0.08086538  0.30605412  0.9485736
  0.14206457  0.06419587 -0.03326589 -0.07547039 -0.03404671 -0.04791617
  0.01266468 -0.08923823 -0.05055881 -0.0526346   0.01076233 -0.10436028
 -0.06513393 -0.06135798  0.00730908]"
82.928,[0.7505793  0.76934493 0.55301666],"[[ 0.997306    0.01760707  0.07120909]
 [ 0.00470124  0.95342751 -0.30158562]
 [-0.07320275  0.30110792  0.9507762 ]]",[ 1.4278134   0.52187958 -0.2453604 ],[ 2.481628   -0.61364585 -0.47600865 -0.00621487],[ 0.36571305 -7.2792119   5.37371106],"[ 0.7505793   0.76934493  0.55301666  0.997306    0.01760707  0.07120909
  0.00470124  0.95342751 -0.30158562 -0.07320275  0.30110792  0.9507762
  1.4278134   0.52187958 -0.2453604   2.74698997 -0.30335277 -0.31580785
  0.04304943  2.701828   -0.39080375 -0.36814797  0.0292364   2.58988094
 -0.58839607 -0.42944327  0.00543602]","[ 0.15011585  0.15386903 -0.77879333  0.997306    0.01760709  0.07120907
  0.00470126  0.95342755 -0.3015856  -0.07320273  0.30110788  0.9507762
  0.14278138  0.05218792 -0.02453601 -0.08923823 -0.05055881 -0.0526346
  0.01076233 -0.10436028 -0.06513393 -0.06135798  0.00730908 -0.14184463
 -0.09806597 -0.07157385  0.00135899]"
82.94,[0.76173615 0.77336466 0.55197567],"[[ 0.99759868  0.01601199  0.06738316]
 [ 0.00501091  0.95367302 -0.30080336]
 [-0.06907796  0.30041869  0.95130271]]",[ 1.43139005  0.46347913 -0.19679831],[ 2.423581   -0.61771524 -0.46272898 -0.00529996],[ 0.31546867 -7.14958637  5.02051682],"[ 0.76173615  0.77336466  0.55197567  0.99759868  0.01601199  0.06738316
  0.00501091  0.95367302 -0.30080336 -0.06907796  0.30041869  0.95130271
  1.43139005  0.46347913 -0.19679831  2.701828   -0.39080375 -0.36814797
  0.0292364   2.58988094 -0.58839607 -0.42944327  0.00543602  2.48162794
 -0.61364585 -0.47600865 -0.00621487]","[ 0.1523472   0.15467298 -0.77920973  0.99759865  0.01601195  0.06738317
  0.00501096  0.953673   -0.30080336 -0.06907797  0.30041862  0.95130277
  0.143139    0.04634798 -0.01967984 -0.10436028 -0.06513393 -0.06135798
  0.00730908 -0.14184463 -0.09806597 -0.07157385  0.00135899 -0.17809206
 -0.1022743  -0.07933474 -0.00155371]"
82.952,[0.78413689 0.78002161 0.55086899],"[[ 0.99768553  0.01579862  0.06613619]
 [ 0.00496302  0.95312053 -0.30255019]
 [-0.06781564  0.30217818  0.95083615]]",[ 1.43625677  0.34891358 -0.11430291],[ 2.298553   -0.87423545 -0.49734664 -0.02817884],[ 0.2825824  -7.03933058  4.65816815],"[ 0.78413689  0.78002161  0.55086899  0.99768553  0.01579862  0.06613619
  0.00496302  0.95312053 -0.30255019 -0.06781564  0.30217818  0.95083615
  1.43625677  0.34891358 -0.11430291  2.58988094 -0.58839607 -0.42944327
  0.00543602  2.48162794 -0.61364585 -0.47600865 -0.00621487  2.42358088
 -0.61771524 -0.46272898 -0.00529996]","[ 0.15682733  0.15600431 -0.7796524   0.99768555  0.01579857  0.06613624
  0.00496304  0.95312047 -0.3025502  -0.06781566  0.30217814  0.9508362
  0.14362562  0.03489137 -0.01143026 -0.14184463 -0.09806597 -0.07157385
  0.00135899 -0.17809206 -0.1022743  -0.07933474 -0.00155371 -0.19752854
 -0.10295254 -0.0771215  -0.00132501]"
82.963,[0.7953757  0.78267086 0.55076748],"[[ 0.99771783  0.01618893  0.06555187]
 [ 0.00458445  0.95235011 -0.30497255]
 [-0.06736551  0.30457707  0.95010247]]",[ 1.43835127  0.29254234 -0.07613903],[ 2.267668   -0.92105156 -0.60119367 -0.04640129],[ 0.22681126 -6.75033827  3.95578303],"[ 0.7953757   0.78267086  0.55076748  0.99771783  0.01618893  0.06555187
  0.00458445  0.95235011 -0.30497255 -0.06736551  0.30457707  0.95010247
  1.43835127  0.29254234 -0.07613903  2.48162794 -0.61364585 -0.47600865
 -0.00621487  2.42358088 -0.61771524 -0.46272898 -0.00529996  2.29855299
 -0.87423545 -0.49734664 -0.02817884]","[ 0.15907514  0.1565342  -0.779693    0.99771786  0.01618898  0.06555188
  0.00458443  0.95235014 -0.30497253 -0.06736553  0.3045771   0.95010245
  0.14383519  0.02925432 -0.00761396 -0.17809206 -0.1022743  -0.07933474
 -0.00155371 -0.19752854 -0.10295254 -0.0771215  -0.00132501 -0.23939294
 -0.14570594 -0.08289111 -0.00704473]"
82.975,[0.80663705 0.78487915 0.55091208],"[[ 0.99776909  0.01737866  0.06445789]
 [ 0.00321327  0.95190245 -0.3063844 ]
 [-0.06668217  0.30590801  0.949723  ]]",[ 1.43966839  0.24042031 -0.04424117],[ 2.2478461  -0.9560067  -0.6166144  -0.04726271],[ 0.12597016 -6.33594753  3.35212852],"[ 0.80663705  0.78487915  0.55091208  0.99776909  0.01737866  0.06445789
  0.00321327  0.95190245 -0.3063844  -0.06668217  0.30590801  0.949723
  1.43966839  0.24042031 -0.04424117  2.42358088 -0.61771524 -0.46272898
 -0.00529996  2.29855299 -0.87423545 -0.49734664 -0.02817884  2.26766801
 -0.92105156 -0.60119367 -0.04640129]","[ 0.16132736  0.15697587 -0.7796352   0.9977691   0.01737869  0.06445789
  0.00321329  0.9519024  -0.30638444 -0.06668216  0.30590796  0.949723
  0.14396691  0.02404201 -0.0044241  -0.19752854 -0.10295254 -0.0771215
 -0.00132501 -0.23939294 -0.14570594 -0.08289111 -0.00704473 -0.24973446
 -0.15350854 -0.10019886 -0.01160032]"
82.982,[0.84051079 0.78905475 0.55264223],"[[ 0.99818772  0.0193223   0.05699057]
 [-0.0016834   0.95564373 -0.29452035]
 [-0.06015349  0.29389066  0.95394436]]",[1.44119728 0.09162631 0.03464811],[ 2.123888   -1.0886314  -0.6242752  -0.05703643],[ 0.01947429 -5.91581317  2.77581579],"[ 8.40510786e-01  7.89054751e-01  5.52642226e-01  9.98187720e-01
  1.93222990e-02  5.69905661e-02 -1.68340321e-03  9.55643725e-01
 -2.94520349e-01 -6.01534871e-02  2.93890658e-01  9.53944359e-01
  1.44119728e+00  9.16263148e-02  3.46481075e-02  2.29855299e+00
 -8.74235451e-01 -4.97346640e-01 -2.81788409e-02  2.26766801e+00
 -9.21051562e-01 -6.01193666e-01 -4.64012921e-02  2.24784613e+00
 -9.56006706e-01 -6.16614401e-01 -4.72627133e-02]","[ 0.16810215  0.15781105 -0.7789431   0.9981878   0.01932228  0.05699062
 -0.00168341  0.95564365 -0.29452038 -0.06015348  0.2938907   0.95394444
  0.14411974  0.00916266  0.00346482 -0.23939294 -0.14570594 -0.08289111
 -0.00704473 -0.24973446 -0.15350854 -0.10019886 -0.01160032 -0.25637162
 -0.15933442 -0.10276902 -0.01181567]"
82.989,[0.84051079 0.78905475 0.55264223],"[[ 0.99818772  0.0193223   0.05699057]
 [-0.0016834   0.95564373 -0.29452035]
 [-0.06015349  0.29389066  0.95394436]]",[1.44119728 0.09162631 0.03464811],[ 2.131103   -1.014101   -0.65883213 -0.05608892],[-0.14900587 -5.36923584  2.23781065],"[ 8.40510786e-01  7.89054751e-01  5.52642226e-01  9.98187720e-01
  1.93222990e-02  5.69905661e-02 -1.68340321e-03  9.55643725e-01
 -2.94520349e-01 -6.01534871e-02  2.93890658e-01  9.53944359e-01
  1.44119728e+00  9.16263148e-02  3.46481075e-02  2.26766801e+00
 -9.21051562e-01 -6.01193666e-01 -4.64012921e-02  2.24784613e+00
 -9.56006706e-01 -6.16614401e-01 -4.72627133e-02  2.12388802e+00
 -1.08863139e+00 -6.24275208e-01 -5.70364296e-02]","[ 0.16810215  0.15781105 -0.7789431   0.9981878   0.01932228  0.05699062
 -0.00168341  0.95564365 -0.29452038 -0.06015348  0.2938907   0.95394444
  0.14411974  0.00916266  0.00346482 -0.24973446 -0.15350854 -0.10019886
 -0.01160032 -0.25637162 -0.15933442 -0.10276902 -0.01181567 -0.29787773
 -0.18143857 -0.10404587 -0.0142591 ]"
82.996,[0.85181051 0.7897076  0.55355614],"[[ 0.99859002  0.01966945  0.04930605]
 [-0.00502321  0.95966512 -0.28110074]
 [-0.05284639  0.28045672  0.95841081]]",[1.43984818 0.04872737 0.05385289],[ 2.1376557  -0.8541102  -0.58699465 -0.04212952],[-0.14900587 -5.36923584  2.23781065],"[ 0.85181051  0.7897076   0.55355614  0.99859002  0.01966945  0.04930605
 -0.00502321  0.95966512 -0.28110074 -0.05284639  0.28045672  0.95841081
  1.43984818  0.04872737  0.05385289  2.24784613 -0.95600671 -0.6166144
 -0.04726271  2.12388802 -1.08863139 -0.62427521 -0.05703643  2.13110304
 -1.01410103 -0.65883213 -0.05608892]","[ 0.17036211  0.15794158 -0.77857757  0.99859     0.01966941  0.04930604
 -0.00502318  0.95966506 -0.28110075 -0.05284637  0.28045678  0.95841074
  0.1439848   0.00487268  0.00538528 -0.25637162 -0.15933442 -0.10276902
 -0.01181567 -0.29787773 -0.18143857 -0.10404587 -0.0142591  -0.2954619
 -0.16901684 -0.10980535 -0.01402223]"
83.003,[0.8631025 0.7900331 0.5545885],"[[ 0.99883809  0.0193762   0.04412518]
 [-0.00664324  0.96223073 -0.27215415]
 [-0.04773192  0.2715448   0.96124143]]",[1.43762326 0.00948163 0.06755566],[ 2.1116514  -0.86174893 -0.5314847  -0.04149316],[-0.26317754 -4.8827603   1.49158786],"[ 0.8631025   0.7900331   0.5545885   0.99883809  0.0193762   0.04412518
 -0.00664324  0.96223073 -0.27215415 -0.04773192  0.2715448   0.96124143
  1.43762326  0.00948163  0.06755566  2.12388802 -1.08863139 -0.62427521
 -0.05703643  2.13110304 -1.01410103 -0.65883213 -0.05608892  2.13765574
 -0.85411018 -0.58699465 -0.04212952]","[ 1.72620535e-01  1.58006668e-01 -7.78164625e-01  9.98838067e-01
  1.93761587e-02  4.41251993e-02 -6.64323568e-03  9.62230682e-01
 -2.72154152e-01 -4.77319360e-02  2.71544814e-01  9.61241484e-01
  1.43762350e-01  9.48190689e-04  6.75559044e-03 -2.97877729e-01
 -1.81438565e-01 -1.04045868e-01 -1.42591000e-02 -2.95461893e-01
 -1.69016838e-01 -1.09805346e-01 -1.40222311e-02 -2.93267787e-01
 -1.42351687e-01 -9.78324413e-02 -1.05323792e-02]"
83.01,[0.8631025 0.7900331 0.5545885],"[[ 0.99883809  0.0193762   0.04412518]
 [-0.00664324  0.96223073 -0.27215415]
 [-0.04773192  0.2715448   0.96124143]]",[1.43762326 0.00948163 0.06755566],[ 2.09894    -0.89272565 -0.5579784  -0.05235545],[-0.38696173 -4.37773886  0.81632165],"[ 0.8631025   0.7900331   0.5545885   0.99883809  0.0193762   0.04412518
 -0.00664324  0.96223073 -0.27215415 -0.04773192  0.2715448   0.96124143
  1.43762326  0.00948163  0.06755566  2.13110304 -1.01410103 -0.65883213
 -0.05608892  2.13765574 -0.85411018 -0.58699465 -0.04212952  2.11165142
 -0.86174893 -0.53148472 -0.04149316]","[ 1.72620535e-01  1.58006668e-01 -7.78164625e-01  9.98838067e-01
  1.93761587e-02  4.41251993e-02 -6.64323568e-03  9.62230682e-01
 -2.72154152e-01 -4.77319360e-02  2.71544814e-01  9.61241484e-01
  1.43762350e-01  9.48190689e-04  6.75559044e-03 -2.95461893e-01
 -1.69016838e-01 -1.09805346e-01 -1.40222311e-02 -2.93267787e-01
 -1.42351687e-01 -9.78324413e-02 -1.05323792e-02 -3.01975071e-01
 -1.43624783e-01 -8.85807276e-02 -1.03732944e-02]"
83.017,[0.87438023 0.79005849 0.55569166],"[[ 0.99912746  0.01818549  0.03759799]
 [-0.00775984  0.96538101 -0.2607284 ]
 [-0.04103786  0.26020915  0.96467979]]",[ 1.43470204 -0.02675684  0.07703134],[ 2.0982685  -0.76477385 -0.5453385  -0.04886073],[-0.38696173 -4.37773886  0.81632165],"[ 0.87438023  0.79005849  0.55569166  0.99912746  0.01818549  0.03759799
 -0.00775984  0.96538101 -0.2607284  -0.04103786  0.26020915  0.96467979
  1.43470204 -0.02675684  0.07703134  2.13765574 -0.85411018 -0.58699465
 -0.04212952  2.11165142 -0.86174893 -0.53148472 -0.04149316  2.0989399
 -0.89272565 -0.55797839 -0.05235545]","[ 0.1748761   0.1580118  -0.7777233   0.9991274   0.0181855   0.03759801
 -0.00775981  0.965381   -0.26072836 -0.04103786  0.26020908  0.9646797
  0.14347017 -0.00267571  0.00770319 -0.2932678  -0.14235169 -0.09783244
 -0.01053238 -0.30197507 -0.14362478 -0.08858073 -0.01037329 -0.30623138
 -0.14878756 -0.09299642 -0.01308888]"
83.024,[0.89687437 0.78928947 0.55801898],"[[ 0.99920272  0.01763662  0.03581715]
 [-0.0078221   0.96622984 -0.257563  ]
 [-0.03915014  0.25707749  0.96559745]]",[ 1.42738283 -0.09257305  0.08644929],[ 2.0351126  -0.9397845  -0.53090173 -0.0571256 ],[-0.42703855 -4.14072784  0.42523766],"[ 0.89687437  0.78928947  0.55801898  0.99920272  0.01763662  0.03581715
 -0.0078221   0.96622984 -0.257563   -0.03915014  0.25707749  0.96559745
  1.42738283 -0.09257305  0.08644929  2.11165142 -0.86174893 -0.53148472
 -0.04149316  2.0989399  -0.89272565 -0.55797839 -0.05235545  2.09826851
 -0.76477385 -0.54533851 -0.04886073]","[ 0.17937493  0.1578579  -0.7767924   0.9992027   0.01763666  0.03581715
 -0.0078221   0.9662299  -0.257563   -0.03915012  0.25707746  0.9655974
  0.14273822 -0.00925732  0.00864494 -0.30197507 -0.14362478 -0.08858073
 -0.01037329 -0.30623138 -0.14878756 -0.09299642 -0.01308888 -0.3064562
 -0.12746227 -0.09088975 -0.0122152 ]"
83.033,[0.90808344 0.78852558 0.55920124],"[[ 0.99945393  0.01544139  0.02921319]
 [-0.00775905  0.96904595 -0.24675845]
 [-0.03211922  0.24639704  0.9686366 ]]",[ 1.42311323 -0.12301173  0.0879349 ],[ 2.0529962  -0.78334737 -0.5418385  -0.05368353],[-0.51672449 -3.82142388  0.07522695],"[ 0.90808344  0.78852558  0.55920124  0.99945393  0.01544139  0.02921319
 -0.00775905  0.96904595 -0.24675845 -0.03211922  0.24639704  0.9686366
  1.42311323 -0.12301173  0.0879349   2.0989399  -0.89272565 -0.55797839
 -0.05235545  2.09826851 -0.76477385 -0.54533851 -0.04886073  2.03511262
 -0.93978453 -0.53090173 -0.0571256 ]","[ 0.18161666  0.15770519 -0.7763195   0.9994539   0.01544142  0.02921319
 -0.00775903  0.9690459  -0.24675846 -0.03211921  0.24639702  0.9686365
  0.14231133 -0.01230115  0.00879347 -0.30623138 -0.14878756 -0.09299642
 -0.01308888 -0.3064562  -0.12746227 -0.09088975 -0.0122152  -0.32760334
 -0.15663075 -0.08848363 -0.01428139]"
83.042,[0.91926247 0.78752708 0.56036878],"[[ 0.99957533  0.01481152  0.02509549]
 [-0.00832229  0.97042331 -0.24126612]
 [-0.02792677  0.24095481  0.97013446]]",[ 1.41878551 -0.15130879  0.078963  ],[ 2.0560403  -0.7644747  -0.48676395 -0.04623055],[-0.57336485 -3.54775092 -0.43195144],"[ 0.91926247  0.78752708  0.56036878  0.99957533  0.01481152  0.02509549
 -0.00832229  0.97042331 -0.24126612 -0.02792677  0.24095481  0.97013446
  1.41878551 -0.15130879  0.078963    2.09826851 -0.76477385 -0.54533851
 -0.04886073  2.03511262 -0.93978453 -0.53090173 -0.0571256   2.05299616
 -0.78334737 -0.54183853 -0.05368353]","[ 0.18385255  0.1575054  -0.7758525   0.9995754   0.01481152  0.02509546
 -0.0083223   0.9704232  -0.24126613 -0.02792674  0.24095488  0.9701345
  0.14187849 -0.01513088  0.0078963  -0.3064562  -0.12746227 -0.09088975
 -0.0122152  -0.32760334 -0.15663075 -0.08848363 -0.01428139 -0.32161516
 -0.13055784 -0.0903064  -0.01342088]"
83.053,[0.93040746 0.78631002 0.56149435],"[[ 0.99969194  0.01474322  0.01996654]
 [-0.00963921  0.97193469 -0.23505326]
 [-0.02287161  0.23478839  0.97177739]]",[ 1.41369655 -0.1767765   0.07242021],[ 2.0661068  -0.75641596 -0.44636598 -0.04195327],[-0.65053071 -3.25167508 -0.90959991],"[ 0.93040746  0.78631002  0.56149435  0.99969194  0.01474322  0.01996654
 -0.00963921  0.97193469 -0.23505326 -0.02287161  0.23478839  0.97177739
  1.41369655 -0.1767765   0.07242021  2.03511262 -0.93978453 -0.53090173
 -0.0571256   2.05299616 -0.78334737 -0.54183853 -0.05368353  2.05604029
 -0.76447469 -0.48676395 -0.04623055]","[ 0.18608153  0.15726209 -0.77540225  0.99969196  0.01474321  0.01996648
 -0.0096392   0.9719347  -0.23505324 -0.02287161  0.23478842  0.97177744
  0.1413697  -0.01767766  0.00724208 -0.32760334 -0.15663075 -0.08848363
 -0.01428139 -0.32161516 -0.13055784 -0.0903064  -0.01342088 -0.32059592
 -0.12741244 -0.08112729 -0.01155764]"
83.063,[0.9525758  0.78327644 0.56355113],"[[ 0.99981779  0.01578213  0.01073855]
 [-0.01297437  0.97446614 -0.22415935]
 [-0.01400207  0.22397918  0.97449334]]",[ 1.40192863 -0.22192655  0.04834393],[ 2.0888157  -0.6731821  -0.40981814 -0.03705716],[-0.75555158 -2.99938248 -1.20986629],"[ 0.9525758   0.78327644  0.56355113  0.99981779  0.01578213  0.01073855
 -0.01297437  0.97446614 -0.22415935 -0.01400207  0.22397918  0.97449334
  1.40192863 -0.22192655  0.04834393  2.05299616 -0.78334737 -0.54183853
 -0.05368353  2.05604029 -0.76447469 -0.48676395 -0.04623055  2.0661068
 -0.75641596 -0.44636598 -0.04195327]","[ 0.19051516  0.15665531 -0.7745795   0.99981785  0.01578212  0.01073861
 -0.01297438  0.9744661  -0.22415936 -0.01400208  0.22397923  0.97449327
  0.14019287 -0.02219266  0.00483441 -0.32161516 -0.13055784 -0.0903064
 -0.01342088 -0.32059592 -0.12741244 -0.08112729 -0.01155764 -0.31722522
 -0.1260693  -0.07439429 -0.01048833]"
83.072,[0.96358943 0.78148735 0.56444484],"[[ 0.9998393   0.01787785  0.00132591]
 [-0.01718989  0.97709524 -0.21210705]
 [-0.00508755  0.21205017  0.97724554]]",[ 1.39508445 -0.24193241  0.03609598],[ 2.115952   -0.54062456 -0.32632816 -0.0203155 ],[-0.86629178 -2.69968758 -1.55199278],"[ 9.63589430e-01  7.81487346e-01  5.64444840e-01  9.99839299e-01
  1.78778509e-02  1.32590558e-03 -1.71898915e-02  9.77095239e-01
 -2.12107050e-01 -5.08755425e-03  2.12050172e-01  9.77245538e-01
  1.39508445e+00 -2.41932411e-01  3.60959812e-02  2.05604029e+00
 -7.64474690e-01 -4.86763954e-01 -4.62305546e-02  2.06610680e+00
 -7.56415963e-01 -4.46365982e-01 -4.19532657e-02  2.08881569e+00
 -6.73182070e-01 -4.09818143e-01 -3.70571613e-02]","[ 0.19271791  0.15629756 -0.7742221   0.9998393   0.01787782  0.00132596
 -0.01718992  0.97709525 -0.21210706 -0.00508755  0.2120502   0.97724557
  0.13950849 -0.02419329  0.00360954 -0.32059592 -0.12741244 -0.08112729
 -0.01155764 -0.31722522 -0.1260693  -0.07439429 -0.01048833 -0.3096214
 -0.11219698 -0.06830299 -0.00926429]"
83.083,[0.97455019 0.77953225 0.56522852],"[[ 9.99802427e-01  1.94685605e-02 -4.01015302e-03]
 [-1.98772190e-02  9.78750428e-01 -2.04089430e-01]
 [-4.83884372e-05  2.04128818e-01  9.78944035e-01]]",[ 1.38706385 -0.26386179  0.02964091],[ 2.1013772  -0.54408795 -0.2568981  -0.01495735],[-0.92745304 -2.54783665 -1.64072536],"[ 9.74550188e-01  7.79532254e-01  5.65228522e-01  9.99802427e-01
  1.94685605e-02 -4.01015302e-03 -1.98772190e-02  9.78750428e-01
 -2.04089430e-01 -4.83884372e-05  2.04128818e-01  9.78944035e-01
  1.38706385e+00 -2.63861787e-01  2.96409069e-02  2.06610680e+00
 -7.56415963e-01 -4.46365982e-01 -4.19532657e-02  2.08881569e+00
 -6.73182070e-01 -4.09818143e-01 -3.70571613e-02  2.11595201e+00
 -5.40624559e-01 -3.26328158e-01 -2.03154981e-02]","[ 1.9491005e-01  1.5590656e-01 -7.7390862e-01  9.9980235e-01
  1.9468546e-02 -4.0101409e-03 -1.9877195e-02  9.7875047e-01
 -2.0408940e-01 -4.8398972e-05  2.0412886e-01  9.7894406e-01
  1.3870645e-01 -2.6386142e-02  2.9641390e-03 -3.1722522e-01
 -1.2606931e-01 -7.4394286e-02 -1.0488331e-02 -3.0962139e-01
 -1.1219698e-01 -6.8302989e-02 -9.2642903e-03 -3.0053502e-01
 -9.0104103e-02 -5.4388046e-02 -5.0788522e-03]"
83.093,[0.98545468 0.77742004 0.56589818],"[[ 0.99971978  0.02146843 -0.00997367]
 [-0.02298915  0.98097157 -0.19278558]
 [ 0.00564509  0.19296084  0.98119022]]",[ 1.37930388 -0.28233707  0.01484796],[ 2.110678   -0.45520306 -0.23460609 -0.01443036],[-0.99431328 -2.35702268 -1.70229916],"[ 0.98545468  0.77742004  0.56589818  0.99971978  0.02146843 -0.00997367
 -0.02298915  0.98097157 -0.19278558  0.00564509  0.19296084  0.98119022
  1.37930388 -0.28233707  0.01484796  2.08881569 -0.67318207 -0.40981814
 -0.03705716  2.11595201 -0.54062456 -0.32632816 -0.0203155   2.10137725
 -0.54408795 -0.25689811 -0.01495735]","[ 0.19709098  0.15548408 -0.77364075  0.99971986  0.0214684  -0.00997365
 -0.02298915  0.9809716  -0.19278556  0.00564504  0.19296086  0.9811902
  0.1379304  -0.02823371  0.00148475 -0.3096214  -0.11219698 -0.06830299
 -0.00926429 -0.30053502 -0.0901041  -0.05438805 -0.00507885 -0.30541527
 -0.09068131 -0.04281628 -0.00373936]"
83.103,[1.00708508 0.77275509 0.56688362],"[[ 0.99967066  0.02225337 -0.01278146]
 [-0.02424304  0.98226573 -0.18592017]
 [ 0.00841744  0.1861688   0.98248172]]",[ 1.36182737 -0.32193277 -0.00149184],[ 2.104003   -0.50749665 -0.20475852 -0.01510453],[-1.02116358 -2.23557661 -1.75985455],"[ 1.00708508e+00  7.72755086e-01  5.66883624e-01  9.99670657e-01
  2.22533711e-02 -1.27814645e-02 -2.42430401e-02  9.82265731e-01
 -1.85920167e-01  8.41744411e-03  1.86168797e-01  9.82481718e-01
  1.36182737e+00 -3.21932767e-01 -1.49184142e-03  2.11595201e+00
 -5.40624559e-01 -3.26328158e-01 -2.03154981e-02  2.10137725e+00
 -5.44087946e-01 -2.56898105e-01 -1.49573535e-02  2.11067796e+00
 -4.55203056e-01 -2.34606087e-01 -1.44303590e-02]","[ 2.0141697e-01  1.5455103e-01 -7.7324653e-01  9.9967074e-01
  2.2253394e-02 -1.2781441e-02 -2.4243057e-02  9.8226571e-01
 -1.8592018e-01  8.4174871e-03  1.8616879e-01  9.8248172e-01
  1.3618279e-01 -3.2193244e-02 -1.4913082e-04 -3.0053502e-01
 -9.0104103e-02 -5.4388046e-02 -5.0788522e-03 -3.0541527e-01
 -9.0681314e-02 -4.2816281e-02 -3.7393570e-03 -3.0230099e-01
 -7.5867176e-02 -3.9101005e-02 -3.6075711e-03]"
83.112,[1.01780725 0.77021503 0.56724596],"[[ 0.99961643  0.0224548  -0.01621004]
 [-0.0249692   0.98393384 -0.17677878]
 [ 0.01198007  0.17711572  0.98411712]]",[ 1.35348131 -0.3374166  -0.02199832],[ 2.1454902  -0.41177815 -0.201938   -0.01309814],[-1.0651266  -2.12384649 -1.61686134],"[ 1.01780725  0.77021503  0.56724596  0.99961643  0.0224548  -0.01621004
 -0.0249692   0.98393384 -0.17677878  0.01198007  0.17711572  0.98411712
  1.35348131 -0.3374166  -0.02199832  2.10137725 -0.54408795 -0.25689811
 -0.01495735  2.11067796 -0.45520306 -0.23460609 -0.01443036  2.10400295
 -0.50749665 -0.20475852 -0.01510453]","[ 0.20356143  0.15404308 -0.7731016   0.9996164   0.02245474 -0.01621002
 -0.02496922  0.9839339  -0.1767788   0.01198006  0.17711568  0.98411703
  0.1353482  -0.03374165 -0.00219983 -0.30541527 -0.09068131 -0.04281628
 -0.00373936 -0.302301   -0.07586718 -0.039101   -0.00360757 -0.30453604
 -0.08458281 -0.0341264  -0.00377613]"
83.123,[1.02846491 0.76754218 0.56749666],"[[ 0.99958632  0.02202046 -0.01850125]
 [-0.02487153  0.98485841 -0.17156722]
 [ 0.01444312  0.1719564   0.98499868]]",[ 1.34437985 -0.35486739 -0.03148107],[ 2.1558747  -0.39127332 -0.1677984  -0.00670326],[-1.09548292 -2.06266227 -1.52088009],"[ 1.02846491  0.76754218  0.56749666  0.99958632  0.02202046 -0.01850125
 -0.02487153  0.98485841 -0.17156722  0.01444312  0.1719564   0.98499868
  1.34437985 -0.35486739 -0.03148107  2.11067796 -0.45520306 -0.23460609
 -0.01443036  2.10400295 -0.50749665 -0.20475852 -0.01510453  2.14549017
 -0.41177815 -0.201938   -0.01309814]","[ 0.205693    0.15350854 -0.7730013   0.99958634  0.02202046 -0.01850122
 -0.02487153  0.9848584  -0.1715672   0.01444316  0.17195642  0.9849987
  0.13443792 -0.0354867  -0.00314808 -0.302301   -0.07586718 -0.039101
 -0.00360757 -0.30453604 -0.08458281 -0.0341264  -0.00377613 -0.29064447
 -0.06862962 -0.03365636 -0.00327456]"
83.133,[1.03905606 0.76474047 0.56764126],"[[ 0.99953287  0.02092473 -0.02227552]
 [-0.0243201   0.9859792  -0.16508649]
 [ 0.01850881  0.16555111  0.98602751]]",[ 1.33539736 -0.37081126 -0.03805497],[ 2.1587086e+00 -3.6831796e-01 -1.2626201e-01 -5.4121017e-05],[-1.14325326 -1.97649621 -1.4312449 ],"[ 1.03905606  0.76474047  0.56764126  0.99953287  0.02092473 -0.02227552
 -0.0243201   0.9859792  -0.16508649  0.01850881  0.16555111  0.98602751
  1.33539736 -0.37081126 -0.03805497  2.10400295 -0.50749665 -0.20475852
 -0.01510453  2.14549017 -0.41177815 -0.201938   -0.01309814  2.15587473
 -0.39127332 -0.1677984  -0.00670326]","[ 0.20781124  0.15294814 -0.7729435   0.99953294  0.02092469 -0.02227551
 -0.02432013  0.9859792  -0.16508651  0.01850879  0.16555107  0.9860275
  0.1335398  -0.03708112 -0.00380552 -0.30453604 -0.08458281 -0.0341264
 -0.00377613 -0.29064447 -0.06862962 -0.03365636 -0.00327456 -0.2871673
 -0.06521225 -0.02796638 -0.00167584]"
83.143,[1.06002986 0.75876302 0.56762844],"[[ 0.99948975  0.02018032 -0.02475867]
 [-0.02392533  0.98654417 -0.1617349 ]
 [ 0.02116166  0.16224474  0.98652361]]",[ 1.31625635 -0.40161868 -0.06452294],[ 2.16382957e+00 -4.37621176e-01 -1.05107196e-01 -4.02480364e-04],[-1.1743496  -1.92907884 -1.37730283],"[ 1.06002986e+00  7.58763015e-01  5.67628443e-01  9.99489751e-01
  2.01803231e-02 -2.47586698e-02 -2.39253290e-02  9.86544170e-01
 -1.61734904e-01  2.11616587e-02  1.62244738e-01  9.86523608e-01
  1.31625635e+00 -4.01618681e-01 -6.45229364e-02  2.14549017e+00
 -4.11778152e-01 -2.01938003e-01 -1.30981356e-02  2.15587473e+00
 -3.91273320e-01 -1.67798400e-01 -6.70325756e-03  2.15870857e+00
 -3.68317962e-01 -1.26262009e-01 -5.41210175e-05]","[ 2.1200597e-01  1.5175259e-01 -7.7294862e-01  9.9948978e-01
  2.0180345e-02 -2.4758697e-02 -2.3925304e-02  9.8654413e-01
 -1.6173494e-01  2.1161675e-02  1.6224480e-01  9.8652363e-01
  1.3162565e-01 -4.0161908e-02 -6.4522624e-03 -2.9064447e-01
 -6.8629622e-02 -3.3656359e-02 -3.2745600e-03 -2.8716731e-01
 -6.5212250e-02 -2.7966380e-02 -1.6758442e-03 -2.8621840e-01
 -6.1386347e-02 -2.1043658e-02 -1.3530254e-05]"
83.153,[1.0704087  0.75559169 0.56748092],"[[ 0.99944353  0.01963452 -0.02696509]
 [-0.02368164  0.986982   -0.15907772]
 [ 0.02349064  0.15962777  0.98689775]]",[ 1.30679655 -0.41633871 -0.06972497],[ 2.1762018  -0.44065058 -0.11874241 -0.0034636 ],[-1.20832968 -1.89486835 -1.26326618],"[ 1.07040870e+00  7.55591691e-01  5.67480922e-01  9.99443530e-01
  1.96345168e-02 -2.69650857e-02 -2.36816370e-02  9.86981996e-01
 -1.59077718e-01  2.34906400e-02  1.59627774e-01  9.86897747e-01
  1.30679655e+00 -4.16338714e-01 -6.97249661e-02  2.15587473e+00
 -3.91273320e-01 -1.67798400e-01 -6.70325756e-03  2.15870857e+00
 -3.68317962e-01 -1.26262009e-01 -5.41210175e-05  2.16382957e+00
 -4.37621176e-01 -1.05107196e-01 -4.02480364e-04]","[ 2.1408176e-01  1.5111840e-01 -7.7300763e-01  9.9944353e-01
  1.9634485e-02 -2.6965082e-02 -2.3681641e-02  9.8698199e-01
 -1.5907770e-01  2.3490667e-02  1.5962780e-01  9.8689771e-01
  1.3067973e-01 -4.1633904e-02 -6.9724917e-03 -2.8716731e-01
 -6.5212250e-02 -2.7966380e-02 -1.6758442e-03 -2.8621840e-01
 -6.1386347e-02 -2.1043658e-02 -1.3530254e-05 -2.8450370e-01
 -7.2936833e-02 -1.7517865e-02 -1.0061264e-04]"
83.163,[1.08071351 0.75230122 0.56724375],"[[ 0.99937447  0.01946334 -0.0295271 ]
 [-0.02383883  0.98747985 -0.15593349]
 [ 0.02612243  0.15653984  0.98732613]]",[ 1.29692387 -0.43100533 -0.07957456],[ 2.1978874  -0.42519742 -0.10149565  0.00251761],[-1.23091814 -1.85035543 -1.24559682],"[ 1.08071351e+00  7.52301216e-01  5.67243755e-01  9.99374469e-01
  1.94633400e-02 -2.95271047e-02 -2.38388325e-02  9.87479851e-01
 -1.55933490e-01  2.61224344e-02  1.56539841e-01  9.87326135e-01
  1.29692387e+00 -4.31005331e-01 -7.95745599e-02  2.15870857e+00
 -3.68317962e-01 -1.26262009e-01 -5.41210175e-05  2.16382957e+00
 -4.37621176e-01 -1.05107196e-01 -4.02480364e-04  2.17620182e+00
 -4.40650582e-01 -1.18742414e-01 -3.46359611e-03]","[ 2.1614265e-01  1.5046024e-01 -7.7310252e-01  9.9937439e-01
  1.9463301e-02 -2.9527128e-02 -2.3838818e-02  9.8747993e-01
 -1.5593350e-01  2.6122451e-02  1.5653980e-01  9.8732615e-01
  1.2969244e-01 -4.3100536e-02 -7.9574585e-03 -2.8621840e-01
 -6.1386347e-02 -2.1043658e-02 -1.3530254e-05 -2.8450370e-01
 -7.2936833e-02 -1.7517865e-02 -1.0061264e-04 -2.8036100e-01
 -7.3441744e-02 -1.9790411e-02 -8.6587667e-04]"
83.173,[1.0909431  0.74889332 0.56691587],"[[ 0.99930898  0.02014393 -0.03123758]
 [-0.02469323  0.98793814 -0.15286753]
 [ 0.02778144  0.15353325  0.98775287]]",[ 1.28692543 -0.44547364 -0.08887896],[ 2.2073793  -0.4448977  -0.07375152  0.00728504],[-1.25400682 -1.81425233 -1.1266005 ],"[ 1.09094310e+00  7.48893321e-01  5.66915870e-01  9.99308979e-01
  2.01439291e-02 -3.12375762e-02 -2.46932304e-02  9.87938138e-01
 -1.52867526e-01  2.77814402e-02  1.53533248e-01  9.87752871e-01
  1.28692543e+00 -4.45473642e-01 -8.88789604e-02  2.16382957e+00
 -4.37621176e-01 -1.05107196e-01 -4.02480364e-04  2.17620182e+00
 -4.40650582e-01 -1.18742414e-01 -3.46359611e-03  2.19788742e+00
 -4.25197423e-01 -1.01495646e-01  2.51761079e-03]","[ 2.1818864e-01  1.4977872e-01 -7.7323365e-01  9.9930906e-01
  2.0143986e-02 -3.1237602e-02 -2.4693251e-02  9.8793817e-01
 -1.5286756e-01  2.7781487e-02  1.5353322e-01  9.8775291e-01
  1.2869251e-01 -4.4547379e-02 -8.8878274e-03 -2.8450370e-01
 -7.2936833e-02 -1.7517865e-02 -1.0061264e-04 -2.8036100e-01
 -7.3441744e-02 -1.9790411e-02 -8.6587667e-04 -2.7309978e-01
 -7.0866227e-02 -1.6915917e-02  6.2942505e-04]"
83.183,[1.11117351 0.74173176 0.56602079],"[[ 0.99927079  0.02092244 -0.03193954]
 [-0.02550057  0.98829265 -0.15042392]
 [ 0.02841838  0.15112871  0.98810551]]",[ 1.2670443  -0.47238889 -0.10734099],[ 2.211708   -0.5258118  -0.07856213  0.00423516],[-1.26403889 -1.78731156 -1.03963996],"[ 1.11117351  0.74173176  0.56602079  0.99927079  0.02092244 -0.03193954
 -0.02550057  0.98829265 -0.15042392  0.02841838  0.15112871  0.98810551
  1.2670443  -0.47238889 -0.10734099  2.17620182 -0.44065058 -0.11874241
 -0.0034636   2.19788742 -0.42519742 -0.10149565  0.00251761  2.20737934
 -0.44489771 -0.07375152  0.00728504]","[ 2.2223473e-01  1.4834630e-01 -7.7359170e-01  9.9927080e-01
  2.0922422e-02 -3.1939566e-02 -2.5500536e-02  9.8829269e-01
 -1.5042394e-01  2.8418422e-02  1.5112877e-01  9.8810554e-01
  1.2670445e-01 -4.7238886e-02 -1.0734081e-02 -2.8036100e-01
 -7.3441744e-02 -1.9790411e-02 -8.6587667e-04 -2.7309978e-01
 -7.0866227e-02 -1.6915917e-02  6.2942505e-04 -2.6992148e-01
 -7.4149609e-02 -1.2291908e-02  1.8212795e-03]"
83.193,[1.12117279 0.73798233 0.56546599],"[[ 0.99922062  0.02218136 -0.03265169]
 [-0.02671816  0.98895125 -0.14581343]
 [ 0.02905659  0.14657218  0.98877313]]",[ 1.25707411 -0.48525897 -0.11553176],[ 2.22901583e+00 -5.05312026e-01 -1.09067015e-01  1.85160339e-03],[-1.27558074 -1.73337594 -0.90404876],"[ 1.12117279  0.73798233  0.56546599  0.99922062  0.02218136 -0.03265169
 -0.02671816  0.98895125 -0.14581343  0.02905659  0.14657218  0.98877313
  1.25707411 -0.48525897 -0.11553176  2.19788742 -0.42519742 -0.10149565
  0.00251761  2.20737934 -0.44489771 -0.07375152  0.00728504  2.21170807
 -0.52581179 -0.07856213  0.00423516]","[ 2.2423458e-01  1.4759648e-01 -7.7381361e-01  9.9922061e-01
  2.2181392e-02 -3.2651663e-02 -2.6718140e-02  9.8895121e-01
 -1.4581347e-01  2.9056549e-02  1.4657223e-01  9.8877311e-01
  1.2570751e-01 -4.8525870e-02 -1.1553168e-02 -2.7309978e-01
 -7.0866227e-02 -1.6915917e-02  6.2942505e-04 -2.6992148e-01
 -7.4149609e-02 -1.2291908e-02  1.8212795e-03 -2.6847208e-01
 -8.7635279e-02 -1.3093710e-02  1.0588169e-03]"
83.203,[1.13109446 0.73412371 0.56484604],"[[ 0.99918849  0.02285199 -0.03316837]
 [-0.02734617  0.98947793 -0.14207606]
 [ 0.02957265  0.14286779  0.98929988]]",[ 1.24624419 -0.50077212 -0.1194863 ],[ 2.237026   -0.50842124 -0.09036166  0.00763473],[-1.27848066 -1.67724255 -0.86681123],"[ 1.13109446e+00  7.34123707e-01  5.64846039e-01  9.99188493e-01
  2.28519937e-02 -3.31683748e-02 -2.73461671e-02  9.89477933e-01
 -1.42076060e-01  2.95726538e-02  1.42867792e-01  9.89299880e-01
  1.24624419e+00 -5.00772119e-01 -1.19486297e-01  2.20737934e+00
 -4.44897711e-01 -7.37515166e-02  7.28504360e-03  2.21170807e+00
 -5.25811791e-01 -7.85621330e-02  4.23516333e-03  2.22901583e+00
 -5.05312026e-01 -1.09067015e-01  1.85160339e-03]","[ 2.26218939e-01  1.46824718e-01 -7.74061561e-01  9.99188423e-01
  2.28519440e-02 -3.31683755e-02 -2.73461938e-02  9.89477873e-01
 -1.42076075e-01  2.95726061e-02  1.42867804e-01  9.89299893e-01
  1.24624491e-01 -5.00772595e-02 -1.19485855e-02 -2.69921482e-01
 -7.41496086e-02 -1.22919083e-02  1.82127953e-03 -2.68472075e-01
 -8.76352787e-02 -1.30937099e-02  1.05881691e-03 -2.62676716e-01
 -8.42186213e-02 -1.81778073e-02  4.62889671e-04]"
83.212,[1.14093781 0.73015922 0.56416529],"[[ 0.99913708  0.02333129 -0.03436201]
 [-0.02779679  0.99034453 -0.13581256]
 [ 0.03086155  0.13665052  0.99013848]]",[ 1.23612301 -0.51204286 -0.13021462],[ 2.2481828  -0.48123962 -0.07885783  0.0119381 ],[-1.29228649 -1.59435308 -0.74531243],"[ 1.14093781e+00  7.30159223e-01  5.64165294e-01  9.99137079e-01
  2.33312870e-02 -3.43620087e-02 -2.77967914e-02  9.90344529e-01
 -1.35812564e-01  3.08615454e-02  1.36650522e-01  9.90138475e-01
  1.23612301e+00 -5.12042859e-01 -1.30214617e-01  2.21170807e+00
 -5.25811791e-01 -7.85621330e-02  4.23516333e-03  2.22901583e+00
 -5.05312026e-01 -1.09067015e-01  1.85160339e-03  2.23702598e+00
 -5.08421242e-01 -9.03616622e-02  7.63472915e-03]","[ 2.28187561e-01  1.46031857e-01 -7.74333894e-01  9.99137163e-01
  2.33312845e-02 -3.43620181e-02 -2.77968049e-02  9.90344524e-01
 -1.35812581e-01  3.08614969e-02  1.36650562e-01  9.90138531e-01
  1.23612285e-01 -5.12042642e-02 -1.30214691e-02 -2.68472075e-01
 -8.76352787e-02 -1.30937099e-02  1.05881691e-03 -2.62676716e-01
 -8.42186213e-02 -1.81778073e-02  4.62889671e-04 -2.59994626e-01
 -8.47368836e-02 -1.50602460e-02  1.90865993e-03]"
83.223,[1.16145194 0.72332704 0.56260753],"[[ 0.99910472  0.02324324 -0.03534855]
 [-0.02770603  0.99092689 -0.13151532]
 [ 0.03197099  0.13237695  0.9906837 ]]",[ 1.21684015 -0.53589922 -0.1362179 ],[ 2.2448976  -0.5168902  -0.07266774  0.01084571],[-1.29609656 -1.5220471  -0.67389018],"[ 1.16145194e+00  7.23327041e-01  5.62607527e-01  9.99104715e-01
  2.32432399e-02 -3.53485526e-02 -2.77060325e-02  9.90926887e-01
 -1.31515323e-01  3.19709890e-02  1.32376947e-01  9.90683703e-01
  1.21684015e+00 -5.35899223e-01 -1.36217896e-01  2.22901583e+00
 -5.05312026e-01 -1.09067015e-01  1.85160339e-03  2.23702598e+00
 -5.08421242e-01 -9.03616622e-02  7.63472915e-03  2.24818277e+00
 -4.81239617e-01 -7.88578317e-02  1.19380951e-02]","[ 2.32290387e-01  1.44665480e-01 -7.74957001e-01  9.99104738e-01
  2.32431889e-02 -3.53485346e-02 -2.77060270e-02  9.90926862e-01
 -1.31515324e-01  3.19709778e-02  1.32376909e-01  9.90683675e-01
  1.21683955e-01 -5.35898805e-02 -1.36218071e-02 -2.62676716e-01
 -8.42186213e-02 -1.81778073e-02  4.62889671e-04 -2.59994626e-01
 -8.47368836e-02 -1.50602460e-02  1.90865993e-03 -2.56258905e-01
 -8.02066326e-02 -1.31429434e-02  2.98452377e-03]"
83.236,[1.17158639 0.71976078 0.56176049],"[[ 0.99907696  0.02259837 -0.03653142]
 [-0.0270161   0.99174416 -0.1253541 ]
 [ 0.03339703  0.12622533  0.99143926]]",[ 1.20711553 -0.54644805 -0.14008503],[ 2.254714   -0.4741984  -0.08324718  0.01038085],[-1.31763238 -1.45084068 -0.4751616 ],"[ 1.17158639  0.71976078  0.56176049  0.99907696  0.02259837 -0.03653142
 -0.0270161   0.99174416 -0.1253541   0.03339703  0.12622533  0.99143926
  1.20711553 -0.54644805 -0.14008503  2.23702598 -0.50842124 -0.09036166
  0.00763473  2.24818277 -0.48123962 -0.07885783  0.0119381   2.2448976
 -0.51689023 -0.07266774  0.01084571]","[ 0.2343173   0.14395225 -0.7752958   0.99907696  0.02259839 -0.03653145
 -0.0270161   0.99174416 -0.12535411  0.03339708  0.12622535  0.99143934
  0.12071157 -0.05464476 -0.01400852 -0.25999463 -0.08473688 -0.01506025
  0.00190866 -0.2562589  -0.08020663 -0.01314294  0.00298452 -0.2573589
 -0.08614832 -0.01211125  0.00271142]"
83.244,[1.18163812 0.71609867 0.5608781 ],"[[ 0.99906988  0.02202565 -0.0370708 ]
 [-0.02638829  0.99222312 -0.12164267]
 [ 0.03410325  0.12250776  0.99188145]]",[ 1.19694548 -0.55669756 -0.14601015],[ 2.26171    -0.46544087 -0.06692245  0.01302634],[-1.32396251 -1.4093722  -0.42450311],"[ 1.18163812  0.71609867  0.5608781   0.99906988  0.02202565 -0.0370708
 -0.02638829  0.99222312 -0.12164267  0.03410325  0.12250776  0.99188145
  1.19694548 -0.55669756 -0.14601015  2.24818277 -0.48123962 -0.07885783
  0.0119381   2.2448976  -0.51689023 -0.07266774  0.01084571  2.25471401
 -0.4741984  -0.08324718  0.01038085]","[ 0.23632765  0.14321983 -0.7756488   0.9990699   0.02202559 -0.03707081
 -0.02638829  0.99222314 -0.12164265  0.03410327  0.12250781  0.9918814
  0.11969459 -0.05566978 -0.01460105 -0.2562589  -0.08020663 -0.01314294
  0.00298452 -0.2573589  -0.08614832 -0.01211125  0.00271142 -0.25407195
 -0.07903302 -0.01387453  0.00259519]"
83.253,[1.19160688 0.71234393 0.55996656],"[[ 0.99906552  0.02132529 -0.03759415]
 [-0.02557772  0.9928578  -0.11652968]
 [ 0.03484062  0.11738236  0.99247545]]",[ 1.18741703 -0.5664978  -0.14555094],[ 2.2602367  -0.4523009  -0.06709952  0.01220986],[-1.33300648 -1.33235972 -0.27463992],"[ 1.19160688  0.71234393  0.55996656  0.99906552  0.02132529 -0.03759415
 -0.02557772  0.9928578  -0.11652968  0.03484062  0.11738236  0.99247545
  1.18741703 -0.5664978  -0.14555094  2.2448976  -0.51689023 -0.07266774
  0.01084571  2.25471401 -0.4741984  -0.08324718  0.01038085  2.26170993
 -0.46544087 -0.06692245  0.01302634]","[ 0.23832142  0.14246881 -0.7760134   0.9990655   0.02132535 -0.03759414
 -0.02557772  0.9928578  -0.1165297   0.03484058  0.11738241  0.9924755
  0.11874175 -0.05664974 -0.01455504 -0.2573589  -0.08614832 -0.01211125
  0.00271142 -0.25407195 -0.07903302 -0.01387453  0.00259519 -0.25172943
 -0.07757342 -0.01115376  0.00325656]"
83.263,[1.21129429 0.70456958 0.55807167],"[[ 0.99905892  0.02112028 -0.0378842 ]
 [-0.02529174  0.99324472 -0.1132486 ]
 [ 0.03523644  0.11410018  0.99284417]]",[ 1.16760075 -0.58504915 -0.14953652],[ 2.2584994  -0.48277372 -0.07310078  0.00902052],[-1.33190907 -1.27888089 -0.26199812],"[ 1.21129429  0.70456958  0.55807167  0.99905892  0.02112028 -0.0378842
 -0.02529174  0.99324472 -0.1132486   0.03523644  0.11410018  0.99284417
  1.16760075 -0.58504915 -0.14953652  2.25471401 -0.4741984  -0.08324718
  0.01038085  2.26170993 -0.46544087 -0.06692245  0.01302634  2.26023674
 -0.45230091 -0.06709952  0.01220986]","[ 0.2422589   0.14091396 -0.7767713   0.99905896  0.02112031 -0.03788418
 -0.02529174  0.99324465 -0.11324859  0.03523648  0.11410022  0.9928441
  0.11676013 -0.05850488 -0.01495361 -0.25407195 -0.07903302 -0.01387453
  0.00259519 -0.25172943 -0.07757342 -0.01115376  0.00325656 -0.25222272
 -0.07538348 -0.01118326  0.00305247]"
83.272,[1.22101331 0.70055723 0.55708534],"[[ 0.99903251  0.0213088  -0.03847041]
 [-0.0253628   0.99380867 -0.10817139]
 [ 0.03592722  0.10904245  0.99338763]]",[ 1.15767574 -0.59368968 -0.15136932],[ 2.2681897  -0.4472131  -0.08856434  0.00789428],[-1.33151866 -1.19670978 -0.23533548],"[ 1.22101331  0.70055723  0.55708534  0.99903251  0.0213088  -0.03847041
 -0.0253628   0.99380867 -0.10817139  0.03592722  0.10904245  0.99338763
  1.15767574 -0.59368968 -0.15136932  2.26170993 -0.46544087 -0.06692245
  0.01302634  2.26023674 -0.45230091 -0.06709952  0.01220986  2.25849938
 -0.48277372 -0.07310078  0.00902052]","[ 0.24420261  0.14011145 -0.7771659   0.9990325   0.02130878 -0.03847039
 -0.02536279  0.99380875 -0.1081714   0.03592718  0.10904241  0.9933877
  0.1157676  -0.05936897 -0.0151369  -0.25172943 -0.07757342 -0.01115376
  0.00325656 -0.25222272 -0.07538348 -0.01118326  0.00305247 -0.25280446
 -0.08046228 -0.01218343  0.00225508]"
83.282,[1.23064899 0.69646627 0.55607957],"[[ 0.99900401  0.02171392 -0.03898056]
 [-0.02568883  0.99418748 -0.10455305]
 [ 0.03648373  0.10545028  0.99375509]]",[ 1.14789611 -0.60084725 -0.15544518],[ 2.2768989  -0.42309344 -0.07929983  0.01102023],[-1.33834678 -1.14560377 -0.17016477],"[ 1.23064899  0.69646627  0.55607957  0.99900401  0.02171392 -0.03898056
 -0.02568883  0.99418748 -0.10455305  0.03648373  0.10545028  0.99375509
  1.14789611 -0.60084725 -0.15544518  2.26023674 -0.45230091 -0.06709952
  0.01220986  2.25849938 -0.48277372 -0.07310078  0.00902052  2.26818967
 -0.44721311 -0.08856434  0.00789428]","[ 0.24612987  0.13929331 -0.77756816  0.999004    0.02171397 -0.03898054
 -0.02568883  0.9941875  -0.10455304  0.03648376  0.10545027  0.9937551
  0.11478961 -0.0600847  -0.01554447 -0.25222272 -0.07538348 -0.01118326
  0.00305247 -0.25280446 -0.08046228 -0.01218343  0.00225508 -0.24955976
 -0.07453549 -0.01476073  0.00197363]"
83.293,[1.240201   0.69230044 0.5550589 ],"[[ 0.9989536   0.02251117 -0.03981135]
 [-0.02634918  0.99477143 -0.09866877]
 [ 0.03738204  0.09961452  0.99432365]]",[ 1.13763642 -0.60974514 -0.15354864],[ 2.2732315  -0.39706665 -0.06628617  0.01223531],[-1.34884956 -1.05888693 -0.0820698 ],"[ 1.240201    0.69230044  0.5550589   0.9989536   0.02251117 -0.03981135
 -0.02634918  0.99477143 -0.09866877  0.03738204  0.09961452  0.99432365
  1.13763642 -0.60974514 -0.15354864  2.25849938 -0.48277372 -0.07310078
  0.00902052  2.26818967 -0.44721311 -0.08856434  0.00789428  2.27689886
 -0.42309344 -0.07929983  0.01102023]","[ 0.2480402   0.13846004 -0.77797645  0.9989536   0.02251112 -0.03981137
 -0.02634919  0.9947715  -0.09866875  0.03738201  0.0996145   0.99432373
  0.11376369 -0.06097448 -0.01535481 -0.25280446 -0.08046228 -0.01218343
  0.00225508 -0.24955976 -0.07453549 -0.01476073  0.00197363 -0.2466436
 -0.07051551 -0.01321661  0.00275505]"
83.302,[1.25905263 0.68375957 0.55298632],"[[ 0.99892244  0.02299216 -0.04031525]
 [-0.02671941  0.99516671 -0.09449489]
 [ 0.03794776  0.09547027  0.9947087 ]]",[ 1.11764201 -0.62268086 -0.15740691],[ 2.2726052  -0.41019058 -0.06434935  0.00899997],[-1.34949563 -0.99407508 -0.0575905 ],"[ 1.25905263  0.68375957  0.55298632  0.99892244  0.02299216 -0.04031525
 -0.02671941  0.99516671 -0.09449489  0.03794776  0.09547027  0.9947087
  1.11764201 -0.62268086 -0.15740691  2.26818967 -0.44721311 -0.08856434
  0.00789428  2.27689886 -0.42309344 -0.07929983  0.01102023  2.27323151
 -0.39706665 -0.06628617  0.01223531]","[ 0.25181055  0.13675201 -0.7788055   0.99892247  0.02299213 -0.04031527
 -0.02671939  0.9951668  -0.09449488  0.03794777  0.09547031  0.9947088
  0.11176431 -0.06226808 -0.01574069 -0.24955976 -0.07453549 -0.01476073
  0.00197363 -0.2466436  -0.07051551 -0.01321661  0.00275505 -0.24787158
 -0.06617773 -0.01104766  0.00305879]"
83.313,[1.26835132 0.6793927  0.55193782],"[[ 0.99888589  0.02339484 -0.04098365]
 [-0.02693615  0.99574706 -0.08810352]
 [ 0.03874818  0.0891093   0.99526786]]",[ 1.1074159  -0.62871827 -0.15925156],[ 2.2835557  -0.35579163 -0.07713903  0.00816384],[-1.35049349 -0.89145772 -0.04524253],"[ 1.26835132  0.6793927   0.55193782  0.99888589  0.02339484 -0.04098365
 -0.02693615  0.99574706 -0.08810352  0.03874818  0.0891093   0.99526786
  1.1074159  -0.62871827 -0.15925156  2.27689886 -0.42309344 -0.07929983
  0.01102023  2.27323151 -0.39706665 -0.06628617  0.01223531  2.27260518
 -0.41019058 -0.06434935  0.00899997]","[ 0.25367033  0.13587856 -0.7792249   0.99888587  0.02339482 -0.04098368
 -0.02693617  0.9957471  -0.08810353  0.03874815  0.0891093   0.99526787
  0.11074162 -0.06287181 -0.01592511 -0.2466436  -0.07051551 -0.01321661
  0.00275505 -0.24787158 -0.06617773 -0.01104766  0.00305879 -0.24808127
 -0.0683651  -0.01072484  0.00224996]"
83.324,[1.27756524 0.67496705 0.55088186],"[[ 0.99886596  0.02339711 -0.04146521]
 [-0.02681793  0.99610809 -0.08396114]
 [ 0.03933938  0.08497794  0.99560593]]",[ 1.09699578 -0.63534295 -0.15789486],[ 2.2846227  -0.33215767 -0.05953396  0.01096587],[-1.35209509 -0.82583441 -0.03612684],"[ 1.27756524  0.67496705  0.55088186  0.99886596  0.02339711 -0.04146521
 -0.02681793  0.99610809 -0.08396114  0.03933938  0.08497794  0.99560593
  1.09699578 -0.63534295 -0.15789486  2.27323151 -0.39706665 -0.06628617
  0.01223531  2.27260518 -0.41019058 -0.06434935  0.00899997  2.28355575
 -0.35579163 -0.07713903  0.00816384]","[ 0.25551307  0.13499343 -0.77964723  0.99886596  0.02339709 -0.04146522
 -0.02681792  0.99610806 -0.08396113  0.03933942  0.08497798  0.99560595
  0.10969961 -0.06353426 -0.01578951 -0.24787158 -0.06617773 -0.01104766
  0.00305879 -0.24808127 -0.0683651  -0.01072484  0.00224996 -0.24441457
 -0.05929857 -0.01285648  0.00204098]"
83.332,[1.28669405 0.67048669 0.54978204],"[[ 0.99884897  0.02319851 -0.04198283]
 [-0.02650711  0.99643836 -0.08004974]
 [ 0.03997627  0.08107045  0.99590636]]",[ 1.08664664 -0.64094527 -0.15773893],[ 2.2808664  -0.3210994  -0.0484438   0.01095343],[-1.35645191 -0.75662931  0.0286442 ],"[ 1.28669405  0.67048669  0.54978204  0.99884897  0.02319851 -0.04198283
 -0.02650711  0.99643836 -0.08004974  0.03997627  0.08107045  0.99590636
  1.08664664 -0.64094527 -0.15773893  2.27260518 -0.41019058 -0.06434935
  0.00899997  2.28355575 -0.35579163 -0.07713903  0.00816384  2.28462267
 -0.33215767 -0.05953396  0.01096587]","[ 0.25733888  0.13409734 -0.7800872   0.9988489   0.02319849 -0.04198283
 -0.02650708  0.9964384  -0.08004975  0.03997624  0.08107042  0.99590635
  0.10866475 -0.06409454 -0.01577383 -0.24808127 -0.0683651  -0.01072484
  0.00224996 -0.24441457 -0.05929857 -0.01285648  0.00204098 -0.24405736
 -0.0553596  -0.00992233  0.00274146]"
83.343,[1.30469406 0.66137499 0.54757792],"[[ 0.99883224  0.02265102 -0.04267426]
 [-0.02580506  0.99685931 -0.07487063]
 [ 0.04084434  0.07588441  0.99627973]]",[ 1.06626248 -0.65096253 -0.15348695],[ 2.277253   -0.3101232  -0.05409905  0.00734045],[-1.3605455  -0.69144437  0.06121131],"[ 1.30469406  0.66137499  0.54757792  0.99883224  0.02265102 -0.04267426
 -0.02580506  0.99685931 -0.07487063  0.04084434  0.07588441  0.99627973
  1.06626248 -0.65096253 -0.15348695  2.28355575 -0.35579163 -0.07713903
  0.00816384  2.28462267 -0.33215767 -0.05953396  0.01096587  2.28086638
 -0.3210994  -0.0484438   0.01095343]","[ 0.26093888  0.13227499 -0.78096884  0.9988322   0.02265108 -0.04267424
 -0.02580506  0.9968593  -0.07487065  0.04084432  0.07588446  0.9962797
  0.10662627 -0.06509626 -0.01534873 -0.24441457 -0.05929857 -0.01285648
  0.00204098 -0.24405736 -0.0553596  -0.00992233  0.00274146 -0.24531507
 -0.05351651 -0.00807393  0.00273836]"
83.353,[1.31356454 0.65674919 0.54647952],"[[ 0.99882564  0.02206465 -0.04313335]
 [-0.02507786  0.99718847 -0.07061343]
 [ 0.04145402  0.0716122   0.99657075]]",[ 1.05549214 -0.6551862  -0.15570076],[ 2.2868845  -0.28003764 -0.05133715  0.00850724],[-1.3651427  -0.62617948  0.13595043],"[ 1.31356454  0.65674919  0.54647952  0.99882564  0.02206465 -0.04313335
 -0.02507786  0.99718847 -0.07061343  0.04145402  0.0716122   0.99657075
  1.05549214 -0.6551862  -0.15570076  2.28462267 -0.33215767 -0.05953396
  0.01096587  2.28086638 -0.3210994  -0.0484438   0.01095343  2.27725291
 -0.31012321 -0.05409905  0.00734045]","[ 0.26271284  0.13134992 -0.7814082   0.99882567  0.02206469 -0.04313338
 -0.02507788  0.99718845 -0.07061344  0.04145408  0.07161224  0.9965708
  0.10554922 -0.06551856 -0.01557004 -0.24405736 -0.0553596  -0.00992233
  0.00274146 -0.24531507 -0.05351651 -0.00807393  0.00273836 -0.24652505
 -0.05168724 -0.00901651  0.00183511]"
83.364,[1.32234859 0.65208018 0.54538655],"[[ 0.99881991  0.02180891 -0.04339528]
 [-0.02473911  0.99736667 -0.06817406]
 [ 0.0417942   0.06916717  0.99672922]]",[ 1.0456053  -0.65927553 -0.15115681],[ 2.2846577  -0.27778637 -0.04548218  0.00831169],[-1.3613083  -0.58673662  0.13480806],"[ 1.32234859  0.65208018  0.54538655  0.99881991  0.02180891 -0.04339528
 -0.02473911  0.99736667 -0.06817406  0.0417942   0.06916717  0.99672922
  1.0456053  -0.65927553 -0.15115681  2.28086638 -0.3210994  -0.0484438
  0.01095343  2.27725291 -0.31012321 -0.05409905  0.00734045  2.28688455
 -0.28003764 -0.05133715  0.00850724]","[ 0.26446974  0.13041604 -0.7818454   0.9988198   0.02180886 -0.04339528
 -0.02473909  0.99736667 -0.06817406  0.04179418  0.06916714  0.99672914
  0.10456061 -0.06592751 -0.01511562 -0.24531507 -0.05351651 -0.00807393
  0.00273836 -0.24652505 -0.05168724 -0.00901651  0.00183511 -0.24329996
 -0.04667294 -0.00855619  0.00212681]"
83.374,[1.33104599 0.64737034 0.54429841],"[[ 0.99879681  0.02176907 -0.04394357]
 [-0.02459185  0.99759826 -0.06475307]
 [ 0.04242842  0.06575582  0.9969333 ]]",[ 1.03521218 -0.66246731 -0.153009  ],[ 2.2896576  -0.25659114 -0.04616793  0.00835232],[-1.35737718 -0.52856677  0.10496361],"[ 1.33104599  0.64737034  0.54429841  0.99879681  0.02176907 -0.04394357
 -0.02459185  0.99759826 -0.06475307  0.04242842  0.06575582  0.9969333
  1.03521218 -0.66246731 -0.153009    2.27725291 -0.31012321 -0.05409905
  0.00734045  2.28688455 -0.28003764 -0.05133715  0.00850724  2.28465772
 -0.27778637 -0.04548218  0.00831169]","[ 0.26620924  0.12947404 -0.7822806   0.9987968   0.02176905 -0.04394358
 -0.02459186  0.9975982  -0.06475306  0.04242837  0.06575584  0.9969332
  0.10352123 -0.06624669 -0.01530093 -0.24652505 -0.05168724 -0.00901651
  0.00183511 -0.24329996 -0.04667294 -0.00855619  0.00212681 -0.24404562
 -0.04629767 -0.00758034  0.00207794]"
83.383,[1.34818125 0.63783771 0.54209787],"[[ 0.99877296  0.02196298 -0.04438691]
 [-0.0247159   0.99774168 -0.06245523]
 [ 0.04291497  0.06347566  0.99706025]]",[ 1.01472146 -0.66899796 -0.15002656],[ 2.2882864  -0.27560967 -0.03771937  0.00755613],[-1.35765731 -0.49820503  0.11190865],"[ 1.34818125  0.63783771  0.54209787  0.99877296  0.02196298 -0.04438691
 -0.0247159   0.99774168 -0.06245523  0.04291497  0.06347566  0.99706025
  1.01472146 -0.66899796 -0.15002656  2.28688455 -0.28003764 -0.05133715
  0.00850724  2.28465772 -0.27778637 -0.04548218  0.00831169  2.28965759
 -0.25659114 -0.04616793  0.00835232]","[ 0.26963627  0.12756765 -0.78316087  0.998773    0.021963   -0.04438692
 -0.0247159   0.9977417  -0.06245524  0.04291499  0.06347561  0.9970603
  0.10147226 -0.06689978 -0.01500261 -0.24329996 -0.04667294 -0.00855619
  0.00212681 -0.24404562 -0.04629767 -0.00758034  0.00207794 -0.24237144
 -0.0427652  -0.0076946   0.00208807]"
83.393,[1.3566184  0.63301957 0.54100752],"[[ 0.99873472  0.02247053 -0.04498935]
 [-0.02509917  0.9979576  -0.05874234]
 [ 0.04357749  0.05979721  0.99725889]]",[ 1.00455141 -0.67133226 -0.14965832],[ 2.2947888  -0.24951209 -0.04848827  0.0067153 ],[-1.36064499 -0.43527632  0.1769593 ],"[ 1.3566184   0.63301957  0.54100752  0.99873472  0.02247053 -0.04498935
 -0.02509917  0.9979576  -0.05874234  0.04357749  0.05979721  0.99725889
  1.00455141 -0.67133226 -0.14965832  2.28465772 -0.27778637 -0.04548218
  0.00831169  2.28965759 -0.25659114 -0.04616793  0.00835232  2.28828645
 -0.27560967 -0.03771937  0.00755613]","[ 0.27132368  0.12660396 -0.783597    0.9987347   0.02247047 -0.04498935
 -0.02509916  0.9979576  -0.05874234  0.04357743  0.05979717  0.9972589
  0.10045516 -0.06713325 -0.01496583 -0.24404562 -0.04629767 -0.00758034
  0.00207794 -0.24237144 -0.0427652  -0.0076946   0.00208807 -0.24283057
 -0.04593492 -0.0062865   0.00188899]"
83.403,[1.36496842 0.62817007 0.53992653],"[[ 0.99871231  0.0228403  -0.04529956]
 [-0.02537062  0.99810317 -0.05609279]
 [ 0.04393246  0.05716984  0.99739739]]",[ 0.99389064 -0.67497349 -0.14494601],[ 2.2927003  -0.2408173  -0.03815407  0.00814742],[-1.3594695  -0.39324202  0.19942871],"[ 1.36496842  0.62817007  0.53992653  0.99871231  0.0228403  -0.04529956
 -0.02537062  0.99810317 -0.05609279  0.04393246  0.05716984  0.99739739
  0.99389064 -0.67497349 -0.14494601  2.28965759 -0.25659114 -0.04616793
  0.00835232  2.28828645 -0.27560967 -0.03771937  0.00755613  2.29478884
 -0.24951209 -0.04848827  0.0067153 ]","[ 0.27299368  0.12563407 -0.78402936  0.9987123   0.02284026 -0.04529959
 -0.0253706   0.99810314 -0.0560928   0.04393244  0.0571698   0.9973974
  0.09938908 -0.06749731 -0.0144946  -0.24237144 -0.0427652  -0.0076946
  0.00208807 -0.24283057 -0.04593492 -0.0062865   0.00188899 -0.24065328
 -0.04158533 -0.00808132  0.00167882]"
83.413,[1.37323129 0.62329209 0.53885615],"[[ 0.99868419  0.02324046 -0.04571403]
 [-0.0256145   0.99831586 -0.05205127]
 [ 0.04442735  0.05315372  0.99759756]]",[ 0.98351443 -0.67719883 -0.14320539],[ 2.2931411  -0.22282225 -0.03264608  0.00849359],[-1.35585466 -0.32861624  0.20258557],"[ 1.37323129  0.62329209  0.53885615  0.99868419  0.02324046 -0.04571403
 -0.0256145   0.99831586 -0.05205127  0.04442735  0.05315372  0.99759756
  0.98351443 -0.67719883 -0.14320539  2.28828645 -0.27560967 -0.03771937
  0.00755613  2.29478884 -0.24951209 -0.04848827  0.0067153   2.29270029
 -0.24081729 -0.03815407  0.00814742]","[ 0.27464628  0.12465847 -0.78445756  0.99868417  0.02324045 -0.04571402
 -0.0256145   0.9983158  -0.05205125  0.04442739  0.05315375  0.9975976
  0.09835148 -0.06771982 -0.01432055 -0.24283057 -0.04593492 -0.0062865
  0.00188899 -0.24065328 -0.04158533 -0.00808132  0.00167882 -0.24135262
 -0.04013616 -0.00635898  0.00203681]"
83.423,[1.39001381 0.61354494 0.53665006],"[[ 0.99866786  0.02332191 -0.04602822]
 [-0.0255978   0.99844645 -0.04949188]
 [ 0.04480246  0.05060417  0.99771336]]",[ 0.96371174 -0.68068439 -0.13996671],[ 2.2924488  -0.23159386 -0.03089903  0.00652112],[-1.35203572 -0.28708913  0.19057789],"[ 1.39001381  0.61354494  0.53665006  0.99866786  0.02332191 -0.04602822
 -0.0255978   0.99844645 -0.04949188  0.04480246  0.05060417  0.99771336
  0.96371174 -0.68068439 -0.13996671  2.29478884 -0.24951209 -0.04848827
  0.0067153   2.29270029 -0.24081729 -0.03815407  0.00814742  2.29314113
 -0.22282225 -0.03264608  0.00849359]","[ 0.27800274  0.12270904 -0.78533995  0.99866784  0.02332187 -0.0460282
 -0.02559781  0.99844646 -0.04949188  0.04480243  0.05060422  0.9977133
  0.09637117 -0.06806839 -0.01399666 -0.24065328 -0.04158533 -0.00808132
  0.00167882 -0.24135262 -0.04013616 -0.00635898  0.00203681 -0.24120504
 -0.03713703 -0.00544101  0.00212336]"
83.433,[1.39853311 0.60867846 0.5354836 ],"[[ 0.99864812  0.02313615 -0.04654726]
 [-0.02528192  0.99861912 -0.04605083]
 [ 0.04541754  0.04716538  0.99785403]]",[ 0.9542883  -0.68201435 -0.13823295],[ 2.2990205  -0.20521899 -0.04006993  0.0056624 ],[-1.34096987 -0.23406174  0.22417793],"[ 1.39853311  0.60867846  0.5354836   0.99864812  0.02313615 -0.04654726
 -0.02528192  0.99861912 -0.04605083  0.04541754  0.04716538  0.99785403
  0.9542883  -0.68201435 -0.13823295  2.29270029 -0.24081729 -0.03815407
  0.00814742  2.29314113 -0.22282225 -0.03264608  0.00849359  2.29244876
 -0.23159386 -0.03089903  0.00652112]","[ 0.2797066   0.12173569 -0.78580654  0.99864817  0.02313614 -0.04654723
 -0.02528191  0.9986191  -0.04605085  0.04541755  0.04716539  0.997854
  0.09542882 -0.06820142 -0.01382333 -0.24135262 -0.04013616 -0.00635898
  0.00203681 -0.24120504 -0.03713703 -0.00544101  0.00212336 -0.24143684
 -0.03859901 -0.00514984  0.00163031]"
83.443,[1.4069649 0.6037907 0.5343321],"[[ 0.99863932  0.02286185 -0.04687044]
 [-0.02493096  0.99871834 -0.04404684]
 [ 0.04580337  0.04515543  0.99792938]]",[ 0.9446073  -0.68308059 -0.13800282],[ 2.3035045  -0.1922883  -0.03247176  0.00730689],[-1.34041341 -0.20225351  0.24438059],"[ 1.4069649   0.6037907   0.5343321   0.99863932  0.02286185 -0.04687044
 -0.02493096  0.99871834 -0.04404684  0.04580337  0.04515543  0.99792938
  0.9446073  -0.68308059 -0.13800282  2.29314113 -0.22282225 -0.03264608
  0.00849359  2.29244876 -0.23159386 -0.03089903  0.00652112  2.29902053
 -0.20521899 -0.04006993  0.0056624 ]","[ 0.28139293  0.12075818 -0.78626716  0.99863935  0.02286184 -0.04687041
 -0.02493095  0.99871826 -0.04404682  0.04580343  0.04515541  0.99792933
  0.09446084 -0.06830806 -0.0138002  -0.24120504 -0.03713703 -0.00544101
  0.00212336 -0.24143684 -0.03859901 -0.00514984  0.00163031 -0.23923635
 -0.03420311 -0.00667834  0.00141561]"
83.453,[1.41530919 0.59888357 0.53319657],"[[ 0.99863008  0.02239876 -0.04728909]
 [-0.02436597  0.99884378 -0.04144145]
 [ 0.04630618  0.04253693  0.99802122]]",[ 0.93535155 -0.68399769 -0.13429548],[ 2.3018968  -0.18156679 -0.02857723  0.00720775],[-1.33959793 -0.16119966  0.25775781],"[ 1.41530919  0.59888357  0.53319657  0.99863008  0.02239876 -0.04728909
 -0.02436597  0.99884378 -0.04144145  0.04630618  0.04253693  0.99802122
  0.93535155 -0.68399769 -0.13429548  2.29244876 -0.23159386 -0.03089903
  0.00652112  2.29902053 -0.20521899 -0.04006993  0.0056624   2.30350447
 -0.19228829 -0.03247176  0.00730689]","[ 0.28306186  0.11977673 -0.78672135  0.99863005  0.02239871 -0.04728907
 -0.02436596  0.9988438  -0.04144144  0.04630613  0.04253697  0.99802125
  0.09353518 -0.06839979 -0.01342952 -0.24143684 -0.03859901 -0.00514984
  0.00163031 -0.23923635 -0.03420311 -0.00667834  0.00141561 -0.23773497
 -0.03204805 -0.00541192  0.00182676]"
83.463,[1.43173611 0.58901811 0.53097481],"[[ 0.99862693  0.02215136 -0.0474717 ]
 [-0.02405585  0.99891287 -0.03992984]
 [ 0.04653559  0.04101699  0.99807417]]",[ 0.91639757 -0.6852262  -0.13025258],[ 2.2996018  -0.1932259  -0.02976041  0.00485688],[-1.33512795 -0.1363222   0.24823621],"[ 1.43173611  0.58901811  0.53097481  0.99862693  0.02215136 -0.0474717
 -0.02405585  0.99891287 -0.03992984  0.04653559  0.04101699  0.99807417
  0.91639757 -0.6852262  -0.13025258  2.29902053 -0.20521899 -0.04006993
  0.0056624   2.30350447 -0.19228829 -0.03247176  0.00730689  2.30189681
 -0.18156679 -0.02857723  0.00720775]","[ 0.28634727  0.11780357 -0.78761005  0.99862695  0.02215135 -0.0474717
 -0.02405584  0.9989128  -0.03992987  0.04653561  0.04101694  0.9980742
  0.09163976 -0.06852263 -0.01302528 -0.23923635 -0.03420311 -0.00667834
  0.00141561 -0.23773497 -0.03204805 -0.00541192  0.00182676 -0.23827326
 -0.0302611  -0.00476289  0.00180197]"
83.473,[1.43981946 0.58406287 0.52988845],"[[ 0.99862354  0.02199181 -0.04761703]
 [-0.02380351  0.999001   -0.03782059]
 [ 0.04673772  0.03890199  0.9981494 ]]",[ 0.90681932 -0.68545849 -0.12983355],[ 2.3054144  -0.17846231 -0.038436    0.00404772],[-1.32678565 -0.10315685  0.24892547],"[ 1.43981946  0.58406287  0.52988845  0.99862354  0.02199181 -0.04761703
 -0.02380351  0.999001   -0.03782059  0.04673772  0.03890199  0.9981494
  0.90681932 -0.68545849 -0.12983355  2.30350447 -0.19228829 -0.03247176
  0.00730689  2.30189681 -0.18156679 -0.02857723  0.00720775  2.29960179
 -0.19322591 -0.02976041  0.00485688]","[ 0.28796387  0.11681259 -0.78804463  0.9986236   0.02199185 -0.04761702
 -0.02380353  0.999001   -0.03782058  0.04673767  0.03890204  0.9981494
  0.09068191 -0.06854582 -0.01298332 -0.23773497 -0.03204805 -0.00541192
  0.00182676 -0.23827326 -0.0302611  -0.00476289  0.00180197 -0.23904175
 -0.03220427 -0.00496006  0.00121427]"
83.483,[1.44781649 0.57909453 0.52879882],"[[ 0.99861792  0.02205252 -0.04770667]
 [-0.02380147  0.99905351 -0.03640834]
 [ 0.04685862  0.03749351  0.99819763]]",[ 0.89750612 -0.68579    -0.12623778],[ 2.3062835  -0.17079471 -0.03756445  0.00461248],[-1.32173875 -0.08022885  0.25464268],"[ 1.44781649  0.57909453  0.52879882  0.99861792  0.02205252 -0.04770667
 -0.02380147  0.99905351 -0.03640834  0.04685862  0.03749351  0.99819763
  0.89750612 -0.68579    -0.12623778  2.30189681 -0.18156679 -0.02857723
  0.00720775  2.29960179 -0.19322591 -0.02976041  0.00485688  2.30541444
 -0.17846231 -0.038436    0.00404772]","[ 0.2895633   0.11581886 -0.78848046  0.9986179   0.02205253 -0.04770666
 -0.02380145  0.9990535  -0.03640836  0.04685867  0.03749347  0.99819756
  0.08975065 -0.06857902 -0.01262379 -0.23827326 -0.0302611  -0.00476289
  0.00180197 -0.23904175 -0.03220427 -0.00496006  0.00121427 -0.23709542
 -0.02974373 -0.00640595  0.00101197]"
83.493,[1.45572746 0.57411462 0.52772671],"[[ 0.99860212  0.02233814 -0.04790425]
 [-0.0239894   0.99912785 -0.03417659]
 [ 0.04709903  0.03527801  0.99826707]]",[ 0.88823936 -0.68528239 -0.12572437],[ 2.3088007  -0.15738921 -0.03535029  0.00527214],[-1.31991847 -0.0498146   0.28107039],"[ 1.45572746  0.57411462  0.52772671  0.99860212  0.02233814 -0.04790425
 -0.0239894   0.99912785 -0.03417659  0.04709903  0.03527801  0.99826707
  0.88823936 -0.68528239 -0.12572437  2.29960179 -0.19322591 -0.02976041
  0.00485688  2.30541444 -0.17846231 -0.038436    0.00404772  2.30628347
 -0.17079471 -0.03756445  0.00461248]","[ 0.29114556  0.11482298 -0.7889093   0.99860215  0.02233815 -0.04790425
 -0.02398938  0.99912786 -0.03417659  0.04709899  0.03527796  0.99826705
  0.08882391 -0.06852823 -0.01257247 -0.23904175 -0.03220427 -0.00496006
  0.00121427 -0.23709542 -0.02974373 -0.00640595  0.00101197 -0.23680443
 -0.02846575 -0.00626069  0.00115311]"
83.509,[1.4712919  0.56412613 0.52564037],"[[ 0.99858827  0.0225817  -0.0480784 ]
 [-0.02416486  0.99917611 -0.03260613]
 [ 0.04730249  0.03372191  0.99831123]]",[ 0.86916578 -0.68534416 -0.11921228],[ 2.304011   -0.168376   -0.03124676  0.00406869],[-1.30973173  0.01652117  0.31324401],"[ 1.4712919   0.56412613  0.52564037  0.99858827  0.0225817  -0.0480784
 -0.02416486  0.99917611 -0.03260613  0.04730249  0.03372191  0.99831123
  0.86916578 -0.68534416 -0.11921228  2.30541444 -0.17846231 -0.038436
  0.00404772  2.30628347 -0.17079471 -0.03756445  0.00461248  2.3088007
 -0.15738921 -0.03535029  0.00527214]","[ 0.29425848  0.11282527 -0.78974384  0.9985883   0.0225817  -0.04807842
 -0.02416486  0.999176   -0.03260612  0.04730248  0.03372192  0.9983113
  0.08691657 -0.06853437 -0.01192123 -0.23709542 -0.02974373 -0.00640595
  0.00101197 -0.23680443 -0.02846575 -0.00626069  0.00115311 -0.23596156
 -0.02623153 -0.00589168  0.00131798]"
83.52,[1.47894549 0.55912083 0.52462786],"[[ 0.9985677   0.02288568 -0.04836107]
 [-0.02436068  0.99924898 -0.03013356]
 [ 0.04763512  0.03126851  0.99837527]]",[ 0.85970956 -0.68482    -0.11668632],[ 2.3058822  -0.15211554 -0.03798454  0.00303751],[-1.30431444  0.03466199  0.31039516],"[ 1.47894549  0.55912083  0.52462786  0.9985677   0.02288568 -0.04836107
 -0.02436068  0.99924898 -0.03013356  0.04763512  0.03126851  0.99837527
  0.85970956 -0.68482    -0.11668632  2.30628347 -0.17079471 -0.03756445
  0.00461248  2.3088007  -0.15738921 -0.03535029  0.00527214  2.30401111
 -0.168376   -0.03124676  0.00406869]","[ 0.29578912  0.11182415 -0.79014885  0.9985677   0.02288568 -0.04836106
 -0.02436066  0.999249   -0.03013355  0.04763508  0.03126848  0.9983753
  0.085971   -0.06848198 -0.01166856 -0.23680443 -0.02846575 -0.00626069
  0.00115311 -0.23596156 -0.02623153 -0.00589168  0.00131798 -0.23756534
 -0.02806264 -0.00520778  0.00101721]"
83.527,[1.48651338 0.55411047 0.52363598],"[[ 0.99856167  0.02294864 -0.04845576]
 [-0.02438625  0.99927348 -0.0292887 ]
 [ 0.04774842  0.03042823  0.99839582]]",[ 0.8502627  -0.68409401 -0.11419919],[ 2.3062427  -0.15105784 -0.03250236  0.00376309],[-1.30431444  0.03466199  0.31039516],"[ 1.48651338  0.55411047  0.52363598  0.99856167  0.02294864 -0.04845576
 -0.02438625  0.99927348 -0.0292887   0.04774842  0.03042823  0.99839582
  0.8502627  -0.68409401 -0.11419919  2.3088007  -0.15738921 -0.03535029
  0.00527214  2.30401111 -0.168376   -0.03124676  0.00406869  2.30588222
 -0.15211554 -0.03798454  0.00303751]","[ 2.9730260e-01  1.1082208e-01 -7.9054558e-01  9.9856162e-01
  2.2948623e-02 -4.8455775e-02 -2.4386227e-02  9.9927354e-01
 -2.9288709e-02  4.7748446e-02  3.0428171e-02  9.9839580e-01
  8.5026264e-02 -6.8409443e-02 -1.1419952e-02 -2.3596156e-01
 -2.6231527e-02 -5.8916807e-03  1.3179779e-03 -2.3756534e-01
 -2.8062642e-02 -5.2077770e-03  1.0172129e-03 -2.3693877e-01
 -2.5352538e-02 -6.3307285e-03  7.5936317e-04]"
83.533,[1.49399555 0.5490967  0.52266467],"[[ 0.9985411   0.02295596 -0.04887428]
 [-0.02424583  0.9993688  -0.02596415]
 [ 0.0482474   0.02711127  0.99846741]]",[ 0.84078242 -0.68278658 -0.1143286 ],[ 2.3122616  -0.12522323 -0.03257223  0.00438572],[-1.30367885  0.07657904  0.3122279 ],"[ 1.49399555  0.5490967   0.52266467  0.9985411   0.02295596 -0.04887428
 -0.02424583  0.9993688  -0.02596415  0.0482474   0.02711127  0.99846741
  0.84078242 -0.68278658 -0.1143286   2.30401111 -0.168376   -0.03124676
  0.00406869  2.30588222 -0.15211554 -0.03798454  0.00303751  2.3062427
 -0.15105784 -0.03250236  0.00376309]","[ 2.98799157e-01  1.09819293e-01 -7.90934145e-01  9.98541117e-01
  2.29560137e-02 -4.88742590e-02 -2.42457986e-02  9.99368787e-01
 -2.59641409e-02  4.82474566e-02  2.71112919e-02  9.98467445e-01
  8.40781927e-02 -6.82786703e-02 -1.14328265e-02 -2.37565339e-01
 -2.80626416e-02 -5.20777702e-03  1.01721287e-03 -2.36938775e-01
 -2.53525376e-02 -6.33072853e-03  7.59363174e-04 -2.36818075e-01
 -2.51762867e-02 -5.41698933e-03  9.40799713e-04]"
83.548,[1.50870264 0.53906542 0.52075446],"[[ 0.99853371  0.02281404 -0.0490912 ]
 [-0.02403711  0.99941155 -0.02446968]
 [ 0.04850406  0.02561381  0.99849451]]",[ 0.82178255 -0.68077779 -0.10759481],[ 2.3079948  -0.13234058 -0.02188111  0.004384  ],[-1.29567947  0.13301191  0.35557822],"[ 1.50870264  0.53906542  0.52075446  0.99853371  0.02281404 -0.0490912
 -0.02403711  0.99941155 -0.02446968  0.04850406  0.02561381  0.99849451
  0.82178255 -0.68077779 -0.10759481  2.30588222 -0.15211554 -0.03798454
  0.00303751  2.3062427  -0.15105784 -0.03250236  0.00376309  2.31226158
 -0.12522323 -0.03257223  0.00438572]","[ 3.0174053e-01  1.0781312e-01 -7.9169822e-01  9.9853373e-01
  2.2814035e-02 -4.9091220e-02 -2.4037123e-02  9.9941158e-01
 -2.4469674e-02  4.8504114e-02  2.5613785e-02  9.9849451e-01
  8.2178235e-02 -6.8077743e-02 -1.0759413e-02 -2.3693877e-01
 -2.5352538e-02 -6.3307285e-03  7.5936317e-04 -2.3681808e-01
 -2.5176287e-02 -5.4169893e-03  9.4079971e-04 -2.3480272e-01
 -2.0870507e-02 -5.4286718e-03  1.0964870e-03]"
83.56,[1.5159272  0.53405088 0.51983368],"[[ 0.99852772  0.02249828 -0.04935804]
 [-0.02363614  0.99946533 -0.02259196]
 [ 0.04882337  0.02372533  0.99852561]]",[ 0.81219972 -0.67948957 -0.10508242],[ 2.30752    -0.12631012 -0.02312329  0.00338414],[-1.28990932  0.14831103  0.34640596],"[ 1.5159272   0.53405088  0.51983368  0.99852772  0.02249828 -0.04935804
 -0.02363614  0.99946533 -0.02259196  0.04882337  0.02372533  0.99852561
  0.81219972 -0.67948957 -0.10508242  2.3062427  -0.15105784 -0.03250236
  0.00376309  2.31226158 -0.12522323 -0.03257223  0.00438572  2.30799484
 -0.13234058 -0.02188111  0.004384  ]","[ 3.0318546e-01  1.0681021e-01 -7.9206651e-01  9.9852777e-01
  2.2498250e-02 -4.9358010e-02 -2.3636162e-02  9.9946535e-01
 -2.2591949e-02  4.8823357e-02  2.3725271e-02  9.9852562e-01
  8.1220031e-02 -6.7948878e-02 -1.0508239e-02 -2.3681808e-01
 -2.5176287e-02 -5.4169893e-03  9.4079971e-04 -2.3480272e-01
 -2.0870507e-02 -5.4286718e-03  1.0964870e-03 -2.3623139e-01
 -2.2056699e-02 -3.6468506e-03  1.0960102e-03]"
83.571,[1.52306604 0.52903855 0.51893651],"[[ 0.99852466  0.02228913 -0.04951466]
 [-0.02337925  0.99949444 -0.02154708]
 [ 0.04900936  0.02267291  0.99854095]]",[ 0.80283728 -0.67798992 -0.10162961],[ 2.3070726  -0.12170659 -0.02270198  0.0030728 ],[-1.2852973   0.17075997  0.35236042],"[ 1.52306604  0.52903855  0.51893651  0.99852466  0.02228913 -0.04951466
 -0.02337925  0.99949444 -0.02154708  0.04900936  0.02267291  0.99854095
  0.80283728 -0.67798992 -0.10162961  2.31226158 -0.12522323 -0.03257223
  0.00438572  2.30799484 -0.13234058 -0.02188111  0.004384    2.30751991
 -0.12631012 -0.02312329  0.00338414]","[ 3.0461323e-01  1.0580766e-01 -7.9242539e-01  9.9852467e-01
  2.2289157e-02 -4.9514651e-02 -2.3379266e-02  9.9949443e-01
 -2.1547079e-02  4.9009323e-02  2.2672892e-02  9.9854088e-01
  8.0283761e-02 -6.7798972e-02 -1.0162890e-02 -2.3480272e-01
 -2.0870507e-02 -5.4286718e-03  1.0964870e-03 -2.3623139e-01
 -2.2056699e-02 -3.6468506e-03  1.0960102e-03 -2.3639041e-01
 -2.1051705e-02 -3.8538575e-03  8.4602833e-04]"
83.579,[1.53011906 0.52402937 0.51806295],"[[ 0.99851607  0.02208737 -0.04977756]
 [-0.02311279  0.99953039 -0.02011942]
 [ 0.0493098   0.02124006  0.99855766]]",[ 0.79354513 -0.67632085 -0.09790835],[ 2.3068254  -0.11578988 -0.01897936  0.00362086],[-1.28148298  0.18338071  0.34960573],"[ 1.53011906  0.52402937  0.51806295  0.99851607  0.02208737 -0.04977756
 -0.02311279  0.99953039 -0.02011942  0.0493098   0.02124006  0.99855766
  0.79354513 -0.67632085 -0.09790835  2.30799484 -0.13234058 -0.02188111
  0.004384    2.30751991 -0.12631012 -0.02312329  0.00338414  2.30707264
 -0.12170659 -0.02270198  0.0030728 ]","[ 3.0602384e-01  1.0480583e-01 -7.9277480e-01  9.9851608e-01
  2.2087336e-02 -4.9777567e-02 -2.3112774e-02  9.9953032e-01
 -2.0119429e-02  4.9309850e-02  2.1240115e-02  9.9855769e-01
  7.9354525e-02 -6.7632079e-02 -9.7907782e-03 -2.3623139e-01
 -2.2056699e-02 -3.6468506e-03  1.0960102e-03 -2.3639041e-01
 -2.1051705e-02 -3.8538575e-03  8.4602833e-04 -2.3654020e-01
 -2.0284414e-02 -3.7837029e-03  7.6818466e-04]"
83.591,[1.54396832 0.51402467 0.51631838],"[[ 0.99850638  0.02206603 -0.04998104]
 [-0.0230513   0.99954946 -0.0192229 ]
 [ 0.04953435  0.02034631  0.99856516]]",[ 0.77467888 -0.67280013 -0.09230576],[ 2.3038168  -0.12471867 -0.0124888   0.00366478],[-1.27659255  0.20408462  0.35395385],"[ 1.54396832  0.51402467  0.51631838  0.99850638  0.02206603 -0.04998104
 -0.0230513   0.99954946 -0.0192229   0.04953435  0.02034631  0.99856516
  0.77467888 -0.67280013 -0.09230576  2.30751991 -0.12631012 -0.02312329
  0.00338414  2.30707264 -0.12170659 -0.02270198  0.0030728   2.3068254
 -0.11578988 -0.01897936  0.00362086]","[ 3.0879366e-01  1.0280502e-01 -7.9347265e-01  9.9850631e-01
  2.2065997e-02 -4.9981058e-02 -2.3051322e-02  9.9954939e-01
 -1.9222915e-02  4.9534321e-02  2.0346284e-02  9.9856520e-01
  7.7467918e-02 -6.7279994e-02 -9.2306137e-03 -2.3639041e-01
 -2.1051705e-02 -3.8538575e-03  8.4602833e-04 -2.3654020e-01
 -2.0284414e-02 -3.7837029e-03  7.6818466e-04 -2.3662299e-01
 -1.9298315e-02 -3.1632185e-03  9.0527534e-04]"
83.603,[1.5507648  0.509031   0.51544881],"[[ 0.99848667  0.02218524 -0.05032091]
 [-0.02311029  0.99957309 -0.01787621]
 [ 0.04990284  0.01901209  0.99857311]]",[ 0.76530416 -0.6706773  -0.09065217],[ 2.3057134  -0.11818681 -0.01443107  0.0033271 ],[-1.27350395  0.21827668  0.35262282],"[ 1.5507648   0.509031    0.51544881  0.99848667  0.02218524 -0.05032091
 -0.02311029  0.99957309 -0.01787621  0.04990284  0.01901209  0.99857311
  0.76530416 -0.6706773  -0.09065217  2.30707264 -0.12170659 -0.02270198
  0.0030728   2.3068254  -0.11578988 -0.01897936  0.00362086  2.3038168
 -0.12471867 -0.0124888   0.00366478]","[ 3.10153008e-01  1.01806164e-01 -7.93820500e-01  9.98486638e-01
  2.21852064e-02 -5.03209233e-02 -2.31102705e-02  9.99573112e-01
 -1.78762078e-02  4.99027967e-02  1.90120935e-02  9.98573065e-01
  7.65304565e-02 -6.70676827e-02 -9.06521082e-03 -2.36540198e-01
 -2.02844143e-02 -3.78370285e-03  7.68184662e-04 -2.36622989e-01
 -1.92983150e-02 -3.16321850e-03  9.05275345e-04 -2.37630367e-01
 -2.07864046e-02 -2.08145380e-03  9.16242599e-04]"
83.615,[1.55747581 0.50404435 0.51460457],"[[ 0.99847227  0.02233842 -0.05053831]
 [-0.02322003  0.9995871  -0.01692492]
 [ 0.05013937  0.01807256  0.9985787 ]]",[ 0.75582844 -0.66888571 -0.08668886],[ 2.3049688  -0.11687857 -0.00972455  0.00381437],[-1.26606916  0.23972626  0.34414246],"[ 1.55747581  0.50404435  0.51460457  0.99847227  0.02233842 -0.05053831
 -0.02322003  0.9995871  -0.01692492  0.05013937  0.01807256  0.9985787
  0.75582844 -0.66888571 -0.08668886  2.3068254  -0.11578988 -0.01897936
  0.00362086  2.3038168  -0.12471867 -0.0124888   0.00366478  2.30571342
 -0.11818681 -0.01443107  0.0033271 ]","[ 3.1149518e-01  1.0080898e-01 -7.9415816e-01  9.9847221e-01
  2.2338390e-02 -5.0538301e-02 -2.3220003e-02  9.9958706e-01
 -1.6924918e-02  5.0139427e-02  1.8072605e-02  9.9857879e-01
  7.5582862e-02 -6.6888630e-02 -8.6688995e-03 -2.3662299e-01
 -1.9298315e-02 -3.1632185e-03  9.0527534e-04 -2.3763037e-01
 -2.0786405e-02 -2.0814538e-03  9.1624260e-04 -2.3699534e-01
 -1.9697785e-02 -2.4051666e-03  8.3172321e-04]"
83.626,[1.57728076 0.48878586 0.51199853],"[[ 0.99844624  0.02272123 -0.05088069]
 [-0.02346852  0.9996246  -0.01413803]
 [ 0.05054036  0.01531016  0.99860466]]",[ 0.72808718 -0.66266658 -0.07957683],[ 2.3046379e+00 -1.1802234e-01 -1.0133907e-03  4.4754297e-03],[-1.26022362  0.2570628   0.33006159],"[ 1.57728076  0.48878586  0.51199853  0.99844624  0.02272123 -0.05088069
 -0.02346852  0.9996246  -0.01413803  0.05054036  0.01531016  0.99860466
  0.72808718 -0.66266658 -0.07957683  2.3038168  -0.12471867 -0.0124888
  0.00366478  2.30571342 -0.11818681 -0.01443107  0.0033271   2.30496883
 -0.11687857 -0.00972455  0.00381437]","[ 3.1545627e-01  9.7757220e-02 -7.9520059e-01  9.9844623e-01
  2.2721291e-02 -5.0880671e-02 -2.3468494e-02  9.9962461e-01
 -1.4138043e-02  5.0540328e-02  1.5310168e-02  9.9860466e-01
  7.2808743e-02 -6.6266596e-02 -7.9576373e-03 -2.3763037e-01
 -2.0786405e-02 -2.0814538e-03  9.1624260e-04 -2.3699534e-01
 -1.9697785e-02 -2.4051666e-03  8.3172321e-04 -2.3724461e-01
 -1.9479752e-02 -1.6207695e-03  9.5355511e-04]"
83.637,[1.58383501 0.48348585 0.51103312],"[[ 0.99844041  0.02279317 -0.050963  ]
 [-0.02347861  0.99964121 -0.01289171]
 [ 0.05065087  0.01406814  0.99861733]]",[ 0.71906974 -0.66093229 -0.07725459],[ 2.3047237  -0.12001629 -0.00309242  0.00344683],[-1.24531604  0.27010937  0.30961474],"[ 1.58383501e+00  4.83485848e-01  5.11033118e-01  9.98440406e-01
  2.27931746e-02 -5.09629983e-02 -2.34786139e-02  9.99641215e-01
 -1.28917065e-02  5.06508706e-02  1.40681412e-02  9.98617332e-01
  7.19069745e-01 -6.60932290e-01 -7.72545943e-02  2.30571342e+00
 -1.18186809e-01 -1.44310668e-02  3.32710147e-03  2.30496883e+00
 -1.16878569e-01 -9.72454995e-03  3.81436944e-03  2.30463791e+00
 -1.18022338e-01 -1.01339072e-03  4.47542965e-03]","[ 3.1676710e-01  9.6697211e-02 -7.9558676e-01  9.9844038e-01
  2.2793174e-02 -5.0962985e-02 -2.3478627e-02  9.9964118e-01
 -1.2891710e-02  5.0650835e-02  1.4068127e-02  9.9861741e-01
  7.1906924e-02 -6.6093266e-02 -7.7254176e-03 -2.3699534e-01
 -1.9697785e-02 -2.4051666e-03  8.3172321e-04 -2.3724461e-01
 -1.9479752e-02 -1.6207695e-03  9.5355511e-04 -2.3735541e-01
 -1.9670367e-02 -1.6885996e-04  1.1188984e-03]"
83.649,[1.59030509 0.47819713 0.5099901 ],"[[ 0.99843507  0.02275949 -0.05108252]
 [-0.02335628  0.9996654  -0.01111645]
 [ 0.05081242  0.01229215  0.99863257]]",[ 0.71004124 -0.65905027 -0.07542387],[ 2.3081627  -0.11211181 -0.00363249  0.00354591],[-1.2299713   0.31722757  0.2832923 ],"[ 1.59030509e+00  4.78197128e-01  5.09990096e-01  9.98435067e-01
  2.27594888e-02 -5.10825177e-02 -2.33562805e-02  9.99665398e-01
 -1.11164458e-02  5.08124208e-02  1.22921469e-02  9.98632566e-01
  7.10041237e-01 -6.59050273e-01 -7.54238745e-02  2.30496883e+00
 -1.16878569e-01 -9.72454995e-03  3.81436944e-03  2.30463791e+00
 -1.18022338e-01 -1.01339072e-03  4.47542965e-03  2.30472374e+00
 -1.20016292e-01 -3.09241563e-03  3.44683230e-03]","[ 3.1806111e-01  9.5639467e-02 -7.9600394e-01  9.9843502e-01
  2.2759438e-02 -5.1082492e-02 -2.3356259e-02  9.9966538e-01
 -1.1116445e-02  5.0812364e-02  1.2292147e-02  9.9863255e-01
  7.1004152e-02 -6.5904975e-02 -7.5424314e-03 -2.3724461e-01
 -1.9479752e-02 -1.6207695e-03  9.5355511e-04 -2.3735541e-01
 -1.9670367e-02 -1.6885996e-04  1.1188984e-03 -2.3732668e-01
 -2.0002663e-02 -5.1534176e-04  8.6176395e-04]"
83.661,[1.59669113 0.47292078 0.50897473],"[[ 0.99843186  0.02258303 -0.0512233 ]
 [-0.02309948  0.99968791 -0.00951283]
 [ 0.05099248  0.01068114  0.99864192]]",[ 0.70100887 -0.65711084 -0.07316862],[ 2.3097658e+00 -1.0702960e-01  1.2243763e-03  4.3140054e-03],[-1.22622869  0.32962907  0.29515483],"[ 1.59669113e+00  4.72920775e-01  5.08974731e-01  9.98431861e-01
  2.25830258e-02 -5.12232982e-02 -2.30994796e-02  9.99687911e-01
 -9.51282913e-03  5.09924835e-02  1.06811432e-02  9.98641918e-01
  7.01008867e-01 -6.57110836e-01 -7.31686200e-02  2.30463791e+00
 -1.18022338e-01 -1.01339072e-03  4.47542965e-03  2.30472374e+00
 -1.20016292e-01 -3.09241563e-03  3.44683230e-03  2.30816269e+00
 -1.12111807e-01 -3.63249332e-03  3.54591012e-03]","[ 3.1933820e-01  9.4584227e-02 -7.9641008e-01  9.9843192e-01
  2.2583008e-02 -5.1223278e-02 -2.3099482e-02  9.9968791e-01
 -9.5128417e-03  5.0992489e-02  1.0681152e-02  9.9864197e-01
  7.0100904e-02 -6.5711081e-02 -7.3168874e-03 -2.3735541e-01
 -1.9670367e-02 -1.6885996e-04  1.1188984e-03 -2.3732668e-01
 -2.0002663e-02 -5.1534176e-04  8.6176395e-04 -2.3617518e-01
 -1.8685341e-02 -6.0540438e-04  8.8644028e-04]"
83.672,[1.60921288 0.46240908 0.50702536],"[[ 0.99843168  0.02242467 -0.05129636]
 [-0.02289544  0.9997008  -0.00860818]
 [ 0.05108798  0.00976914  0.99864638]]",[ 0.68332106 -0.65265537 -0.0676282 ],[ 2.3064778  -0.12239797  0.00898879  0.00446428],[-1.21695123  0.34400051  0.29166069],"[ 1.60921288e+00  4.62409079e-01  5.07025361e-01  9.98431679e-01
  2.24246738e-02 -5.12963594e-02 -2.28954403e-02  9.99700804e-01
 -8.60818314e-03  5.10879760e-02  9.76913547e-03  9.98646375e-01
  6.83321057e-01 -6.52655365e-01 -6.76282004e-02  2.30472374e+00
 -1.20016292e-01 -3.09241563e-03  3.44683230e-03  2.30816269e+00
 -1.12111807e-01 -3.63249332e-03  3.54591012e-03  2.30976582e+00
 -1.07029602e-01  1.22437626e-03  4.31400537e-03]","[ 3.2184255e-01  9.2481852e-02 -7.9718983e-01  9.9843168e-01
  2.2424698e-02 -5.1296353e-02 -2.2895455e-02  9.9970078e-01
 -8.6081624e-03  5.1087976e-02  9.7690821e-03  9.9864638e-01
  6.8332076e-02 -6.5265536e-02 -6.7628026e-03 -2.3732668e-01
 -2.0002663e-02 -5.1534176e-04  8.6176395e-04 -2.3617518e-01
 -1.8685341e-02 -6.0540438e-04  8.8644028e-04 -2.3563838e-01
 -1.7838240e-02  2.0408630e-04  1.0784864e-03]"
83.683,[1.61534905 0.45717525 0.50609154],"[[ 0.99843433  0.02220232 -0.05134141]
 [-0.02261692  0.99971601 -0.00750845]
 [ 0.05116013  0.00865788  0.99865293]]",[ 0.67429693 -0.65038207 -0.06616228],[ 2.307711   -0.1228191   0.00346603  0.00328323],[-1.20881017  0.35366178  0.27751686],"[ 1.61534905e+00  4.57175255e-01  5.06091535e-01  9.98434332e-01
  2.22023229e-02 -5.13414135e-02 -2.26169224e-02  9.99716009e-01
 -7.50844659e-03  5.11601280e-02  8.65787562e-03  9.98652934e-01
  6.74296926e-01 -6.50382075e-01 -6.61622765e-02  2.30816269e+00
 -1.12111807e-01 -3.63249332e-03  3.54591012e-03  2.30976582e+00
 -1.07029602e-01  1.22437626e-03  4.31400537e-03  2.30647779e+00
 -1.22397974e-01  8.98879021e-03  4.46428359e-03]","[ 3.2306981e-01  9.1435075e-02 -7.9756337e-01  9.9843431e-01
  2.2202373e-02 -5.1341414e-02 -2.2616923e-02  9.9971604e-01
 -7.5084567e-03  5.1160097e-02  8.6579323e-03  9.9865294e-01
  6.7429781e-02 -6.5038204e-02 -6.6161752e-03 -2.3617518e-01
 -1.8685341e-02 -6.0540438e-04  8.8644028e-04 -2.3563838e-01
 -1.7838240e-02  2.0408630e-04  1.0784864e-03 -2.3673940e-01
 -2.0399630e-02  1.4982224e-03  1.1160374e-03]"
83.696,[1.6214025  0.45195702 0.50518417],"[[ 0.99843739  0.0221085  -0.05132239]
 [-0.02249142  0.99972325 -0.0068956 ]
 [ 0.05115574  0.00803914  0.99865833]]",[ 0.66555052 -0.6478917  -0.06367929],[ 2.3092785  -0.12455356  0.00439245  0.00366297],[-1.19716376  0.36061404  0.2698523 ],"[ 1.62140250e+00  4.51957017e-01  5.05184174e-01  9.98437392e-01
  2.21084976e-02 -5.13223918e-02 -2.24914234e-02  9.99723255e-01
 -6.89560430e-03  5.11557371e-02  8.03914282e-03  9.98658331e-01
  6.65550516e-01 -6.47891697e-01 -6.36792921e-02  2.30976582e+00
 -1.07029602e-01  1.22437626e-03  4.31400537e-03  2.30647779e+00
 -1.22397974e-01  8.98879021e-03  4.46428359e-03  2.30771089e+00
 -1.22819096e-01  3.46603245e-03  3.28323245e-03]","[ 3.2428062e-01  9.0391517e-02 -7.9792631e-01  9.9843740e-01
  2.2108555e-02 -5.1322401e-02 -2.2491395e-02  9.9972320e-01
 -6.8956017e-03  5.1155686e-02  8.0391169e-03  9.9865842e-01
  6.6555023e-02 -6.4789176e-02 -6.3679814e-03 -2.3563838e-01
 -1.7838240e-02  2.0408630e-04  1.0784864e-03 -2.3673940e-01
 -2.0399630e-02  1.4982224e-03  1.1160374e-03 -2.3632646e-01
 -2.0469785e-02  5.7768822e-04  8.2075596e-04]"
83.709,[1.63907206 0.43640077 0.50265861],"[[ 0.99844457  0.02213607 -0.05117071]
 [-0.02243742  0.99973408 -0.00532205]
 [ 0.05103929  0.00646191  0.99867574]]",[ 0.63937683 -0.64005923 -0.05751182],[ 2.3086157  -0.14140588  0.0130396   0.00454341],[-1.18048996  0.39059139  0.29614765],"[ 1.63907206  0.43640077  0.50265861  0.99844457  0.02213607 -0.05117071
 -0.02243742  0.99973408 -0.00532205  0.05103929  0.00646191  0.99867574
  0.63937683 -0.64005923 -0.05751182  2.30647779 -0.12239797  0.00898879
  0.00446428  2.30771089 -0.1228191   0.00346603  0.00328323  2.30927849
 -0.12455356  0.00439245  0.00366297]","[ 3.2781446e-01  8.7280154e-02 -7.9893655e-01  9.9844456e-01
  2.2136092e-02 -5.1170707e-02 -2.2437394e-02  9.9973416e-01
 -5.3220391e-03  5.1039338e-02  6.4618587e-03  9.9867582e-01
  6.3937664e-02 -6.4005911e-02 -5.7511926e-03 -2.3673940e-01
 -2.0399630e-02  1.4982224e-03  1.1160374e-03 -2.3632646e-01
 -2.0469785e-02  5.7768822e-04  8.2075596e-04 -2.3580158e-01
 -2.0758927e-02  7.3218346e-04  9.1576576e-04]"
83.72,[1.64479959 0.4312506  0.5018748 ],"[[ 0.99844699  0.0222829  -0.05105953]
 [-0.02252307  0.99973778 -0.00413304]
 [ 0.05095404  0.00527664  0.99868706]]",[ 0.63063735 -0.63739753 -0.05468933],[ 2.3084784  -0.1403322   0.00495631  0.00319923],[-1.17392365  0.40220042  0.29615984],"[ 1.64479959  0.4312506   0.5018748   0.99844699  0.0222829  -0.05105953
 -0.02252307  0.99973778 -0.00413304  0.05095404  0.00527664  0.99868706
  0.63063735 -0.63739753 -0.05468933  2.30771089 -0.1228191   0.00346603
  0.00328323  2.30927849 -0.12455356  0.00439245  0.00366297  2.30861568
 -0.14140588  0.0130396   0.00454341]","[ 3.2895994e-01  8.6250186e-02 -7.9925007e-01  9.9844694e-01
  2.2282958e-02 -5.1059544e-02 -2.2523046e-02  9.9973774e-01
 -4.1330457e-03  5.0953984e-02  5.2766800e-03  9.9868703e-01
  6.3063741e-02 -6.3739777e-02 -5.4689050e-03 -2.3632646e-01
 -2.0469785e-02  5.7768822e-04  8.2075596e-04 -2.3580158e-01
 -2.0758927e-02  7.3218346e-04  9.1576576e-04 -2.3602355e-01
 -2.3567677e-02  2.1733046e-03  1.1358261e-03]"
83.731,[1.65044665 0.42611966 0.50111645],"[[ 0.99844712  0.02238827 -0.051011  ]
 [-0.02258156  0.99973983 -0.0032159 ]
 [ 0.05092573  0.00436281  0.99869291]]",[ 0.62204782 -0.6344256  -0.05298582],[ 2.3103993  -0.13801883  0.00880662  0.00423817],[-1.16572581  0.42043012  0.28999571],"[ 1.65044665  0.42611966  0.50111645  0.99844712  0.02238827 -0.051011
 -0.02258156  0.99973983 -0.0032159   0.05092573  0.00436281  0.99869291
  0.62204782 -0.6344256  -0.05298582  2.30927849 -0.12455356  0.00439245
  0.00366297  2.30861568 -0.14140588  0.0130396   0.00454341  2.30847836
 -0.14033221  0.00495631  0.00319923]","[ 3.3008945e-01  8.5224032e-02 -7.9955339e-01  9.9844718e-01
  2.2388220e-02 -5.1011026e-02 -2.2581577e-02  9.9973989e-01
 -3.2159090e-03  5.0925732e-02  4.3628216e-03  9.9869299e-01
  6.2204719e-02 -6.3442528e-02 -5.2986145e-03 -2.3580158e-01
 -2.0758927e-02  7.3218346e-04  9.1576576e-04 -2.3602355e-01
 -2.3567677e-02  2.1733046e-03  1.1358261e-03 -2.3606950e-01
 -2.3388684e-02  8.2612038e-04  7.9977512e-04]"
83.742,[1.65601349 0.42100903 0.50038344],"[[ 0.99844785  0.02249366 -0.0509502 ]
 [-0.02260818  0.999743   -0.00167227]
 [ 0.05089949  0.00282157  0.99869979]]",[ 0.61342546 -0.63141801 -0.05112236],[ 2.3113148  -0.13510239  0.01278058  0.0047484 ],[-1.15563593  0.4392464   0.2912793 ],"[ 1.65601349e+00  4.21009034e-01  5.00383437e-01  9.98447851e-01
  2.24936632e-02 -5.09502032e-02 -2.26081761e-02  9.99743004e-01
 -1.67226982e-03  5.08994938e-02  2.82156538e-03  9.98699795e-01
  6.13425465e-01 -6.31418013e-01 -5.11223640e-02  2.30861568e+00
 -1.41405880e-01  1.30395964e-02  4.54340875e-03  2.30847836e+00
 -1.40332207e-01  4.95631248e-03  3.19923460e-03  2.31039929e+00
 -1.38018832e-01  8.80662352e-03  4.23817337e-03]","[ 3.3120275e-01  8.4201813e-02 -7.9984665e-01  9.9844790e-01
  2.2493720e-02 -5.0950229e-02 -2.2608161e-02  9.9974298e-01
 -1.6722679e-03  5.0899506e-02  2.8215647e-03  9.9869978e-01
  6.1342597e-02 -6.3141823e-02 -5.1122308e-03 -2.3602355e-01
 -2.3567677e-02  2.1733046e-03  1.1358261e-03 -2.3606950e-01
 -2.3388684e-02  8.2612038e-04  7.9977512e-04 -2.3542631e-01
 -2.3003101e-02  1.4678240e-03  1.0595322e-03]"
83.754,[1.66690767 0.41085339 0.49900773],"[[ 9.98449511e-01  2.25095795e-02 -5.09106343e-02]
 [-2.25688745e-02  9.99745116e-01 -5.90043683e-04]
 [ 5.08843764e-02  1.73812454e-03  9.98703039e-01]]",[ 0.59622572 -0.62515615 -0.04639805],[ 2.3085346  -0.1435707   0.02159942  0.00540163],[-1.14939524  0.45871383  0.2981103 ],"[ 1.66690767e+00  4.10853386e-01  4.99007732e-01  9.98449511e-01
  2.25095795e-02 -5.09106343e-02 -2.25688745e-02  9.99745116e-01
 -5.90043683e-04  5.08843764e-02  1.73812454e-03  9.98703039e-01
  5.96225718e-01 -6.25156147e-01 -4.63980519e-02  2.30847836e+00
 -1.40332207e-01  4.95631248e-03  3.19923460e-03  2.31039929e+00
 -1.38018832e-01  8.80662352e-03  4.23817337e-03  2.31131482e+00
 -1.35102391e-01  1.27805844e-02  4.74840403e-03]","[ 3.3338153e-01  8.2170725e-02 -8.0039692e-01  9.9844956e-01
  2.2509575e-02 -5.0910652e-02 -2.2568882e-02  9.9974513e-01
 -5.9002638e-04  5.0884366e-02  1.7380714e-03  9.9870300e-01
  5.9622645e-02 -6.2515616e-02 -4.6398044e-03 -2.3606950e-01
 -2.3388684e-02  8.2612038e-04  7.9977512e-04 -2.3542631e-01
 -2.3003101e-02  1.4678240e-03  1.0595322e-03 -2.3511976e-01
 -2.2517025e-02  2.1301508e-03  1.1870861e-03]"
83.766,[1.67748511 0.40079302 0.49774686],"[[ 9.98459342e-01  2.23361300e-02 -5.07940826e-02]
 [-2.22646732e-02  9.99750166e-01  1.97225286e-03]
 [ 5.08254450e-02 -8.38300648e-04  9.98707200e-01]]",[ 0.57920861 -0.61838859 -0.04111818],[ 2.3078384  -0.13696104  0.0214564   0.00468032],[-1.13910139  0.47429022  0.29730972],"[ 1.67748511e+00  4.00793016e-01  4.97746855e-01  9.98459342e-01
  2.23361300e-02 -5.07940826e-02 -2.22646732e-02  9.99750166e-01
  1.97225286e-03  5.08254450e-02 -8.38300648e-04  9.98707200e-01
  5.79208613e-01 -6.18388593e-01 -4.11181826e-02  2.31039929e+00
 -1.38018832e-01  8.80662352e-03  4.23817337e-03  2.31131482e+00
 -1.35102391e-01  1.27805844e-02  4.74840403e-03  2.30853462e+00
 -1.43570706e-01  2.15994194e-02  5.40162623e-03]","[ 3.3549702e-01  8.0158591e-02 -8.0090123e-01  9.9845934e-01
  2.2336125e-02 -5.0794065e-02 -2.2264659e-02  9.9975014e-01
  1.9721985e-03  5.0825477e-02 -8.3827972e-04  9.9870718e-01
  5.7920814e-02 -6.1838806e-02 -4.1118264e-03 -2.3542631e-01
 -2.3003101e-02  1.4678240e-03  1.0595322e-03 -2.3511976e-01
 -2.2517025e-02  2.1301508e-03  1.1870861e-03 -2.3605067e-01
 -2.3928463e-02  3.5998821e-03  1.3504028e-03]"
