t,x,y,z,vx,vy,vz,ax,ay,az,yaw,yaw_rate,qw,qx,qy,qz,thrust_N,roll,pitch
0.0,1.5,0.0,1.0,-0.0,1.5,0.0,-1.5,-0.0,0.0,0.0,0.0,0.9971236308716509,0.0,-0.07579224734321895,0.0,2.322219819827572,0.0,-0.15172999976434953
0.02,1.4997000099998665,0.02999800003999962,1.0,-0.02999800003999962,1.4997000099998665,0.0,-1.4997000099998665,-0.02999800003999962,0.0,0.0,0.0,0.9971236241406543,0.001524548654073335,-0.0757769127685804,-0.00011585884395300988,2.322219819827572,0.0030934160948836798,-0.1516987050774259
0.04,1.4988001599914669,0.05998400127995124,1.0,-0.05998400127995124,1.4988001599914669,0.0,-1.4988001599914669,-0.05998400127995124,0.0,0.0,0.0,0.9971236039914717,0.0030484660800205042,-0.07573091582632975,-0.0002315290974772961,2.322219819827572,0.006185448997918878,-0.15160483706437589
0.06,1.4973008099028062,0.08994600971916689,1.0,-0.08994600971916689,1.4973008099028062,0.0,-1.4973008099028062,-0.08994600971916689,0.0,0.0,0.0,0.9971235705552359,0.0045711213818188795,-0.07565427685629118,-0.00034682249299479456,2.322219819827572,0.009274716630930959,-0.15144844384807477
0.08,1.495202559453929,0.11987204095375904,1.0,-0.11987204095375904,1.495202559453929,0.0,-1.495202559453929,-0.11987204095375904,0.0,0.0,0.0,0.9971235240495343,0.006091884327207812,-0.07554702974094746,-0.0004615514079709121,2.322219819827572,0.012359839140255815,-0.15122960556576737
0.1,1.4925062479170388,0.14975012497024223,1.0,-0.14975012497024223,1.4925062479170388,0.0,-1.4925062479170388,-0.14975012497024223,0.0,0.0,0.0,0.9971234647769656,0.007610125678458462,-0.07540922187964642,-0.0005755291857936888,2.322219819827572,0.015439440001916176,-0.1509484342679921
0.12,1.4892129537807994,0.17956831093337905,1.0,-0.17956831093337905,1.4892129537807994,0.0,-1.4892129537807994,-0.17956831093337905,0.0,0.0,0.0,0.9971233931231346,0.009125217521814655,-0.07524091415257557,-0.0006885704546875955,2.322219819827572,0.018512147118341996,-0.1506050737775635
0.14,1.4853239943189558,0.20931467196635473,1.0,-0.20931467196635473,1.4853239943189558,0.0,-1.4853239943189558,-0.20931467196635473,0.0,0.0,0.0,0.9971233095540953,0.010636533595169025,-0.07504218087458892,-0.0008004914440163457,2.322219819827572,0.021576593903880704,-0.15019969950910594
0.16,1.4808409250634404,0.23897730992136895,1.0,-0.23897730992136895,1.4808409250634404,0.0,-1.4808409250634404,-0.23897730992136895,0.0,0.0,0.0,0.9971232146132646,0.012143449613545021,-0.07481310973899542,-0.000911110297337189,2.322219819827572,0.02463142035639789,-0.14973251824975442
0.18,1.4757655391821822,0.2685443601387363,1.0,-0.2685443601387363,1.4757655391821822,0.0,-1.4757655391821822,-0.2685443601387363,0.0,0.0,0.0,0.997123108917823,0.013645343591962907,-0.0745538017514396,-0.0010202473815791586,2.322219819827572,0.027675274112336144,-0.14920376790177836
0.2,1.4700998667618626,0.2980039961925918,1.0,-0.2980039961925918,1.4700998667618626,0.0,-1.4700998667618626,-0.2980039961925918,0.0,0.0,0.0,0.9971229931546329,0.015141596165277193,-0.07426437115402877,-0.0011277255917296661,2.322219819827572,0.030706811482680278,-0.14861371718801042
0.22,1.4638461739959083,0.32734443462130397,1.0,-0.32734443462130397,1.4638461739959083,0.0,-1.4638461739959083,-0.32734443462130397,0.0,0.0,0.0,0.9971228680756965,0.016631590904583295,-0.07394494533988283,-0.001233370650427548,2.322219819827572,0.03372469846736843,-0.14796266532107638
0.24,1.4570069622780446,0.35655393964070187,1.0,-0.35655393964070187,1.4570069622780446,0.0,-1.4570069622780446,-0.35655393964070187,0.0,0.0,0.0,0.9971227344931894,0.01811471462980326,-0.07359566475830266,-0.001337011401876152,2.322219819827572,0.0367276117457918,-0.14725094163755603
0.26,1.4495849672017698,0.3856208278382327,1.0,-0.3856208278382327,1.4495849672017698,0.0,-1.4495849672017698,-0.3856208278382327,0.0,0.0,0.0,0.9971225932741007,0.0195903577180734,-0.07321668281077477,-0.0014384800995071874,2.322219819827572,0.0397142396411392,-0.14647890519829287
0.28,1.4415831574661564,0.41453347284617065,1.0,-0.41453347284617065,1.4415831574661564,0.0,-1.4415831574661564,-0.41453347284617065,0.0,0.0,0.0,0.9971224453345183,0.021057914407571165,-0.07280816573804813,-0.0015376126868448072,2.322219819827572,0.04268328305646559,-0.14564694435619407
0.3,1.433004733688409,0.4432803099920093,1.0,-0.4432803099920093,1.433004733688409,0.0,-1.433004733688409,-0.4432803099920093,0.0,0.0,0.0,0.9971222916335981,0.02251678309643401,-0.07237029249853716,-0.0016342490710395615,2.322219819827572,0.04563345638049565,-0.14475547629295238
0.32,1.4238531271236612,0.47184984092417664,1.0,-0.47184984092417664,1.4238531271236612,0.0,-1.4238531271236612,-0.47184984092417664,0.0,0.0,0.0,0.997122133167256,0.02396636663643949,-0.07190325463832245,-0.0017282333885634917,2.322219819827572,0.04856348836131346,-0.14380494652620368
0.34,1.4141319982925193,0.5002306382112216,1.0,-0.5002306382112216,1.4141319982925193,0.0,-1.4141319982925193,-0.5002306382112216,0.0,0.0,0.0,0.9971219709616298,0.025406072621133383,-0.07140725615303653,-0.0018194142625804516,2.322219819827572,0.05147212294623553,-0.14279582838873073
0.36,1.4038452355169022,0.5284113499126349,1.0,-0.5284113499126349,1.4038452355169022,0.0,-1.4038452355169022,-0.5284113499126349,0.0,0.0,0.0,0.997121806066351,0.02683531366811114,-0.07088251334193622,-0.0019076450515297999,2.322219819827572,0.05435812008631827,-0.1417286224813834
0.38,1.3929969533647655,0.556380704119474,1.0,-0.556380704119474,1.3929969533647655,0.0,-1.3929969533647655,-0.556380704119474,0.0,0.0,0.0,0.9971216395476737,0.028253507695176747,-0.07032925465447695,-0.0019927840884866347,2.322219819827572,0.05722025650410725,-0.14060385610145754
0.4,1.3815914910043277,0.5841275134629758,1.0,-0.5841275134629758,1.3815914910043277,0.0,-1.3815914910043277,-0.5841275134629758,0.0,0.0,0.0,0.9971214724815082,0.029660078190123323,-0.0697477205297166,-0.0020746949108877296,2.322219819827572,0.060057326423398505,-0.13942208264833011
0.42,1.3696334104684624,0.6116406795893552,1.0,-0.6116406795893552,1.3696334104684624,0.0,-1.3696334104684624,-0.6116406795893552,0.0,0.0,0.0,0.9971213059464028,0.031054454473899956,-0.06913816322888651,-0.002153246480239114,2.322219819827572,0.06286814225994622,-0.138183881008193
0.44,1.357127494829945,0.6389091975989994,1.0,-0.6389091975989994,1.357127494829945,0.0,-1.357127494829945,-0.6389091975989994,0.0,0.0,0.0,0.9971211410165236,0.03243607195695023,-0.0685008466614773,-0.0022283133914486647,2.322219819827572,0.06565153527221798,-0.13688985491976968
0.46,1.3440787462882877,0.6659221604482797,1.0,-0.6659221604482797,1.3440787462882877,0.0,-1.3440787462882877,-0.6659221604482797,0.0,0.0,0.0,0.9971209787546772,0.03380437238852926,-0.06783604620519475,-0.002299776071455085,2.322219819827572,0.06840635617146597,-0.135540632322928
0.48,1.3304923841689262,0.6926687633122244,1.0,-0.6926687633122244,1.3304923841689262,0.0,-1.3304923841689262,-0.6926687633122244,0.0,0.0,0.0,0.9971208202054231,0.035158804098827545,-0.06714404852014769,-0.0023675209668530435,2.322219819827572,0.07113147569055071,-0.13413686469211972
0.5,1.3163738428355591,0.7191383079063045,1.0,-0.7191383079063045,1.3163738428355591,0.0,-1.3163738428355591,-0.7191383079063045,0.0,0.0,0.0,0.9971206663883205,0.03649882223375177,-0.0664251513576346,-0.0024314407202429625,2.322219819827572,0.07382578511111981,-0.13267922635659102
0.52,1.3017287695164748,0.7453202067656051,1.0,-0.7453202067656051,1.3017287695164748,0.0,-1.3017287695164748,-0.7453202067656051,0.0,0.0,0.0,0.997120518291354,0.03782388898223459,-0.06567966336390034,-0.002491434335062813,2.322219819827572,0.07648819674890969,-0.13116841380931854
0.54,1.2865630220457362,0.7712039874796698,1.0,-0.7712039874796698,1.2865630220457362,0.0,-1.2865630220457362,-0.7712039874796698,0.0,0.0,0.0,0.9971203768645821,0.03913347379596705,-0.06490790387923523,-0.002547407328688224,2.322219819827572,0.07911764439709909,-0.1296051450066058
0.56,1.2708826665201243,0.7967792968813251,1.0,-0.7967792968813251,1.2708826665201243,0.0,-1.2708826665201243,-0.7967792968813251,0.0,0.0,0.0,0.9971202430140467,0.040427053601469434,-0.06411020273279126,-0.002599271873616063,2.322219819827572,0.08171308372780355,-0.1279901586602734
0.58,1.2546939748727803,0.8220359051878103,1.0,-0.8220359051878103,1.2546939748727803,0.0,-1.2546939748727803,-0.8220359051878103,0.0,0.0,0.0,0.9971201175959856,0.04170411300443757,-0.0632869000334886,-0.0026469469265753567,2.322219819827572,0.08427349265195191,-0.1263242135243503
0.6,1.2380034223645175,0.8469637100925531,1.0,-0.8469637100925531,1.2380034223645175,0.0,-1.2380034223645175,-0.8469637100925531,0.0,0.0,0.0,0.9971200014113835,0.042964144486322936,-0.062438345957384594,-0.002690358345437823,2.322219819827572,0.08679787163793684,-0.12460808767814724
0.62,1.2208176849938008,0.8715527408059576,1.0,-0.8715527408059576,1.2208176849938008,0.0,-1.2208176849938008,-0.8715527408059576,0.0,0.0,0.0,0.9971198952008947,0.044206648593126,-0.061564900531874085,-0.002729438993828303,2.322219819827572,0.08928524398957391,-0.12284257780755015
0.64,1.203143636826439,0.8957931620435882,1.0,-0.8957931620435882,1.203143636826439,0.0,-1.203143636826439,-0.8957931620435882,0.0,0.0,0.0,0.997119799640172,0.04543113411640255,-0.06066693341708582,-0.0027641288333629522,2.322219819827572,0.09173465608404145,-0.12102849848633879
0.66,1.1849883472460476,0.9196752779601507,1.0,-0.9196752779601507,1.1849883472460476,0.0,-1.1849883472460476,-0.9196752779601507,0.0,0.0,0.0,0.9971197153356282,0.046637118266502624,-0.05974482368483419,-0.0027943750034699582,2.322219819827572,0.09414517757060334,-0.11916668145927578
0.68,1.166359078126392,0.943189536027703,1.0,-0.943189536027703,1.166359078126392,0.0,-1.166359078126392,-0.943189536027703,0.0,0.0,0.0,0.9971196428206569,0.04782412683808138,-0.05879895959547911,-0.0028201318887739395,2.322219819827572,0.09651590153104125,-0.11725797492866485
0.7000000000000001,1.1472632809267327,0.9663265308565367,1.0,-0.9663265308565367,1.1472632809267327,0.0,-1.1472632809267327,-0.9663265308565367,0.0,0.0,0.0,0.997119582552335,0.04899169436793927,-0.057829738373038723,-0.0028413611740506555,2.322219819827572,0.09884594460283694,-0.11530324284600613
0.72,1.1277085937113425,0.9890770079572097,1.0,-0.9890770079572097,1.1277085937113425,0.0,-1.1277085937113425,-0.9890770079572097,0.0,0.0,0.0,0.9971195349086279,0.0501393642852678,-0.05683756597889189,-0.0028580318867835125,2.322219819827572,0.10113444706625463,-0.11330336421032161
0.74,1.1077028380943819,1.0114318674422176,1.0,-1.0114318674422176,1.1077028380943819,0.0,-1.1077028380943819,-1.0114318674422176,0.0,0.0,0.0,0.9971195001861094,0.05126668905439334,-0.055822856884396595,-0.0028701204273771644,2.322219819827572,0.10338057289657243,-0.11125923237464308
0.76,1.0872540161113577,1.033382167665827,1.0,-1.033382167665827,1.0872540161113577,0.0,-1.0872540161113577,-1.033382167665827,0.0,0.0,0.0,0.9971194785982136,0.05237323031012849,-0.054786033842740584,-0.002877610587106514,2.322219819827572,0.1055835097828024,-0.10917175436208382
0.78,1.066370307018416,1.0549191288006152,1.0,-1.0549191288006152,1.066370307018416,0.0,-1.066370307018416,-1.0549191288006152,0.0,0.0,0.0,0.997119470274024,0.053458558985856,-0.05372752766032914,-0.0028804935539014104,2.322219819827572,0.10774246911432328,-0.10704185019284007
0.8,1.0450600640207481,1.0760341363492842,1.0,-1.0760341363492842,1.0450600640207481,0.0,-1.0450600640207481,-1.0760341363492842,0.0,0.0,0.0,0.9971194752576079,0.054522255434484405,-0.05264777696800233,-0.0028787679060882795,2.322219819827572,0.10985668593692305,-0.10487045222337965
0.8200000000000001,1.0233318109314202,1.096718744590344,1.0,-1.096718744590344,1.0233318109314202,0.0,-1.0233318109314202,-1.096718744590344,0.0,0.0,0.0,0.9971194935078954,0.05556390954242859,-0.05154722799236145,-0.002872439594229872,2.322219819827572,0.11192541887981436,-0.10265850449899605
0.84,1.0011942387619621,1.116964679956289,1.0,-1.116964679956289,1.0011942387619621,0.0,-1.0011942387619621,-1.116964679956289,0.0,0.0,0.0,0.9971195248991046,0.0565831208367812,-0.05042633432747115,-0.0028615219112231726,2.322219819827572,0.11394795005524447,-0.10040696212081968
0.86,0.9786562022460779,1.1367638443429153,1.0,-1.1367638443429153,0.9786562022460779,0.0,-0.9786562022460779,-1.1367638443429153,0.0,0.0,0.0,0.9971195692217042,0.05757949858585202,-0.049285556707189,-0.00284603545083322,2.322219819827572,0.1159235849323681,-0.09811679062828627
0.88,0.9557267162978703,1.156108318348454,1.0,-1.156108318348454,0.9557267162978703,0.0,-0.9557267162978703,-1.156108318348454,0.0,0.0,0.0,0.9971196261839088,0.05855266189326389,-0.04812536277836044,-0.0028260080548572794,2.322219819827572,0.11785165218709479,-0.09578896539797488
0.9,0.9324149524059966,1.1749903644412252,1.0,-1.1749903644412252,0.9324149524059966,0.0,-0.9324149524059966,-1.1749903644412252,0.0,0.0,0.0,0.9971196954136922,0.059502239785802616,-0.04694622687510176,-0.002801474749129339,2.322219819827572,0.11973150352965314,-0.0934244710596408
0.92,0.9087302349651942,1.1934024300545492,1.0,-1.1934024300545492,0.9087302349651942,0.0,-0.9087302349651942,-1.1934024300545492,0.0,0.0,0.0,0.9971197764613043,0.06042787129522768,-0.045748629794378305,-0.0027724776685892883,2.322219819827572,0.12156251351164042,-0.09102430093017033
0.9400000000000001,0.8846820375466473,1.2113371506076716,1.0,-1.2113371506076716,0.8846820375466473,0.0,-0.8846820375466473,-1.2113371506076716,0.0,0.0,0.0,0.9971198688022755,0.061329205534257504,-0.04453305857306993,-0.0027390659716545218,2.322219819827572,0.1233440793143421,-0.08858945646610183
0.96,0.860279979108685,1.2287873524514974,1.0,-1.2287873524514974,0.860279979108685,0.0,-0.860279979108685,-1.2287873524514974,0.0,0.0,0.0,0.9971199718408849,0.06220590176695015,-0.04330000626669962,-0.002701295744143875,2.322219819827572,0.12507562052011717,-0.08612094673526105
0.98,0.835533820149326,1.2457460557379556,1.0,-1.2457460557379556,0.835533820149326,0.0,-0.835533820149326,-1.2457460557379556,0.0,0.0,0.0,0.9971200849140691,0.06305762947370533,-0.04204997172998534,-0.0026592298930150525,2.322219819827572,0.1267565788686469,-0.0836197879079712
1.0,0.8104534588022096,1.2622064772118446,1.0,-1.2622064772118446,0.8104534588022096,0.0,-0.8104534588022096,-1.2622064772118446,0.0,0.0,0.0,0.9971202072957476,0.06388406841111882,-0.04078345939935908,-0.002612938030186737,2.322219819827572,0.12838641799984202,-0.08108700276821046
1.02,0.7850489268774743,1.2781620329240444,1.0,-1.2781620329240444,0.7850489268774743,0.0,-0.7850489268774743,-1.2781620329240444,0.0,0.0,0.0,0.9971203382015319,0.06468490866692295,-0.03950097907758131,-0.0025624963467257614,2.322219819827572,0.12996462318519136,-0.07852362024499926
1.04,0.7593303858491676,1.2936063408650076,1.0,-1.2936063408650076,0.7593303858491676,0.0,-0.7593303858491676,-1.2936063408650076,0.0,0.0,0.0,0.9971204767937905,0.06545985071025057,-0.0382030457205625,-0.0025079874776877827,2.322219819827572,0.1314907010493228,-0.0759306749642148
1.06,0.7333081227907913,1.3085332235174794,1.0,-1.3085332235174794,0.7333081227907913,0.0,-0.7333081227907913,-1.3085332235174794,0.0,0.0,0.0,0.9971206221870356,0.06620860543746017,-0.03689017922648786,-0.002449500357907131,2.322219819827572,0.13296417928352042,-0.07330920682095021
1.08,0.7069925462606099,1.3229367103274212,1.0,-1.3229367103274212,0.7069925462606099,0.0,-0.7069925462606099,-1.3229367103274212,0.0,0.0,0.0,0.9971207734535962,0.06693089421376161,-0.035562904227325574,-0.002387130069037756,2.322219819827572,0.13438460635292016,-0.07066026057244335
1.1,0.680394182138366,1.3368110400921531,1.0,-1.3368110400921531,0.680394182138366,0.0,-0.680394182138366,-1.3368110400921531,0.0,0.0,0.0,0.9971209296295418,0.06762644891088042,-0.034221749882783016,-0.002320977678152617,2.322219819827572,0.13575155119906973,-0.06798488545153303
1.12,0.6535236694150681,1.3501506632647575,1.0,-1.3501506632647575,0.6535236694150681,0.0,-0.6535236694150681,-1.3501506632647575,0.0,0.0,0.0,0.9971210897208196,0.06829501194099893,-0.03286724967676017,-0.002251150068213487,2.322219819827572,0.13706460293950692,-0.06528413480051287
1.1400000000000001,0.6263917559375369,1.3629502441738248,1.0,-1.3629502441738248,0.6263917559375369,0.0,-0.6263917559375369,-1.3629502441738248,0.0,0.0,0.0,0.9971212527095633,0.06893633628720881,-0.0314999412163346,-0.0021777597607269663,2.322219819827572,0.1383233705659658,-0.06255906572518533
1.16,0.5990092941094098,1.3752046631576502,1.0,-1.3752046631576502,0.5990092941094098,0.0,-0.5990092941094098,-1.3752046631576502,0.0,0.0,0.0,0.9971214175605393,0.06955018553070785,-0.030120366033297024,-0.0021009247309056525,2.322219819827572,0.13952748264277834,-0.0598107387688358
1.18,0.5713872365503228,1.3869090186120305,1.0,-1.3869090186120305,0.5713872365503228,0.0,-0.5713872365503228,-1.3869090186120305,0.0,0.0,0.0,0.997121583227684,0.07013633387496965,-0.028729069388242722,-0.0020207682156558686,2.322219819827572,0.14067658700699087,-0.05704021760579514
1.2,0.5435366317150104,1.3980586289508394,1.0,-1.3980586289508394,0.5435366317150104,0.0,-0.5435366317150104,-1.3980586289508394,0.0,0.0,0.0,0.9971217486606955,0.07069456616711015,-0.02732660007720978,-0.0019374185147152364,2.322219819827572,0.14177035047166314,-0.054248568754168947
1.22,0.5154686194740705,1.4086490344786013,1.0,-1.4086490344786013,0.5154686194740705,0.0,-0.5154686194740705,-1.4086490344786013,0.0,0.0,0.0,0.9971219128116388,0.0712246779166708,-0.02591351024084133,-0.001851008785264688,2.322219819827572,0.14280845853376523,-0.051436861307271986
1.24,0.48719442665816437,1.4186759991743085,1.0,-1.4186759991743085,0.48719442665816437,0.0,-0.48719442665816437,-1.4186759991743085,0.0,0.0,0.0,0.9971220746415204,0.07172647531203014,-0.02449035517603632,-0.0017616768303403009,2.322219819827572,0.143790615088029,-0.04860616668322626
1.26,0.458725362567434,1.4281355123857735,1.0,-1.4281355123857735,0.458725362567434,0.0,-0.458725362567434,-1.4281355123857735,0.0,0.0,0.0,0.9971222331267974,0.07219977523465192,-0.02305769315004047,-0.0016695648813707662,2.322219819827572,0.14471654214805593,-0.045757558392136355
1.28,0.43007281444793327,1.4370237904338374,1.0,-1.4370237904338374,0.43007281444793327,0.0,-0.43007281444793327,-1.4370237904338374,0.0,0.0,0.0,0.9971223872657758,0.07264440527136733,-0.02161608521691701,-0.0015748193751662124,2.322219819827572,0.14558597957591757,-0.04289211182019437
1.3,0.401248242936881,1.4453372781257894,1.0,-1.4453372781257894,0.401248242936881,0.0,-0.401248242936881,-1.4453372781257894,0.0,0.0,0.0,0.9971225360848645,0.07306020372488414,-0.02016609503632524,-0.001477590725683791,2.322219819827572,0.14639868482142776,-0.04001090403002139
1.32,0.37226317747855936,1.4530726501773978,1.0,-1.4530726501773978,0.37226317747855936,0.0,-0.37226317747855936,-1.4530726501773978,0.0,0.0,0.0,0.9971226786446413,0.07344701962270504,-0.01870828869452408,-0.0013780330908947634,2.322219819827572,0.14715443267219816,-0.03711501357649594
1.34,0.34312921171268906,1.4602268125429791,1.0,-1.4602268125429791,0.34312921171268906,0.0,-0.34312921171268906,-1.4602268125429791,0.0,0.0,0.0,0.9971228140457018,0.07380471272462932,-0.017243234527507242,-0.0012763041350769377,2.322219819827572,0.14785301501552445,-0.03420552033728308
1.36,0.3138579988371289,1.4667969036529744,1.0,-1.4667969036529744,0.3138579988371289,0.0,-0.3138579988371289,-1.4667969036529744,0.0,0.0,0.0,0.9971229414342471,0.07413315352900296,-0.015771502946166954,-0.0011725647868552397,2.322219819827572,0.14849424061308603,-0.03128350535723268
1.3800000000000001,0.28446124694675134,1.4727802955585396,1.0,-1.4727802955585396,0.28446124694675134,0.0,-0.28446124694675134,-1.4727802955585396,0.0,0.0,0.0,0.9971230600073856,0.07443222327787183,-0.014293666263373951,-0.0010669789933119725,2.322219819827572,0.14907793488937227,-0.0283500507057739
1.4000000000000001,0.2549507143503612,1.4781745949826903,1.0,-1.4781745949826903,0.2549507143503612,0.0,-0.2549507143503612,-1.4781745949826903,0.0,0.0,0.0,0.9971231690181103,0.07470181396118215,-0.012810298522852946,-0.0009597134704870012,2.322219819827572,0.1496039397346813,-0.025406239346400294
1.42,0.22533820486752876,1.4829776442775797,1.0,-1.4829776442775797,0.22533820486752876,0.0,-0.22533820486752876,-1.4829776442775797,0.0,0.0,0.0,0.9971232677799268,0.07494182832016298,-0.011321975329724789,-0.0008509374505867257,2.322219819827572,0.1500721133234702,-0.022453155017310378
1.44,0.1956355631072183,1.4871875222875297,1.0,-1.4871875222875297,0.1956355631072183,0.0,-0.1956355631072183,-1.4871875222875297,0.0,0.0,0.0,0.9971233556711011,0.07515217985001253,-0.009829273682579364,-0.0007408224262193043,2.322219819827572,0.150482329948763,-0.01949188212222608
1.46,0.16585466973010438,1.4908025451174673,1.0,-1.4908025451174673,0.16585466973010438,0.0,-0.16585466973010438,-1.4908025451174673,0.0,0.0,0.0,0.9971234321385043,0.0753327928020009,-0.008332771806936782,-0.0006295418919722357,2.322219819827572,0.1508344798732574,-0.016523505630403612
1.48,0.13600743669646453,1.49382126680646,1.0,-1.49382126680646,0.13600743669646453,0.0,-0.13600743669646453,-1.49382126680646,0.0,0.0,0.0,0.9971234967010307,0.07548360218508816,-0.006833048989948171,-0.0005172710836470384,2.322219819827572,0.15112846919769574,-0.013549110984806711
1.5,0.10610580250155435,1.4962424799060816,1.0,-1.4962424799060816,0.10610580250155435,0.0,-0.10610580250155435,-1.4962424799060816,0.0,0.0,0.0,0.9971235489525675,0.07560455376714671,-0.005330685416182525,-0.00040418671546457285,2.322219819827572,0.15136421974700243,-0.010569784017412154
1.52,0.07616172740036878,1.4980652159633745,1.0,-1.4980652159633745,0.07616172740036878,0.0,-0.07616172740036878,-1.4980652159633745,0.0,0.0,0.0,0.9971235885645027,0.07569560407586304,-0.0038262620043413038,-0.0002904667155533866,2.322219819827572,0.1515416689746119,-0.007586610870577992
1.54,0.04618718862369918,1.4992887459082187,1.0,-1.4992887459082187,0.04618718862369918,0.0,-0.04618718862369918,-1.4992887459082187,0.0,0.0,0.0,0.9971236152877506,0.07575672039938315,-0.0023203602447385997,-0.0001762899600324668,2.322219819827572,0.1516607698853475,-0.004600677923407348
1.56,0.016194175587401088,1.4999125803449496,1.0,-1.4999125803449496,0.016194175587401088,0.0,-0.016194175587401088,-1.4999125803449496,0.0,0.0,0.0,0.9971236289542901,0.07578788078675251,-0.0008135620373816413,-6.183600599894504e-05,2.322219819827572,0.15172149097713483,-0.0016130717220201873
1.58,-0.013805314903212504,1.4999364697481101,1.0,-1.4999364697481101,-0.013805314903212504,0.0,0.013805314903212504,-1.4999364697481101,0.0,0.0,0.0,0.997123629478198,0.07578907404818926,0.0006935504695162098,5.271517626939332e-05,2.322219819827572,0.1517238162017685,0.0013751210873678144
1.6,-0.04379928345193322,1.4993604045622577,1.0,-1.4993604045622577,-0.04379928345193322,0.0,0.04379928345193322,-1.4993604045622577,0.0,0.0,0.0,0.9971236168561806,0.07576029975521664,0.0022003950407594912,0.00016718347158743054,2.322219819827572,0.15166774494487334,0.004362813823657552
1.62,-0.07377573287125583,1.498184615205786,1.0,-1.498184615205786,-0.07377573287125583,0.0,0.07377573287125583,-1.498184615205786,0.0,0.0,0.0,0.9971235911675934,0.07570156824066816,0.003706389515302362,0.000281388888302814,2.322219819827572,0.15155329202513745,0.007348919835479695
1.6400000000000001,-0.10372267298109325,1.4964095719787605,1.0,-1.4964095719787605,-0.10372267298109325,0.0,0.10372267298109325,-1.4964095719787605,0.0,0.0,0.0,0.9971235525739517,0.07561290059856528,0.005210951967459023,0.0003951518265938815,2.322219819827572,0.15138048771281648,0.010332352566322145
1.6600000000000001,-0.13362812540468877,1.494035984874805,1.0,-1.494035984874805,-0.13362812540468877,0.0,0.13362812540468877,-1.494035984874805,0.0,0.0,0.0,0.9971235013179354,0.07549432868385653,0.006713500868363542,0.0005082933463163747,2.322219819827572,0.15114937776744425,0.013312025621269319
1.68,-0.1634801283598067,1.4910648032971139,1.0,-1.4910648032971139,-0.1634801283598067,0.0,0.1634801283598067,-1.4910648032971139,0.0,0.0,0.0,0.9971234377218912,0.07534589511199176,0.008213455247848729,0.0006206354340896085,2.322219819827572,0.15086002349460803,0.016286852836470356
1.7,-0.19326674144328695,1.4874972156787027,1.0,-1.4874972156787027,-0.19326674144328695,0.0,0.19326674144328695,-1.4874972156787027,0.0,0.0,0.0,0.9971233621858462,0.07516765325829514,0.00971023485691211,0.0007320012693122929,2.322219819827572,0.15051250182158007,0.019255748352424495
1.72,-0.2229760504070455,1.4833346490070523,1.0,-1.4833346490070523,-0.2229760504070455,0.0,0.2229760504070455,-1.4833346490070523,0.0,0.0,0.0,0.9971232751850367,0.07495966725708561,0.011203260330934307,0.0008422154887975128,2.322219819827572,0.15010690539152385,0.022217626692171644
1.74,-0.2525961719236155,1.4785787682533302,1.0,-1.4785787682533302,-0.2525961719236155,0.0,0.2525961719236155,-1.4785787682533302,0.0,0.0,0.0,0.9971231772669764,0.07472201200048299,0.012691953353812504,0.0009511044497155702,2.322219819827572,0.14964334267592355,0.02517140284546948
1.76,-0.28211525833932016,1.4732314757064278,1.0,-1.4732314757064278,-0.28211525833932016,0.0,0.28211525833932016,-1.4732314757064278,0.0,0.0,0.0,0.9971230690480709,0.0744547731368243,0.01417573682316744,0.0010584964905323792,2.322219819827572,0.14912193810481525,0.028115992360010278
1.78,-0.3115215024131757,1.467294910212067,1.0,-1.467294910212067,-0.3115215024131757,0.0,0.3115215024131757,-1.467294910212067,0.0,0.0,0.0,0.9971229512098081,0.07415804706860318,0.015654035016778017,0.0011642221896299761,2.322219819827572,0.1485428322143253,0.031050311440725453
1.8,-0.3408031420396307,1.4607714463172927,1.0,-1.4607714463172927,-0.3408031420396307,0.0,0.3408031420396307,-1.4607714463172927,0.0,0.0,0.0,0.9971228244945411,0.07383194094983396,0.017126273760392552,0.0012681146212944962,2.322219819827572,0.14790618181095508,0.033973277058195306
1.82,-0.36994846495325107,1.4536636933206846,1.0,-1.4536636933206846,-0.36994846495325107,0.0,0.36994846495325107,-1.4536636933206846,0.0,0.0,0.0,0.9971226897008895,0.073476572682729,0.0185918805970596,0.0013700096087556214,2.322219819827572,0.1472121601519773,0.03688380706716443
1.84,-0.3989458134134706,1.445974494228672,1.0,-1.445974494228672,-0.3989458134134706,0.0,0.3989458134134706,-1.445974494228672,0.0,0.0,0.0,0.9971225476787877,0.07309207091356808,0.02005028495811499,0.0014697459739601518,2.322219819827572,0.14646095714124208,0.03978082033613295
1.86,-0.4277835888675313,1.4377069246183711,1.0,-1.4377069246183711,-0.4277835888675313,0.0,0.4277835888675313,-1.4377069246183711,0.0,0.0,0.0,0.9971223993242107,0.07267857502762627,0.021500918335954307,0.001567165783760945,2.322219819827572,0.14565277953962044,0.042663236888963896
1.8800000000000001,-0.45645025658975014,1.428864291407393,1.0,-1.428864291407393,-0.45645025658975014,0.0,0.45645025658975014,-1.428864291407393,0.0,0.0,0.0,0.997122245573604,0.07223623514301679,0.022943214458712308,0.0016621145922010889,2.322219819827572,0.1447878511892443,0.04552997805942005
1.9000000000000001,-0.48493435029525533,1.4194501315311217,1.0,-1.4194501315311217,-0.48493435029525533,0.0,0.48493435029525533,-1.4194501315311217,0.0,0.0,0.0,0.9971220873980582,0.07176521210329473,0.024376609466962358,0.0017544416785718697,2.322219819827572,0.1438664132506346,0.048379966659498175
1.92,-0.5132244767263473,1.4094682105279874,1.0,-1.4094682105279874,-0.5132244767263473,0.0,0.5132244767263473,-1.4094682105279874,0.0,0.0,0.0,0.9971219257972559,0.0712656774686579,0.025800542092539545,0.0018440002809218291,2.322219819827572,0.1428887244517415,0.05121212716239887
1.94,-0.5413093202096507,1.3989225210333007,1.0,-1.3989225210333007,-0.5413093202096507,0.0,0.5413093202096507,-1.3989225210333007,0.0,0.0,0.0,0.9971217617932333,0.07073781350557105,0.027214453839581782,0.0019306478246931512,2.322219819827572,0.14185506134785342,0.05402538590092765
1.96,-0.5691776471822317,1.3878172811822524,1.0,-1.3878172811822524,-0.5691776471822317,0.0,0.5691776471822317,-1.3878172811822524,0.0,0.0,0.0,0.9971215964239903,0.0701818131746315,0.028617789167872474,0.0020142461461606915,2.322219819827572,0.14076571859126846,0.056818671282067745
1.98,-0.596818310684874,1.3761569329227148,1.0,-1.3761569329227148,-0.596818310684874,0.0,0.596818310684874,-1.3761569329227148,0.0,0.0,0.0,0.9971214307369908,0.06959788011648504,0.030009995678557735,0.0020946617103483065,2.322219819827572,0.139621009209555,0.059590914018433194
2.0,-0.6242202548207136,1.3639461402385225,1.0,-1.3639461402385225,-0.6242202548207136,0.0,0.6242202548207136,-1.3639461402385225,0.0,0.0,0.0,0.9971212657825899,0.06898622863559388,0.031390524302299334,0.0021717658230967383,2.322219819827572,0.13842126489116913,0.06234104737724877
2.02,-0.6513725191774508,1.351189787283941,1.0,-1.351189787283941,-0.6513725191774508,0.0,0.6513725191774508,-1.351189787283941,0.0,0.0,0.0,0.9971211026074303,0.06834708368165025,0.03275882948991276,0.002245434836957281,2.322219819827572,0.13716683627713291,0.06506800744744923
2.04,-0.6782642432113679,1.3378929764300693,1.0,-1.3378929764300693,-0.6782642432113679,0.0,0.6782642432113679,-1.3378929764300693,0.0,0.0,0.0,0.9971209422478491,0.06768068082842338,0.03411436940552708,0.00231555035058576,2.322219819827572,0.13585809325741974,0.06777073342544093
2.06,-0.7048846705914034,1.3240610262239612,1.0,-1.3240610262239612,-0.7048846705914034,0.0,0.7048846705914034,-1.3240610262239612,0.0,0.0,0.0,0.9971207857233326,0.06698726624982135,0.035456606122290193,0.00238199940131217,2.322219819827572,0.13449542527063812,0.0704481679199993
2.08,-0.7312231535015391,1.3096994692612747,1.0,-1.3096994692612747,-0.7312231535015391,0.0,0.7312231535015391,-1.3096994692612747,0.0,0.0,0.0,0.9971206340300642,0.06626709669294348,0.036785005820629636,0.0024446746505625474,2.322219819827572,0.13307924160554796,0.07309925727671929
2.1,-0.7572691568997864,1.2948140499733105,1.0,-1.2948140499733105,-0.7572691568997864,0.0,0.7572691568997864,-1.2948140499733105,0.0,0.0,0.0,0.9971204881345999,0.06552043944789575,0.03809903898906511,0.0025034745618115234,2.322219819827572,0.13160997170289607,0.07572295192236544
2.12,-0.783012262732061,1.2794107223293143,1.0,-1.2794107223293143,-0.783012262732061,0.0,0.783012262732061,-1.2794107223293143,0.0,0.0,0.0,0.9971203489677182,0.06474757231413598,0.03939818062755449,0.0025583035707463656,2.322219819827572,0.13008806545600557,0.07831820672940015
2.14,-0.8084421740992673,1.2634956474549686,1.0,-1.2634956474549686,-0.8084421740992673,0.0,0.8084421740992673,-1.2634956474549686,0.0,0.0,0.0,0.9971202174184778,0.06394878356311462,0.040681910453340304,0.0026090722473264528,2.322219819827572,0.128513993508513,0.08088398140089992
2.16,-0.833548719375919,1.2470751911680247,1.0,-1.2470751911680247,-0.833548719375919,0.0,0.833548719375919,-1.2470751911680247,0.0,0.0,0.0,0.9971200943285224,0.0631243718969733,0.04194971310924885,0.002655697449425891,2.322219819827572,0.12688824754760378,0.08341924087598462
2.18,-0.8583218562786553,1.2301559214320612,1.0,-1.2301559214320612,-0.8583218562786553,0.0,0.8583218562786553,-1.2301559214320612,0.0,0.0,0.0,0.9971199804866704,0.06227464640306283,0.04320107837437827,0.0026981024677514985,2.322219819827572,0.12521134059106057,0.08592295575582476
2.2,-0.8827516758830187,1.2127446057293851,1.0,-1.2127446057293851,-0.8827516758830187,0.0,0.8827516758830187,-1.2127446057293851,0.0,0.0,0.0,0.9971198766238231,0.061399926504041503,0.04443550137709689,0.0027362171617337904,2.322219819827572,0.12348380726640709,0.0883941027501911
2.22,-0.9068284065868945,1.1948482083541299,1.0,-1.1948482083541299,-0.9068284065868945,0.0,0.9068284065868945,-1.1948482083541299,0.0,0.0,0.0,0.9971197834082257,0.060500541903315726,0.04565248281025707,0.0027699780860947804,2.322219819827572,0.12170620408040314,0.09083166514444985
2.24,-0.9305424180190197,1.1764738876266296,1.0,-1.1764738876266296,-0.9305424180190197,0.0,0.9305424180190197,-1.1764738876266296,0.0,0.0,0.0,0.9971197014411107,0.05957683252558543,0.046851529148513656,0.0027993286078034957,2.322219819827572,0.11987910967712301,0.09323463328679926
2.2600000000000002,-0.9538842248910041,1.1576289930301886,1.0,-1.1576289930301886,-0.9538842248910041,0.0,0.9538842248910041,-1.1576289930301886,0.0,0.0,0.0,0.9971196312527549,0.05862914845226061,0.04803215286762053,0.0028242190131382173,2.322219819827572,0.11800312508283498,0.09560200509548689
2.2800000000000002,-0.976844490791319,1.1383210622713826,1.0,-1.1383210622713826,-0.976844490791319,0.0,0.976844490791319,-1.1383210622713826,0.0,0.0,0.0,0.9971195732989747,0.05765784985151719,0.0491938726655625,0.0028446066045834132,2.322219819827572,0.11607887393588717,0.09793278658563098
2.3000000000000003,-0.9994140319197367,1.1185578182650802,1.0,-1.1185578182650802,-0.9994140319197367,0.0,0.9994140319197367,-1.1185578182650802,0.0,0.0,0.0,0.9971195279580845,0.056663306902766324,0.05033621368536368,0.00286045578729944,2.322219819827572,0.11410700269980253,0.10022599241519448
2.32,-1.0215838207607288,1.0983471660453772,1.0,-1.0983471660453772,-1.0215838207607288,0.0,1.0215838207607288,-1.0983471660453772,0.0,0.0,0.0,0.99711949552834,0.05564589971531545,0.051458707739397556,0.002871738144914105,2.322219819827572,0.11208818085778609,0.10248064644957466
2.34,-1.0433449896943532,1.0776971896036893,1.0,-1.0776971896036893,-1.0433449896943532,0.0,1.0433449896943532,-1.0776971896036893,0.0,0.0,0.0,0.9971194762258844,0.05460601824100702,0.052560893535008396,0.0028784325043974004,2.322219819827572,0.1100231010868596,0.10469578234417032
2.36,-1.0646888345431806,1.0566161486552643,1.0,-1.0566161486552643,-1.0646888345431806,0.0,1.0646888345431806,-1.0566161486552643,0.0,0.0,0.0,0.997119470183211,0.053544062180627315,0.05364231690123754,0.002880524989793885,2.322219819827572,0.10791247940985302,0.10687044414420122
2.38,-1.085606818053853,1.0351124753354046,1.0,-1.0351124753354046,-1.085606818053853,0.0,1.085606818053853,-1.0351124753354046,0.0,0.0,0.0,0.9971194774481583,0.05246044088388716,0.054702531016433416,0.0028780090646015983,2.322219819827572,0.1057570553235076,0.10900368690096851
2.4,-1.1060905733118682,1.0131947708267264,1.0,-1.0131947708267264,-1.1060905733118682,0.0,1.1060905733118682,-1.0131947708267264,0.0,0.0,0.0,0.9971194979834417,0.05135557324278542,0.05574109663650851,0.0028708855626017747,2.322219819827572,0.1035575919009778,0.11109457730365091
2.42,-1.1261319070882365,0.9908718019188011,1.0,-0.9908718019188011,-1.1261319070882365,0.0,1.1261319070882365,-0.9908718019188011,0.0,0.0,0.0,0.9971195316667302,0.05022988757817674,0.05675758232359273,0.002859162706960239,2.322219819827572,0.10131487586705785,0.11314219432563433
2.44,-1.145722803116661,0.9681524975015561,1.0,-0.9681524975015561,-1.145722803116661,0.0,1.145722803116661,-0.9681524975015561,0.0,0.0,0.0,0.99711957829127,0.04908382151937728,0.057751564674817214,0.002842856117438969,2.322219819827572,0.09902971764450905,0.11514562988430344
2.46,-1.1648554252999395,0.9450459449938383,1.0,-0.9450459449938383,-1.1648554252999395,0.0,1.1648554252999395,-0.9450459449938383,0.0,0.0,0.0,0.9971196375670502,0.04791782187665362,0.05872262855095108,0.0028219888055751514,2.322219819827572,0.09670295136991876,0.11710398951311429
2.48,-1.1835221208442968,0.9215613867085677,1.0,-0.9215613867085677,-1.1835221208442968,0.0,1.1835221208442968,-0.9215613867085677,0.0,0.0,0.0,0.997119709122511,0.04673234450645502,0.05967036730459838,0.0027965911577048047,2.322219819827572,0.0943354348775887,0.11901639304469991
2.5,-1.2017154233204006,0.8977082161559349,1.0,-0.8977082161559349,-1.2017154233204006,0.0,1.2017154233204006,-0.8977082161559349,0.0,0.0,0.0,0.9971197925067793,0.04552785416926233,0.0605943830076523,0.002766700905729002,2.322219819827572,0.09192804965002238,0.12088197530367051
2.52,-1.219428055649835,0.8734959742861228,1.0,-0.8734959742861228,-1.219428055649835,0.0,1.219428055649835,-0.8734959742861228,0.0,0.0,0.0,0.9971198871924243,0.04430482437994345,0.06149428667769101,0.002732363085542615,2.322219819827572,0.08948170073366514,0.1226998868076925
2.54,-1.2366529330158333,0.8489343456730543,1.0,-0.8489343456730543,-1.2366529330158333,0.0,1.2366529330158333,-0.8489343456730543,0.0,0.0,0.0,0.997119992578716,0.04306373725052079,0.06236969850298931,0.002693629983068362,2.322219819827572,0.08699731661863985,0.1244692944753576
2.56,-1.2533831656971115,0.8240331546406898,1.0,-0.8240331546406898,-1.2533831656971115,0.0,1.2533831656971115,-0.8240331546406898,0.0,0.0,0.0,0.9971201079953658,0.04180508332527366,0.0632202480658104,0.002650561067862808,2.322219819827572,0.08447584908132089,0.1261893823392779
2.58,-1.2696120618236635,0.7988023613334317,1.0,-0.7988023613334317,-1.2696120618236635,0.0,1.2696120618236635,-0.7988023613334317,0.0,0.0,0.0,0.9971202327067297,0.04052936140811643,0.06404557456363368,0.00260322291428563,2.322219819827572,0.08191827298869586,0.1278593522627829
2.6,-1.285333130053421,0.7732520577321962,1.0,-0.7732520577321962,-1.285333130053421,0.0,1.285333130053421,-0.7732520577321962,0.0,0.0,0.0,0.9971203659164469,0.03923707838221164,0.06484532702796598,0.002551689110248953,2.322219819827572,0.07932558606357967,0.12947842465852188
2.62,-1.3005400821687036,0.7473924636177578,1.0,-0.7473924636177578,-1.3005400821687036,0.0,1.3005400821687036,-0.7473924636177578,0.0,0.0,0.0,0.9971205067724844,0.03792874902179719,0.06561916454037797,0.0024960401535898792,2.322219819827572,0.0766988086098691,0.13104583920723378
2.64,-1.3152268355914223,0.7212339224829724,1.0,-0.7212339224829724,-1.3152268355914223,0.0,1.3152268355914223,-0.7212339224829724,0.0,0.0,0.0,0.9971206543725581,0.036604895796225626,0.06636675644540077,0.0024363633361361436,2.322219819827572,0.07403898319715366,0.13256085557488495
2.66,-1.329387515816028,0.6947868973955178,1.0,-0.6947868973955178,-1.329387515816028,0.0,1.329387515816028,-0.6947868973955178,0.0,0.0,0.0,0.9971208077698959,0.03526604866623515,0.06708778255991482,0.0023727526155624444,2.322219819827572,0.07134717430413835,0.1340227541263319
2.68,-1.3430164587592381,0.6680619668128067,1.0,-0.6680619668128067,-1.3430164587592381,0.0,1.3430164587592381,-0.6680619668128067,0.0,0.0,0.0,0.9971209659793032,0.033912744872491914,0.06778193337865888,0.0023053084751628976,2.322219819827572,0.06862446792047458,0.13543083663363897
2.7,-1.3561082130255917,0.6410698203507447,1.0,-0.6410698203507447,-1.3561082130255917,0.0,1.3561082130255917,-0.6410698203507447,0.0,0.0,0.0,0.9971211279834971,0.032545528716464794,0.06844891027548534,0.0022341377716934715,2.322219819827572,0.0658719711067449,0.1367844269771421
2.72,-1.368657542087937,0.6138212545080259,1.0,-0.6138212545080259,-1.368657542087937,0.0,1.368657542087937,-0.6138212545080259,0.0,0.0,0.0,0.9971212927396635,0.031164951333715458,0.06908842569998846,0.002159353571466972,2.322219819827572,0.06309081151250136,0.13808287183732904
2.74,-1.380659426381971,0.5863271683476783,1.0,-0.5863271683476783,-1.380659426381971,0.0,1.380659426381971,-0.5863271683476783,0.0,0.0,0.0,0.9971214591861982,0.029771570459708116,0.06970020336913167,0.002081074974911954,2.322219819827572,0.06028213685241522,0.13932554137559738
2.7600000000000002,-1.3921090653139991,0.5585985591375829,1.0,-0.5585985591375829,-1.3921090653139991,0.0,1.3921090653139991,-0.5585985591375829,0.0,0.0,0.0,0.9971216262495848,0.028365950188265193,0.07028397845350344,0.0019994269298358957,2.322219819827572,0.05744711434075721,0.1405118299019379
2.7800000000000002,-1.4030018791811083,0.530646517951714,1.0,-0.530646517951714,-1.4030018791811083,0.0,1.4030018791811083,-0.530646517951714,0.0,0.0,0.0,0.9971217928513667,0.026948660722817104,0.07083949775783402,0.0019145400336618627,2.322219819827572,0.05458693008459235,0.14164115652760367
2.8000000000000003,-1.4133335110029874,0.502482225233857,1.0,-0.502482225233857,-1.4133335110029874,0.0,1.4133335110029874,-0.502482225233857,0.0,0.0,0.0,0.9971219579151663,0.02552027812061606,0.07136651989541093,0.0018265503249366003,2.322219819827572,0.05170278843624003,0.14271296580082504
2.82,-1.4230998282646605,0.4741169463255807,1.0,-0.4741169463255807,-1.4230998282646605,0.0,1.4230998282646605,-0.4741169463255807,0.0,0.0,0.0,0.9971221203737042,0.024081384030105443,0.07186481545603704,0.0017355990644364449,2.322219819827572,0.04879591130571714,0.14372672832365918
2.84,-1.4322969245694397,0.4455620269602486,1.0,-0.4455620269602486,-1.4322969245694397,0.0,1.4322969245694397,-0.4455620269602486,0.0,0.0,0.0,0.9971222791757719,0.022632565421657418,0.07233416716718369,0.001641832506225449,2.322219819827572,0.0458675374340496,0.14468194134808754
2.86,-1.4409211212014283,0.41682888872488016,1.0,-0.41682888872488016,-1.4409211212014283,0.0,1.4409211212014283,-0.41682888872488016,0.0,0.0,0.0,0.997122433293112,0.021174414311913015,0.07277437004799926,0.0015454016590476546,2.322219819827572,0.04291892162850554,0.14557812934951508
2.88,-1.448968968596962,0.3879290244916662,1.0,-0.3879290244916662,-1.448968968596962,0.0,1.448968968596962,-0.3879290244916662,0.0,0.0,0.0,0.9971225817271594,0.019707527481978345,0.07318523155584566,0.0014464620384622186,2.322219819827572,0.039951333960966035,0.14641484457586906
2.9,-1.4564372477243859,0.3588739938209736,1.0,-0.3588739938209736,-1.4564372477243859,0.0,1.4564372477243859,-0.3588739938209736,0.0,0.0,0.0,0.9971227235155967,0.018232506189751488,0.07356657172504612,0.0013451734101561869,2.322219819827572,0.03696605893081347,0.14719166757055024
2.92,-1.4633229713716238,0.32967541833767544,1.0,-0.32967541833767544,-1.4633229713716238,0.0,1.4633229713716238,-0.32967541833767544,0.0,0.0,0.0,0.9971228577386811,0.01674995587667325,0.07391822329754129,0.0012416995248948316,2.322219819827572,0.033964394593874445,0.14790820766756108
2.94,-1.4696233853410263,0.3003449770826558,1.0,-0.3003449770826558,-1.4696233853410263,0.0,1.4696233853410263,-0.3003449770826558,0.0,0.0,0.0,0.9971229835253,0.015260485869213636,0.07424003184516563,0.0011362078455935765,2.322219819827572,0.030947651659107664,0.14856410345719495
2.96,-1.4753359695510095,0.2708944018413494,1.0,-0.2708944018413494,-1.4753359695510095,0.0,1.4753359695510095,-0.2708944018413494,0.0,0.0,0.0,0.9971231000587119,0.013764709075423279,0.07453185588327073,0.0010288692670184752,2.322219819827572,0.027917152554874314,0.14915902322076557
2.98,-1.4804584390440563,0.24133547245118364,1.0,-0.24133547245118364,-1.4804584390440563,0.0,1.4804584390440563,-0.24133547245118364,0.0,0.0,0.0,0.9971232065819345,0.012263241676895886,0.07479356697544061,0.0009198578286439259,2.322219819827572,0.02487423046676931,0.14969266533293402
3.0,-1.4849887449006682,0.2116800120898008,1.0,-0.2116800120898008,-1.4849887449006682,0.0,1.4849887449006682,-0.2116800120898008,0.0,0.0,0.0,0.997123302402747,0.010756702816503198,0.07502504982906116,0.0008093504212166046,2.322219819827572,0.021820228349123567,0.15016475863029366
3.02,-1.4889250750589056,0.18193988254594462,1.0,-0.18193988254594462,-1.4889250750589056,0.0,1.4889250750589056,-0.18193988254594462,0.0,0.0,0.0,0.9971233868982632,0.009245714282278451,0.07522620238152496,0.0006975264875934543,2.322219819827572,0.01875649791241215,0.15057506274497134
3.04,-1.4922658550391892,0.15212697947490278,1.0,-0.15212697947490278,-1.4922658550391892,0.0,1.4922658550391892,-0.15212697947490278,0.0,0.0,0.0,0.9971234595190542,0.007730900187837574,0.07539693587687349,0.0005845677184388422,2.322219819827572,0.015684398588916577,0.15092336840212273
3.06,-1.4950097485740699,0.12225322764040368,1.0,-0.12225322764040368,-1.4950097485740699,0.0,1.4950097485740699,-0.12225322764040368,0.0,0.0,0.0,0.9971235197927852,0.0062128866497393525,0.075537174932699,0.0004706577433816012,2.322219819827572,0.012605296479094034,0.1512094976803029
3.08,-1.4971556581427186,0.09233057614486972,1.0,-0.09233057614486972,-1.4971556581427186,0.0,1.4971556581427186,-0.09233057614486972,0.0,0.0,0.0,0.9971235673273445,0.004692301462196421,0.07564685759715038,0.00035598181824654876,2.322219819827572,0.009520563281198557,0.15143330423382717
3.1,-1.4987027254099192,0.06237099364993574,1.0,-0.06237099364993574,-1.4987027254099192,0.0,1.4987027254099192,-0.06237099364993574,0.0,0.0,0.0,0.9971236018134423,0.003169773769558169,0.07572593539590977,0.00024072650898711819,2.322219819827572,0.006431575206780248,0.1515946734763538
3.12,-1.4996503315693925,0.03238646358914394,1.0,-0.03238646358914394,-1.4996503315693925,0.0,1.4996503315693925,-0.03238646358914394,0.0,0.0,0.0,0.997123623026661,0.001645933736994545,0.07577437336902959,0.0001250793729559169,2.322219819827572,0.003339711884757338,0.1516935227250642
3.14,-1.4999980975913092,0.0023889793747302423,1.0,-0.0023889793747302423,-1.4999980975913092,0.0,1.4999980975913092,-0.0023889793747302423,0.0,0.0,0.0,0.9971236308289442,0.0001214122198159594,0.07579215009754346,9.228638158256374e-06,2.322219819827572,0.0002463552568112459,0.15172980130493174
3.16,-1.4997458843738976,-0.02760946039958071,1.0,0.02760946039958071,-1.4997458843738976,0.0,1.4997458843738976,0.02760946039958071,0.0,0.0,0.0,0.9971236251695118,-0.00140315956813062,0.07577925771978795,-0.00010663711886004141,2.322219819827572,-0.002847111533102544,0.15170349061272748
3.18,-1.4988937927990813,-0.05759685675785307,1.0,0.05759685675785307,-1.4988937927990813,0.0,1.4988937927990813,0.05759685675785307,0.0,0.0,0.0,0.9971236060851978,-0.002927150386546056,0.07573570193739688,-0.00022232929583501028,2.322219819827572,-0.005939305252306258,0.15161460414053396
3.2,-1.4974421636921296,-0.08756121514137014,1.0,0.08756121514137014,-1.4974421636921296,0.0,1.4974421636921296,0.08756121514137014,0.0,0.0,0.0,0.9971235737002044,-0.004449929300798896,0.07566150201095381,-0.0003376595876593194,2.322219819827572,-0.009028843693177736,0.15146318745869114
3.22,-1.4953915776853304,-0.11749055020629795,1.0,0.11749055020629795,-1.4953915776853304,0.0,1.4953915776853304,0.11749055020629795,0.0,0.0,0.0,0.9971235282252803,-0.005970866013635554,0.07555669074531315,-0.00045244030865154396,2.322219819827572,-0.012114346784316792,0.15124931815822773
3.24,-1.4927428549857455,-0.147372890617663,1.0,0.147372890617663,-1.4927428549857455,0.0,1.4927428549857455,0.147372890617663,0.0,0.0,0.0,0.9971234699563206,-0.007489331196037082,0.0754213144646243,-0.0005664847135638851,2.322219819827572,-0.015194437696275154,0.15097310575298462
3.2600000000000002,-1.489497055047139,-0.1771962838377267,1.0,0.1771962838377267,-1.489497055047139,0.0,1.489497055047139,0.1771962838377267,0.0,0.0,0.0,0.9971233992724067,-0.009004696816781892,0.07525543297711812,-0.0006796073166762271,2.322219819827572,-0.018267743939051756,0.15063469154176246
3.2800000000000002,-1.4856554761462095,-0.20694880090684092,1.0,0.20694880090684092,-1.4856554761462095,0.0,1.4856554761462095,0.20694880090684092,0.0,0.0,0.0,0.9971233166332925,-0.010516336470278274,0.07505911952973851,-0.0007916242083303522,2.322219819827572,-0.021332898448595497,0.15023424843097288
3.3000000000000003,-1.4812196548632972,-0.23661854121487297,1.0,0.23661854121487297,-1.4812196548632972,0.0,1.4812196548632972,0.23661854121487297,0.0,0.0,0.0,0.9971232225763589,-0.012023625702236664,0.07483246075272543,-0.0009023533682660602,2.322219819827572,-0.02438854065961088,0.14977198071840858
3.3200000000000003,-1.4761913654677716,-0.26619363726129086,1.0,0.26619363726129086,-1.4761913654677716,0.0,1.4761913654677716,0.26619363726129086,0.0,0.0,0.0,0.9971231177130568,-0.013525942332759264,0.07457555659427927,-0.0010116149751308067,2.322219819827572,-0.027433317562028887,0.14924812383886832
3.34,-1.4705726192083484,-0.29566225940200475,1.0,0.29566225940200475,-1.4705726192083484,0.0,1.4705726192083484,0.29566225940200475,0.0,0.0,0.0,0.9971230027248594,-0.015022666776433439,0.07428852024545866,-0.0011192317115462243,2.322219819827572,-0.030465884738584005,0.14866294407251046
3.36,-1.4643656635086149,-0.32501262058106944,1.0,0.32501262058106944,-1.4643656635086149,0.0,1.4643656635086149,0.32501262058106944,0.0,0.0,0.0,0.9971228783587589,-0.01651318235902623,0.07397147805548585,-0.001225029064128498,2.322219819827572,-0.03348490738102981,0.14801673821692973
3.38,-1.4575729810680933,-0.3542329810453455,1.0,0.3542329810453455,-1.4575729810680933,0.0,1.4575729810680933,0.3542329810453455,0.0,0.0,0.0,0.9971227454223301,-0.01799687563038809,0.0736245694376546,-0.001328835617874843,2.322219819827572,-0.03648906128262622,0.1473098332240621
3.4,-1.4501972888691916,-0.38331165304024684,1.0,0.38331165304024684,-1.4501972888691916,0.0,1.4501972888691916,0.38331165304024684,0.0,0.0,0.0,0.9971226047784023,-0.019473136673188528,0.07324794676605619,-0.0014304833443454443,2.322219819827572,-0.039477033804646566,0.1465425858031475
3.42,-1.4422415370904482,-0.412237005484686,1.0,0.412237005484686,-1.4422415370904482,0.0,1.4422415370904482,0.412237005484686,0.0,0.0,0.0,0.9971224573393708,-0.02094135940711899,0.07284177526335796,-0.0015298078830887228,2.322219819827572,-0.042447524814772354,0.14571538199106393
3.44,-1.4337089079264995,-0.44099746862335143,1.0,0.44099746862335143,-1.4337089079264995,0.0,1.4337089079264995,0.44099746862335143,0.0,0.0,0.0,0.9971223040611891,-0.022400941888214957,0.07240623287988746,-0.0016266488157779535,2.322219819827572,-0.04539924759537667,0.14482863669147128
3.46,-1.4246028143152443,-0.4695815386544553,1.0,0.4695815386544553,-1.4246028143152443,0.0,1.4246028143152443,0.4695815386544553,0.0,0.0,0.0,0.9971221459370831,-0.023851286602964875,0.07194151016429184,-0.0017208499325486906,2.322219819827572,-0.04833092971983534,0.14388279318426456
3.48,-1.4149268985727137,-0.4979777823311011,1.0,0.4979777823311011,-1.4149268985727137,0.0,1.4149268985727137,0.4979777823311011,0.0,0.0,0.0,0.9971219839910287,-0.02529180075689157,0.07144781012605901,-0.001812259490049276,2.322219819827572,-0.05124131389515202,0.14287832260694477
3.5,-1.4046850309361945,-0.5261748415344297,1.0,0.5261748415344297,-1.4046850309361945,0.0,1.4046850309361945,0.5261748415344297,0.0,0.0,0.0,0.9971218192710356,-0.026721896557309482,0.07092534809020065,-0.0019007304607405687,2.322219819827572,-0.05412915876933476,0.1418157234095676
3.52,-1.393881308016185,-0.5541614378167157,1.0,0.5541614378167157,-1.393881308016185,0.0,1.393881308016185,0.5541614378167157,0.0,0.0,0.0,0.9971216528422896,-0.028140991489980862,0.07037435154441214,-0.001986120773006075,2.322219819827572,-0.05699323970211973,0.1406955207850118
3.54,-1.382520051157805,-0.5819263769125955,1.0,0.5819263769125955,-1.382520051157805,0.0,1.382520051157805,0.5819263769125955,0.0,0.0,0.0,0.9971214857801881,-0.029548508589413092,0.06979505997903476,-0.002068293541659523,2.322219819827572,-0.05983234949779889,0.1395182660763583
3.56,-1.370605804712317,-0.6094585532166252,1.0,0.6094585532166252,-1.370605804712317,0.0,1.370605804712317,0.6094585532166252,0.0,0.0,0.0,0.9971213191633272,-0.03094387670256041,0.0691877247201584,-0.0021471172884636614,2.322219819827572,-0.06264529909907277,0.13828453616322123
3.58,-1.3581433342194444,-0.6367469542253739,1.0,0.6367469542253739,-1.3581433342194444,0.0,1.3581433342194444,0.6367469542253739,0.0,0.0,0.0,0.9971211540664787,-0.0323265307457135,0.06855260875621089,-0.0022224661523014607,2.322219819827572,-0.06543091824101613,0.13699493282890685
3.6,-1.3451376245012205,-0.6637806649422787,1.0,0.6637806649422787,-1.3451376245012205,0.0,1.3451376245012205,0.6637806649422787,0.0,0.0,0.0,0.9971209915536073,-0.03369591195438226,0.0678899865583887,-0.002294220088668822,2.322219819827572,-0.068188056064412,0.1356500821103206
3.62,-1.331593877668125,-0.6905488722434975,1.0,0.6905488722434975,-1.331593877668125,0.0,1.331593877668125,0.6905488722434975,0.0,0.0,0.0,0.9971208326709754,-0.03505146812599829,0.06720014389529091,-0.002362265058186315,2.322219819827572,-0.07091558168787664,0.13425063363254042
3.64,-1.317517511038311,-0.7170408692030144,1.0,0.7170408692030144,-1.317517511038311,0.0,1.317517511038311,0.7170408692030144,0.0,0.0,0.0,0.9971206784403761,-0.03639265385528536,0.06648337764212242,-0.002426493203856123,2.322219819827572,-0.0736123847383654,0.13279725993001268
3.66,-1.3029141549707473,-0.7432460593752674,1.0,0.7432460593752674,-1.3029141549707473,0.0,1.3029141549707473,0.7432460593752674,0.0,0.0,0.0,0.9971205298525448,-0.03771893076216831,0.06573999558483734,-0.002486803016819262,2.322219819827572,-0.07627737583981367,0.13129065575631316
3.68,-1.2877896506131525,-0.7691539610335857,1.0,0.7691539610335857,-1.2877896506131525,0.0,1.2877896506131525,0.7691539610335857,0.0,0.0,0.0,0.9971203878607869,-0.03902976771211231,0.06497031621959551,-0.002543099490397069,2.322219819827572,-0.07890948705983006,0.12973153738441523
3.7,-1.272150047565612,-0.7947542113627402,1.0,0.7947542113627402,-1.272150047565612,0.0,1.272150047565612,0.7947542113627402,0.0,0.0,0.0,0.9971202533748659,-0.04032464102880639,0.0641746685479059,-0.0025952942622298235,2.322219819827572,-0.08150767231451708,0.12812064189940076
3.72,-1.25600160146082,-0.8200365706039308,1.0,0.8200365706039308,-1.25600160146082,0.0,1.25600160146082,0.8200365706039308,0.0,0.0,0.0,0.99712012725519,-0.04160303469912661,0.06335339186783091,-0.0026433057443541012,2.322219819827572,-0.08407090773164944,0.1264587264855208
3.74,-1.2393507714619083,-0.844990926150555,1.0,0.844990926150555,-1.2393507714619083,0.0,1.2393507714619083,0.844990926150555,0.0,0.0,0.0,0.9971200103073347,-0.04286444057033574,0.06250683556162345,-0.002687059241088874,2.322219819827572,-0.08659819197258978,0.12474656770948767
3.7600000000000002,-1.2222042176788683,-0.8696072965931148,1.0,0.8696072965931148,-1.2222042176788683,0.0,1.2222042176788683,0.8696072965931148,0.0,0.0,0.0,0.9971199032769356,-0.044108358539496885,0.06163535888016611,-0.002726487054628443,2.322219819827572,-0.08908854651346529,0.12298496080184362
3.7800000000000002,-1.2045687985045959,-0.8938758357116463,1.0,0.8938758357116463,-1.2045687985045959,0.0,1.2045687985045959,0.8938758357116463,0.0,0.0,0.0,0.9971198068449828,-0.04533429673509946,0.060739330724577704,-0.0027615285782678603,2.322219819827572,-0.09154101588626658,0.1211747189382133
3.8000000000000003,-1.1864515678716248,-0.9177868364140789,1.0,0.9177868364140789,-1.1864515678716248,0.0,1.1864515678716248,0.9177868364140789,0.0,0.0,0.0,0.9971197216235476,-0.04654177169091552,0.059819129425346645,-0.0027921303772135346,2.322219819827572,-0.09395466788066126,0.11931667252218969
3.8200000000000003,-1.1678597724306483,-0.9413307346189405,1.0,0.9413307346189405,-1.1678597724306483,0.0,1.1678597724306483,0.9413307346189405,0.0,0.0,0.0,0.9971196481519655,-0.047730308512124106,0.05887514251934454,-0.002818246256958036,2.322219819827572,-0.09632859370743842,0.11741166847155271
3.84,-1.148800848651956,-0.9644981130808632,1.0,0.9644981130808632,-1.148800848651956,0.0,1.148800848651956,0.9644981130808632,0.0,0.0,0.0,0.9971195868935003,-0.048899441033759754,0.0579077665250658,-0.002839837319223801,2.322219819827572,-0.09866190812461662,0.11546056950946282
3.86,-1.129282419850943,-0.9872797051573574,1.0,0.9872797051573574,-1.129282419850943,0.0,1.129282419850943,0.9872797051573574,0.0,0.0,0.0,0.9971195382325073,-0.050048711971559856,0.056917406716430086,-0.002856872005505214,2.322219819827572,-0.10095374952735675,0.11346425346219835
3.88,-1.1093122931388877,-1.0096663985153425,1.0,1.0096663985153425,-1.1093122931388877,0.0,1.1093122931388877,1.0096663985153425,0.0,0.0,0.0,0.9971195024721129,-0.051177673065301944,0.055904476895475425,-0.0028693261282625292,2.322219819827572,-0.10320328000292014,0.11142361256494171
3.9,-1.0888984563002104,-1.0316492387759606,1.0,1.0316492387759606,-1.0888984563002104,0.0,1.0888984563002104,1.0316492387759606,0.0,0.0,0.0,0.9971194798324234,-0.05228588521473954,0.05486939916425876,-0.0028771828898441613,2.322219819827572,-0.10540968535200673,0.10933955277703489
3.92,-1.0680490745974651,-1.0532194330962081,1.0,1.0532194330962081,-1.0680490745974651,0.0,1.0680490745974651,1.0532194330962081,0.0,0.0,0.0,0.9971194704492712,-0.05337291860825977,0.05381260369626949,-0.0028804328892358647,2.322219819827572,-0.10757217507788874,0.10721299310806631
3.94,-1.0467724875053457,-1.0743683536859558,1.0,1.0743683536859558,-1.0467724875053457,0.0,1.0467724875053457,1.0743683536859558,0.0,0.0,0.0,0.9971194743735049,-0.05443835284440121,0.05273452850765003,-0.0028790741167564826,2.322219819827572,-0.10968998234483271,0.10504486495604293
3.96,-1.0250772053750044,-1.0950875412589494,1.0,1.0950875412589494,-1.0250772053750044,0.0,1.0250772053750044,1.0950875412589494,0.0,0.0,0.0,0.997119491570826,-0.05548177704638404,0.0516356192285036,-0.0028731119368398455,2.322219819827572,-0.11176236390736795,0.1028361114588392
3.98,-1.0029719060300268,-1.115368708416412,1.0,1.115368708416412,-1.0029719060300268,0.0,1.0029719060300268,1.115368708416412,0.0,0.0,0.0,0.9971195219221703,-0.056502789969817266,0.05051632887455694,-0.0028625590590614257,2.322219819827572,-0.11378860001201804,0.10058768686001951
4.0,-0.980465431295418,-1.1352037429618922,1.0,1.1352037429618922,-0.980465431295418,0.0,0.980465431295418,1.1352037429618922,0.0,0.0,0.0,0.9971195652246281,-0.0575010001037595,0.04937711761943106,-0.0028474354975861257,2.322219819827572,-0.11576799427316112,0.0983005558900405
4.0200000000000005,-0.9575667834609882,-1.1545847111460366,1.0,1.1545847111460366,-0.9575667834609882,0.0,0.9575667834609882,1.1545847111460366,0.0,0.0,0.0,0.9971196211928968,-0.058476025765320835,0.04821845256775886,-0.0028277685192303528,2.322219819827572,-0.11769987352472698,0.09597569316375454
4.04,-0.9342851216805622,-1.1735038608399793,1.0,1.1735038608399793,-0.9342851216805622,0.0,0.9342851216805622,1.1735038608399793,0.0,0.0,0.0,0.9971196894612541,-0.05942749518800269,0.047040807529373875,-0.0028035925803471503,2.322219819827572,-0.11958358764947116,0.09361408259504533
4.0600000000000005,-0.9106297583084317,-1.191953624636096,1.0,1.191953624636096,-0.9106297583084317,0.0,0.9106297583084317,1.191953624636096,0.0,0.0,0.0,0.9971197695860358,-0.06035504660398173,0.04584466279477766,-0.002774949252757633,2.322219819827572,-0.12141850938759308,0.09121671682933119
4.08,-0.8866101551745471,-1.2099266228748609,1.0,1.2099266228748609,-0.8866101551745471,0.0,0.8866101551745471,1.2099266228748609,0.0,0.0,0.0,0.9971198610486011,-0.061258328320550975,0.04463050491208074,-0.002741887138965479,2.322219819827572,-0.12320403412648126,0.08878459669458572
4.1,-0.8622359197999038,-1.2274156665966154,1.0,1.2274156665966154,-0.8622359197999038,0.0,0.8622359197999038,1.2274156665966154,0.0,0.0,0.0,0.9971199632587653,-0.06213699879093853,0.04339882646559214,-0.0027044617769033967,2.322219819827572,-0.12493957967338132,0.08631873067143303
4.12,-0.837516801553665,-1.2444137604170562,1.0,1.2444137604170562,-0.837516801553665,0.0,0.837516801553665,1.2444137604170562,0.0,0.0,0.0,0.997120075558675,-0.06299072667972974,0.04215012585622088,-0.00266273553447193,2.322219819827572,-0.12662458601278453,0.08382013438278424
4.14,-0.8124626877535479,-1.2609141053252917,1.0,1.2609141053252917,-0.8124626877535479,0.0,0.8124626877535479,1.2609141053252917,0.0,0.0,0.0,0.9971201972270999,-0.06381919092312258,0.04088490708383359,-0.0026167774941409923,2.322219819827572,-0.128258515050331,0.08128983010339641
4.16,-0.7870835997110195,-1.2769101014033617,1.0,1.2769101014033617,-0.7870835997110195,0.0,0.7870835997110195,1.2769101014033617,0.0,0.0,0.0,0.9971203274841134,-0.06462208078425129,0.03960367953169728,-0.002566663327893811,2.322219819827572,-0.12984085034501508,0.07872884628963628
4.18,-0.7613896887229159,-1.2923953504661108,1.0,1.2923953504661108,-0.7613896887229159,0.0,0.7613896887229159,1.2923953504661108,0.0,0.0,0.0,0.9971204654961308,-0.06539909590381356,0.03830695775312199,-0.0025124751628011607,2.322219819827572,-0.1313710968314599,0.07613821712967006
4.2,-0.7353912320110492,-1.3073636586203823,1.0,1.3073636586203823,-0.7353912320110492,0.0,0.7353912320110492,1.3073636586203823,0.0,0.0,0.0,0.9971206103812709,-0.06614994634624084,0.03699526126039846,-0.00245430143752095,2.322219819827572,-0.132848780534013,0.07351898211417529
4.22,-0.7090986286114648,-1.321809038742488,1.0,1.321809038742488,-0.7090986286114648,0.0,0.7090986286114648,1.321809038742488,0.0,0.0,0.0,0.9971207612150076,-0.06687435264164912,0.03566911431611438,-0.0023922367500246833,2.322219819827572,-0.1342734482743817,0.07087218562764064
4.24,-0.6825223952149571,-1.3357257128729827,1.0,1.3357257128729827,-0.6825223952149571,0.0,0.6825223952149571,1.3357257128729827,0.0,0.0,0.0,0.9971209170360757,-0.0675720458238107,0.034329045726913296,-0.002326381696857686,2.322219819827572,-0.13564466737450265,0.06819887656018597
4.26,-0.6556731619605418,-1.3491081145277666,1.0,1.3491081145277666,-0.6556731619605418,0.0,0.6556731619605418,1.3491081145277666,0.0,0.0,0.0,0.997121076852592,-0.06824276746438256,0.032975588639748164,-0.002256842704244779,2.322219819827572,-0.13696202535629676,0.06550010793980143
4.28,-0.6285616681835333,-1.361950890924608,1.0,1.361950890924608,-0.6285616681835333,0.0,0.6285616681835333,1.361950890924608,0.0,0.0,0.0,0.9971212396483518,-0.06888626970362842,0.031609280340663286,-0.0021837318513568483,2.322219819827572,-0.13822512963992722,0.06277693658479788
4.3,-0.6011987581199632,-1.3742489051241824,1.0,1.3742489051241824,-0.6011987581199632,0.0,0.6011987581199632,1.3742489051241824,0.0,0.0,0.0,0.9971214043892657,-0.06950231527786627,0.030230662056126966,-0.002107166686057135,2.322219819827572,-0.13943360724212905,0.06003042277621118
4.32,-0.5735953765690204,-1.3859972380847818,1.0,1.3859972380847818,-0.5735953765690204,0.0,0.5735953765690204,1.3859972380847818,0.0,0.0,0.0,0.9971215700298915,-0.07009067754387086,0.028840278756919045,-0.0020272700334483416,2.322219819827572,-0.14058710447613457,0.05726162994981521
4.34,-0.5457625645152876,-1.3971911906298637,1.0,1.3971911906298637,-0.5457625645152876,0.0,0.5457625645152876,1.3971911906298637,0.0,0.0,0.0,0.997121735520023,-0.07065114050045536,0.027438678964567385,-0.0019441697975438538,2.322219819827572,-0.1416852866546664,0.05447162440734399
4.36,-0.5177114547124846,-1.4078262853276617,1.0,1.4078262853276617,-0.5177114547124846,0.0,0.5177114547124846,1.4078262853276617,0.0,0.0,0.0,0.9971218998112946,-0.07118349880745234,0.026026414560309866,-0.0018579987563874505,2.322219819827572,-0.14272783779741782,0.05166147504645324
4.38,-0.4894532672305253,-1.4178982682820949,1.0,1.4178982682820949,-0.4894532672305253,0.0,0.4894532672305253,1.4178982682820949,0.0,0.0,0.0,0.9971220618637618,-0.07168755780230654,0.024604040596549054,-0.0017688943509469738,2.322219819827572,-0.1437144603443815,0.04883225310889405
4.4,-0.46099930496762903,-1.427403110834274,1.0,1.427403110834274,-0.46099930496762903,0.0,0.46099930496762903,1.427403110834274,0.0,0.0,0.0,0.9971222206524145,-0.07216313351448793,0.023172115110750367,-0.0016769984681076148,2.322219819827572,-0.14464487487633343,0.04598503194631132
4.42,-0.4323609491293224,-1.4363370111739067,1.0,1.4363370111739067,-0.4323609491293224,0.0,0.4323609491293224,1.4363370111739067,0.0,0.0,0.0,0.9971223751735878,-0.07261005267792324,0.02173119894172634,-0.0015824572180906922,2.322219819827572,-0.1455188198437129,0.04312088680302617
4.44,-0.40354965467609855,-1.444696395859975,1.0,1.444696395859975,-0.40354965467609855,0.0,0.40354965467609855,1.444696395859975,0.0,0.0,0.0,0.9971225244512275,-0.07302815274163969,0.02028185554823377,-0.0014854207066232366,2.322219819827572,-0.14633605130508323,0.040240894615108935
4.46,-0.37457694574159595,-1.4524779212500607,1.0,1.4524779212500607,-0.37457694574159595,0.0,0.37457694574159595,1.4524779212500607,0.0,0.0,0.0,0.9971226675429733,-0.07341728187880317,0.01882465082980388,-0.001386042802183308,2.322219819827572,-0.14709634267628877,0.03734613382500518
4.48,-0.345454411023088,-1.459678474837761,1.0,1.459678474837761,-0.345454411023088,0.0,0.345454411023088,1.459678474837761,0.0,0.0,0.0,0.9971228035460253,-0.073777298994327,0.017360152949710904,-0.0012844808986448486,2.322219819827572,-0.14779948449136304,0.03443768421092219
4.5,-0.31619369914616957,-1.4662951764976455,1.0,1.4662951764976455,-0.31619369914616957,0.0,0.31619369914616957,1.4662951764976455,0.0,0.0,0.0,0.997122931602755,-0.0741080737312155,0.01588893215997877,-0.0011808956736450752,2.322219819827572,-0.14844528417617273,0.03151662673015543
4.5200000000000005,-0.28680651400545115,-1.4723253796372733,1.0,1.4723253796372733,-0.28680651400545115,0.0,0.28680651400545115,1.4723253796372733,0.0,0.0,0.0,0.9971230509060297,-0.0744094864757993,0.014411560628312295,-0.0010754508429959319,2.322219819827572,-0.14903356583571953,0.028584043375480483
4.54,-0.2573046100831677,-1.4777666722557892,1.0,1.4777666722557892,-0.2573046100831677,0.0,0.2573046100831677,1.4777666722557892,0.0,0.0,0.0,0.997123160704218,-0.07468142836200661,0.012928612266834796,-0.0009683129114600844,2.322219819827572,-0.1495641700559489,0.0256410170437098
4.5600000000000005,-0.22769978774753205,-1.482616877908696,1.0,1.482616877908696,-0.22769978774753205,0.0,0.22769978774753205,1.482616877908696,0.0,0.0,0.0,0.9971232603058459,-0.07492380127480616,0.011440662562501942,-0.000859650920210295,2.322219819827572,-0.150036953720851,0.022688631415477944
4.58,-0.19800388853275538,-1.4868740565784004,1.0,1.4868740565784004,-0.19800388853275538,0.0,0.19800388853275538,1.4868740565784004,0.0,0.0,0.0,0.9971233490838759,-0.07513651785294467,0.009948288409058394,-0.0007496361912898925,2.322219819827572,-0.15045178984556548,0.019727970845289544
4.6000000000000005,-0.16822879040258099,-1.490536505450197,1.0,1.490536505450197,-0.16822879040258099,0.0,0.16822879040258099,1.490536505450197,0.0,0.0,0.0,0.997123426479585,-0.07531950149109229,0.008452067940393276,-0.000638442069390392,2.322219819827572,-0.15080856742613663,0.01676012026083118
4.62,-0.1383864029992675,-1.493602759593368,1.0,1.493602759593368,-0.1383864029992675,0.0,0.1383864029992675,1.493602759593368,0.0,0.0,0.0,0.9971234920060169,-0.07547268634149597,0.006952580365148346,-0.0005262436612612857,2.322219819827572,-0.15110719130649086,0.013786165070535539
4.64,-0.10848866287988172,-1.49607159254714,1.0,1.49607159254714,-0.10848866287988172,0.0,0.10848866287988172,1.49607159254714,0.0,0.0,0.0,0.9971235452509892,-0.07559601731523022,0.00545040580242367,-0.0004132175730654698,2.322219819827572,-0.15134758206314197,0.01080719107835626
4.66,-0.0785475287418389,-1.4979420168112483,1.0,1.4979420168112483,-0.0785475287418389,0.0,0.0785475287418389,1.4979420168112483,0.0,0.0,0.0,0.9971235858796375,-0.07568945008312201,0.003946125118424401,-0.00029954164599290827,2.322219819827572,-0.15152967590805716,0.007824284404690962
4.68,-0.0485749766395871,-1.499213284240926,1.0,1.499213284240926,-0.0485749766395871,0.0,0.0485749766395871,1.499213284240926,0.0,0.0,0.0,0.9971236136364805,-0.07575295107641461,0.0024403197638862327,-0.00018539469044394333,2.322219819827572,-0.15165342461004677,0.004838531412391989
4.7,-0.01858299519433584,-1.4998848863461514,1.0,1.4998848863461514,-0.01858299519433584,0.0,0.01858299519433584,1.4998848863461514,0.0,0.0,0.0,0.9971236283469965,-0.07578649748722219,0.0009335716121137241,-7.095621909280156e-05,2.322219819827572,-0.15171879543496947,0.0018510186367601822
4.72,0.011416419201221854,-1.4999565544950366,1.0,1.4999565544950366,0.011416419201221854,0.0,-0.011416419201221854,1.4999565544950366,0.0,0.0,0.0,0.9971236299186993,-0.07579007726881525,-0.000573537202534396,4.3593820858669476e-05,2.322219819827572,-0.15172577110497476,-0.0011371672815541078
4.74,0.04141126718131728,-1.4994282600212783,1.0,1.4994282600212783,0.04141126718131728,0.0,-0.04141126718131728,1.4994282600212783,0.0,0.0,0.0,0.9971236183417073,-0.07576368913576376,-0.0020804244458845047,0.0001580753159278007,2.322219819827572,-0.15167434977693295,-0.0041249396618607825
4.76,0.07138955120668172,-1.4983002142356212,1.0,1.4983002142356212,0.07138955120668172,0.0,-0.07138955120668172,1.4983002142356212,0.0,0.0,0.0,0.9971235936888059,-0.07570734256395184,-0.003586507945080352,0.0002723082547891991,2.322219819827572,-0.15156454504013145,-0.007111211848050081
4.78,0.1013392803634128,-1.49657286834134,1.0,1.49657286834134,0.1013392803634128,0.0,-0.1013392803634128,1.49657286834134,0.0,0.0,0.0,0.9971235561149973,-0.07562105779046649,-0.005091205749781487,0.00038611299659535787,2.322219819827572,-0.1513963859332471,-0.01009489727363877
4.8,0.1312484751591696,-1.494246913253761,1.0,1.494246913253761,0.1312484751591696,0.0,-0.1312484751591696,1.494246913253761,0.0,0.0,0.0,0.9971235058565464,-0.07550486581334788,-0.006593936293596454,0.0004993105388705906,2.322219819827572,-0.15116991698053056,-0.013074909528339784
4.82,0.16110517231482036,-1.491323279323907,1.0,1.491323279323907,0.16110517231482036,0.0,-0.16110517231482036,1.491323279323907,0.0,0.0,0.0,0.9971234432295226,-0.07535880839117844,-0.008094118555922654,0.0006117227846691528,2.322219819827572,-0.15088519824707083,-0.01605016242727486
4.84,0.19089742954958422,-1.4878031359663688,1.0,1.4878031359663688,0.19089742954958422,0.0,-0.19089742954958422,1.4878031359663688,0.0,0.0,0.0,0.997123368627851,-0.07518293804247321,-0.0095911722243589,0.0007231728086876211,2.322219819827572,-0.15054230541293417,-0.019019570083911974
4.86,0.22061333035779468,-1.4836878911915548,1.0,1.4836878911915548,0.22061333035779468,0.0,-0.22061333035779468,1.4836878911915548,0.0,0.0,0.0,0.9971232825208804,-0.0749773180448227,-0.011084517857858451,0.0008334851220212747,2.322219819827572,-0.15014132986590328,-0.02198204698783024
4.88,0.2502409887753325,-1.4789791910425056,1.0,1.4789791910425056,0.2502409887753325,0.0,-0.2502409887753325,1.4789791910425056,0.0,0.0,0.0,0.997123185450487,-0.07474202243372664,-0.012573577050783219,0.0009424859352530772,2.322219819827572,-0.14968237881247023,-0.024936508088376996
4.9,0.27976855413386365,-1.4736789189364987,1.0,1.4736789189364987,0.27976855413386365,0.0,-0.27976855413386365,1.4736789189364987,0.0,0.0,0.0,0.9971230780277244,-0.0744771360010442,-0.014057772598020045,0.0010500034195631972,2.322219819827572,-0.14916557540666697,-0.02788186888528954
4.92,0.3091842158009375,-1.467789194911708,1.0,1.467789194911708,0.3091842158009375,0.0,-0.3091842158009375,1.467789194911708,0.0,0.0,0.0,0.9971229609290473,-0.07418275429297515,-0.015536528661311534,0.001155867965545577,2.322219819827572,-0.14859105889624558,-0.030817045527315123
4.94,0.33847620790409355,-1.4613123747792136,1.0,1.4613123747792136,0.33847620790409355,0.0,-0.33847620790409355,1.4613123747792136,0.0,0.0,0.0,0.9971228348921256,-0.0738589836074733,-0.017009270936952862,0.0012599124394171413,2.322219819827572,-0.14795898478565123,-0.033740954919859956
4.96,0.3676328140370426,-1.4542510491807132,1.0,1.4542510491807132,0.3676328140370426,0.0,-0.3676328140370426,1.4542510491807132,0.0,0.0,0.0,0.9971227007112751,-0.07350594099098315,-0.018475426824995998,0.001361972436303622,2.322219819827572,-0.14726952501516077,-0.0366525148426633
4.98,0.39664237194608365,-1.4466080425522958,1.0,1.4466080425522958,0.39664237194608365,0.0,-0.39664237194608365,1.4466080425522958,0.0,0.0,0.0,0.9971225592325332,-0.07312375423437815,-0.019934425600100485,0.0014618865302848964,2.322219819827572,-0.14652286815548884,-0.039550644078472086
5.0,0.4254932781948394,-1.4383864119947076,1.0,1.4383864119947076,0.4254932781948394,0.0,-0.4254932781948394,1.4383864119947076,0.0,0.0,0.0,0.997122411348409,-0.0727125618679688,-0.021385698584158716,0.0015594965208810564,2.322219819827572,-0.14571921961709555,-0.04243426255365823
5.0200000000000005,0.45417399280548654,-1.4295894460505512,1.0,1.4295894460505512,0.45417399280548654,0.0,-0.45417399280548654,1.4295894460505512,0.0,0.0,0.0,0.9971222579923354,-0.07227251315543727,-0.022828679320819733,0.0016546476756593325,2.322219819827572,-0.14485880187336048,-0.04530229149169207
5.04,0.48267304387458276,-1.4202206633889134,1.0,1.4202206633889134,0.48267304387458276,0.0,-0.48267304387458276,1.4202206633889134,0.0,0.0,0.0,0.9971221001328634,-0.07180376808654597,-0.024262803752023367,0.0017471889686403758,2.322219819827572,-0.1439418546967195,-0.04815365358034707
5.0600000000000005,0.5109790321616852,-1.4102838113979426,1.0,1.4102838113979426,0.5109790321616852,0.0,-0.5109790321616852,1.4102838113979426,0.0,0.0,0.0,0.997121938767625,-0.07130649736845596,-0.02568751039665116,0.0018369733141814439,2.322219819827572,-0.14296863540679303,-0.05098727315347662
5.08,0.5390806356488845,-1.3997828646859465,1.0,1.3997828646859465,0.5390806356488845,0.0,-0.5390806356488845,1.3997828646859465,0.0,0.0,0.0,0.9971217749171086,-0.07078088241548361,-0.027102240531387115,0.001923857796012665,2.322219819827572,-0.1419394191294702,-0.053802076388154596
5.1000000000000005,0.5669666140694716,-1.3887220234915982,1.0,1.3887220234915982,0.5669666140694716,0.0,-0.5669666140694716,1.3887220234915982,0.0,0.0,0.0,0.9971216096182802,-0.07022711533711289,-0.028506438373874787,0.002007703891101895,2.322219819827572,-0.14085449906584407,-0.05659699151793762
5.12,0.5946258134038838,-1.3771057120039005,1.0,1.3771057120039005,0.5946258134038838,0.0,-0.5946258134038838,1.3771057120039005,0.0,0.0,0.0,0.9971214439180899,-0.06964539892407405,-0.029899551268242536,0.0020883776880227384,2.322219819827572,-0.13971418676983355,-0.059370949062947265
5.14,0.6220471703411727,-1.364938576592566,1.0,1.364938576592566,0.6220471703411727,0.0,-0.6220471703411727,1.364938576592566,0.0,0.0,0.0,0.9971212788669043,-0.06903594663228968,-0.031281029873060896,0.002165750099500126,2.322219819827572,-0.13851881243326097,-0.062122882077431774
5.16,0.6492197167041781,-1.3522254839495322,1.0,1.3522254839495322,0.6492197167041781,0.0,-0.6492197167041781,1.3522254839495322,0.0,0.0,0.0,0.9971211155119042,-0.06839898256448378,-0.032650328351781145,0.002239697068807573,2.322219819827572,-0.13726872517709676,-0.0648517264154036
5.18,0.6761325838366481,-1.338971519142352,1.0,1.338971519142352,0.6761325838366481,0.0,-0.6761325838366481,1.338971519142352,0.0,0.0,0.0,0.997120954890488,-0.06773474144924096,-0.034006904565693045,0.002310099769690643,2.322219819827572,-0.13596429334752097,-0.06755642101489423
5.2,0.7027750069505656,-1.3251819835802296,1.0,1.3251819835802296,0.7027750069505656,0.0,-0.7027750069505656,1.3251819835802296,0.0,0.0,0.0,0.9971207980237216,-0.06704346861729821,-0.03535022026942726,0.00237684479949193,2.322219819827572,-0.13460590481539747,-0.07023590820131442
5.22,0.7291363294319102,-1.3108623928935335,1.0,1.3108623928935335,0.7291363294319102,0.0,-0.7291363294319102,1.3108623928935335,0.0,0.0,0.0,0.9971206459098776,-0.0663254199748454,-0.036679741309012207,0.0024398243651539064,2.322219819827572,-0.13319396727769897,-0.07288913401033037
5.24,0.7552060071031713,-1.2960184747276116,1.0,1.2960184747276116,0.7552060071031713,0.0,-0.7552060071031713,1.2960184747276116,0.0,0.0,0.0,0.9971204995180994,-0.06558086197360652,-0.03799493782248429,0.0024989364617780323,2.322219819827572,-0.13172890855937355,-0.07551504853062219
5.26,0.7809736124408692,-1.280656166451815,1.0,1.280656166451815,0.7809736124408692,0.0,-0.7809736124408692,1.280656166451815,0.0,0.0,0.0,0.9971203597822357,-0.06481007157747039,-0.039295284443032645,0.0025540850434206284,2.322219819827572,-0.13021117691409234,-0.07811260626679384
5.28,0.8064288387464345,-1.2647816127846252,1.0,1.2647816127846252,0.8064288387464345,0.0,-0.8064288387464345,1.2647816127846252,0.0,0.0,0.0,0.9971202275948792,-0.06401333622543454,-0.040580260504648684,0.0026051801858092585,2.322219819827572,-0.1286412413222729,-0.08068076652266054
5.3,0.8315615042687412,-1.2484011633358518,1.0,1.2484011633358518,0.8315615042687412,0.0,-0.8315615042687412,1.2484011633358518,0.0,0.0,0.0,0.9971201038016517,-0.06319095379062685,-0.041849350250231364,0.002652138240666919,2.322219819827572,-0.12701959178473515,-0.08321849380504243
5.32,0.8563615562766804,-1.2315213700668706,1.0,1.2315213700668706,0.8563615562766804,0.0,-0.8563615562766804,1.2315213700668706,0.0,0.0,0.0,0.9971199891957693,-0.062343232535164925,-0.043102043042088284,0.002694881981335972,2.322219819827572,-0.12534673961030435,-0.08572475824813175
5.34,0.8808190750801097,-1.2141489846699292,1.0,1.2141489846699292,0.8808190750801097,0.0,-0.8808190750801097,1.2141489846699292,0.0,0.0,0.0,0.9971198845129239,-0.06147049106061537,-0.04433783357475288,0.0027333407393988975,2.322219819827572,-0.12362321769564866,-0.08819853605841121
5.36,0.9049242779976059,-1.1962909558675563,1.0,1.1962909558675563,0.9049242779976059,0.0,-0.9049242779976059,1.1962909558675563,0.0,0.0,0.0,0.997119790426515,-0.06057305825381362,-0.04555622209002606,0.00276745053199923,2.322219819827572,-0.12184958079560615,-0.09063880998002394
5.38,0.9286675232693979,-1.1779544266331707,1.0,1.1779544266331707,0.9286675232693979,0.0,-0.9286675232693979,1.1779544266331707,0.0,0.0,0.0,0.9971197075432617,-0.05965127322780837,-0.046756714594131076,0.0027971541795729256,2.322219819827572,-0.1200264057822385,-0.09304456978041054
5.4,0.952039313913952,-1.1591467313339807,1.0,1.1591467313339807,0.952039313913952,0.0,-0.952039313913952,1.1591467313339807,0.0,0.0,0.0,0.9971196363992259,-0.05870548525769445,-0.04793882307685806,0.002822401413708533,2.322219819827572,-0.11815429189082624,-0.09541481275594599
5.42,0.9750303015266275,-1.1398753927973415,1.0,1.1398753927973415,0.9750303015266275,0.0,-0.9750303015266275,1.1398753927973415,0.0,0.0,0.0,0.9971195774562703,-0.05773605371110447,-0.049102065732554864,0.0028431489748633482,2.322219819827572,-0.11623386095101544,-0.09774854425721435
5.44,0.9976312900189243,-1.1201481193017184,1.0,1.1201481193017184,0.9976312900189243,0.0,-0.9976312900189243,1.1201481193017184,0.0,0.0,0.0,0.9971195310989819,-0.05674334797313072,-0.05024596718280862,0.002859360699672817,2.322219819827572,-0.11426575760131459,-0.10004477823347724
5.46,1.0198332392967857,-1.0999728014934846,1.0,1.0999728014934846,1.0198332392967857,0.0,-1.0198332392967857,1.0999728014934846,0.0,0.0,0.0,0.9971194976320736,-0.05572774736545715,-0.05137005870064255,0.0028710075976013374,2.322219819827572,-0.11225064948514873,-0.10230253779580423
5.48,1.0416272688765242,-1.0793575092307612,1.0,1.0793575092307612,1.0416272688765242,0.0,-1.0416272688765242,1.0793575092307612,0.0,0.0,0.0,0.9971194772782905,-0.054689641059485,-0.05247387843604065,0.002878067916694775,2.322219819827572,-0.11018922742668083,-0.10452085579823112
5.5,1.06300466143689,-1.0583104883555878,1.0,1.0583104883555878,1.06300466143689,0.0,-1.06300466143689,1.0583104883555878,0.0,0.0,0.0,0.9971194701768312,-0.05362942798324534,-0.05355697164259363,0.0028805271982080757,2.322219819827572,-0.1080822055846312,-0.10669877543623674
5.5200000000000005,1.0839568663058885,-1.0368401573956896,1.0,1.0368401573956896,1.0839568663058885,0.0,-1.0839568663058885,1.0368401573956896,0.0,0.0,0.0,0.9971194763822998,-0.052547516721898585,-0.05461889090504738,0.0028783783198956673,2.322219819827572,-0.105930321582346,-0.10883535086172569
5.54,1.1044755028809288,-1.0149551041971854,1.0,1.0149551041971854,1.1044755028809288,0.0,-1.1044755028809288,1.0149551041971854,0.0,0.0,0.0,0.9971194958641946,-0.05144432541163176,-0.055659196367516976,0.002871621527767659,2.322219819827572,-0.10373433661239997,-0.11092964781361925
5.5600000000000005,1.1245523639809618,-0.9926640824895554,1.0,0.9926640824895554,1.1245523639809618,0.0,-1.1245523639809618,0.9926640824895554,0.0,0.0,0.0,0.9971195285069414,-0.05032028162677352,-0.05667745596211848,0.0028602644561313505,2.322219819827572,-0.10149503551405487,-0.11298074426307259
5.58,1.1441794191292327,-0.9699760083842752,1.0,0.9699760083842752,1.1441794191292327,0.0,-1.1441794191292327,0.9699760083842752,0.0,0.0,0.0,0.9971195741104736,-0.04917582225996027,-0.057673245637751946,0.0028443221357551006,2.322219819827572,-0.09921322682194675,-0.11498773107222982
5.6000000000000005,1.1633488177653752,-0.9468999568084813,1.0,0.9468999568084813,1.1633488177653752,0.0,-1.1633488177653752,0.9468999568084813,0.0,0.0,0.0,0.9971196323913551,-0.04801139339519698,-0.05864614958876085,0.0028238169900103335,2.322219819827572,-0.09688974278442697,-0.11694971266536758
5.62,1.1820528923855216,-0.9234451578751295,1.0,0.9234451578751295,1.1820528923855216,0.0,-1.1820528923855216,0.9234451578751295,0.0,0.0,0.0,0.9971197029844449,-0.046827450173672326,-0.0595957604831746,0.0027987788188671508,2.322219819827572,-0.09452543935005006,-0.11886580771116795
5.64,1.2002841616092086,-0.8996209931910657,1.0,0.8996209931910657,1.2002841616092086,0.0,-1.2002841616092086,0.8996209931910657,0.0,0.0,0.0,0.9971197854450911,-0.04562445665219959,-0.06052167969023364,0.0027692447706398754,2.322219819827572,-0.09212119612077109,-0.12073514981479794
5.66,1.2180353331718283,-0.8754369921045109,1.0,0.8754369921045109,1.2180353331718283,0.0,-1.2180353331718283,0.8754369921045109,0.0,0.0,0.0,0.9971198792518473,-0.04440288565417259,-0.0614235175068813,0.0027352593014006604,2.322219819827572,-0.08967791627050017,-0.12255688821838362
5.68,1.235299306841433,-0.850902827893453,1.0,0.850902827893453,1.235299306841433,0.0,-1.235299306841433,0.850902827893453,0.0,0.0,0.0,0.9971199838096889,-0.04316321861294067,-0.06230089338289758,0.002696874122002114,2.322219819827572,-0.08719652642774953,-0.12433018850839472
5.7,1.2520691772587398,-0.8260283138964564,1.0,0.8260283138964564,1.2520691772587398,0.0,-1.2520691772587398,0.8260283138964564,0.0,0.0,0.0,0.997120098453719,-0.04190594540752347,-0.06315343614434088,0.0026541481326736146,2.322219819827572,-0.08467797652120576,-0.12605423332838028
5.72,1.2683382366991753,-0.8008233995874664,1.0,0.8008233995874664,1.2683382366991753,0.0,-1.2683382366991753,0.8008233995874664,0.0,0.0,0.0,0.9971202224533332,-0.04063156419060643,-0.06398078421495244,0.0026071473451806815,2.322219819827572,-0.08212323958717148,-0.12772822309544218
5.74,1.2840999777558828,-0.7752981665961431,1.0,0.7752981665961431,1.2840999777558828,0.0,-1.2840999777558828,0.7752981665961431,0.0,0.0,0.0,0.9971203550168263,-0.039340581208772776,-0.06478258583517357,0.00255594479256211,2.322219819827572,-0.07953331153792721,-0.12935137671874997
5.76,1.2993480959425923,-0.7494628246753536,1.0,0.7494628246753536,1.2993480959425923,0.0,-1.2993480959425923,0.7494628246753536,0.0,0.0,0.0,0.9971204952964045,-0.03803351061495147,-0.06555849927841585,0.002500620426485891,2.322219819827572,-0.07690921089019558,-0.1309229323183594
5.78,1.3140764922153356,-0.7233277076173973,1.0,0.7233277076173973,1.3140764922153356,0.0,-1.3140764922153356,0.7233277076173973,0.0,0.0,0.0,0.9971206423935787,-0.03671087427307593,-0.06630819306422164,0.0024412610022916934,2.322219819827572,-0.07425197845301007,-0.1324421479425495
5.8,1.3282792754119783,-0.696903269120636,1.0,0.696903269120636,1.3282792754119783,0.0,-1.3282792754119783,0.696903269120636,0.0,0.0,0.0,0.9971207953649006,-0.035373201554972755,-0.06703134616794557,0.0023779599518152362,2.322219819827572,-0.07156267697443504,-0.13390830228182882
5.82,1.3419507646086113,-0.670200078608145,1.0,0.670200078608145,1.3419507646086113,0.0,-1.3419507646086113,0.670200078608145,0.0,0.0,0.0,0.9971209532280066,-0.034021029129517134,-0.06772764822658635,0.002310817244117727,2.322219819827572,-0.06884239074671901,-0.13532069537775016
5.84,1.3550854913918382,-0.6432288170000938,1.0,0.6432288170000938,1.3550854913918382,0.0,-1.3550854913918382,0.6432288170000938,0.0,0.0,0.0,0.9971211149679317,-0.03265490074411594,-0.06839679974039439,0.002239939234272042,2.322219819827572,-0.06609222516961863,-0.1366786493246206
5.86,1.367678202046075,-0.6160002724415112,1.0,0.6160002724415112,1.367678202046075,0.0,-1.367678202046075,0.6160002724415112,0.0,0.0,0.0,0.9971212795436497,-0.031275366998597745,-0.06903851226988239,0.002165438500385794,2.322219819827572,-0.06331330627177631,-0.13798150896218564
5.88,1.3797238596549586,-0.5885253359871808,1.0,0.5885253359871808,1.3797238596549586,0.0,-1.3797238596549586,0.5885253359871808,0.0,0.0,0.0,0.9971214458948024,-0.029882985111614427,-0.06965250862786429,0.0020874336690704944,2.322219819827572,-0.06050678019020066,-0.13922864255734102
5.9,1.391217646116054,-0.560814997245354,1.0,0.560814997245354,1.391217646116054,0.0,-1.391217646116054,0.560814997245354,0.0,0.0,0.0,0.9971216129485674,-0.02847831867967675,-0.07023852306615262,0.0020060492295947223,2.322219819827572,-0.057673812608052086,-0.14041944247293392
5.92,1.4021549640680235,-0.532880339982064,1.0,0.532880339982064,1.4021549640680235,0.0,-1.4021549640680235,0.532880339982064,0.0,0.0,0.0,0.9971217796266246,-0.027061937428972647,-0.07079630145654538,0.0019214153369883514,2.322219819827572,-0.0548155881511085,-0.1415533258216941
5.94,1.4125314387295163,-0.5047325376877563,1.0,0.5047325376877563,1.4125314387295163,0.0,-1.4125314387295163,0.5047325376877563,0.0,0.0,0.0,0.9971219448521734,-0.025634416960133972,-0.07132560146574071,0.0018336676043933674,2.322219819827572,-0.051933309743443956,-0.1426297351033714
5.96,1.4223429196490187,-0.4763828491080523,1.0,0.4763828491080523,1.4223429196490187,0.0,-1.4223429196490187,0.4763828491080523,0.0,0.0,0.0,0.9971221075569533,-0.02419633848614395,-0.07182619272382207,0.0017429468849855393,2.322219819827572,-0.04902819792302916,-0.1436481388231572
5.98,1.431585482364981,-0.44784261374039036,1.0,0.44784261374039036,1.431585482364981,0.0,-1.431585482364981,0.44784261374039036,0.0,0.0,0.0,0.9971222666882223,-0.022748288563594128,-0.07229785698596557,0.0016493990438190165,2.322219819827572,-0.04610149011812202,-0.14460803208950201
6.0,1.440255429975549,-0.4191232472983888,1.0,0.4191232472983888,1.440255429975549,0.0,-1.440255429975549,0.4191232472983888,0.0,0.0,0.0,0.9971224212156466,-0.021290858817525304,-0.07274038828702993,0.0015531747199737161,2.322219819827572,-0.04315443988549138,-0.1455089371894822
6.0200000000000005,1.4483492946172767,-0.3902362371457021,1.0,0.3902362371457021,1.4483492946172767,0.0,-1.4483492946172767,0.3902362371457021,0.0,0.0,0.0,0.9971225701380535,-0.019824645660102693,-0.07315359308869968,0.0014544290794119917,2.322219819827572,-0.04018831611167389,-0.1463504041399044
6.04,1.4558638388522238,-0.3611931377012388,1.0,0.3611931377012388,1.4558638388522238,0.0,-1.4558638388522238,0.3611931377012388,0.0,0.0,0.0,0.9971227124900036,-0.018350250003400247,-0.07353729041886427,0.001353321558977464,2.322219819827572,-0.03720440217863469,-0.14713201121240416
6.0600000000000005,1.4627960569628893,-0.33200556581753804,1.0,0.33200556581753804,1.4627960569628893,0.0,-1.4627960569628893,0.33200556581753804,0.0,0.0,0.0,0.9971228473481385,-0.016868276966583794,-0.07389131200292966,0.0012500156019938195,2.322219819827572,-0.03420399509535253,-0.1478533654308467
6.08,1.4691431761544567,-0.3026851961341933,1.0,0.3026851961341933,1.4691431761544567,0.0,-1.4691431761544567,0.3026851961341933,0.0,0.0,0.0,0.9971229738372579,-0.015379335577805303,-0.07421550238677177,0.0011446783859458654,2.322219819827572,-0.031188404597011672,-0.14851410303942014
6.1000000000000005,1.474902657663877,-0.2732437564081425,1.0,0.2732437564081425,1.474902657663877,0.0,-1.474902657663877,0.2732437564081425,0.0,0.0,0.0,0.9971230911360883,-0.013884038471134398,-0.07450971905105896,0.0010374805427478854,2.322219819827572,-0.02815895221362294,-0.14911388993988384
6.12,1.4800721977753382,-0.24369302282273128,1.0,0.24369302282273128,1.4800721977753382,0.0,-1.4800721977753382,0.24369302282273128,0.0,0.0,0.0,0.9971231984827003,-0.012383001578873648,-0.0747738325166852,0.0009285958721264384,2.322219819827572,-0.025116970310044888,-0.14965242209652407
6.140000000000001,1.4846497287417222,-0.21404481527738659,1.0,0.21404481527738659,1.4846497287417222,0.0,-1.4846497287417222,0.21404481527738659,0.0,0.0,0.0,0.997123295179542,-0.010876843819616103,-0.07500772644107644,0.0008182010486648756,2.322219819827572,-0.02206380109950149,-0.15012942590747502
6.16,1.4886334196116753,-0.18431099265982506,1.0,0.18431099265982506,1.4886334196116753,0.0,-1.4886334196116753,0.18431099265982506,0.0,0.0,0.0,0.9971233805980493,-0.009366186782421852,-0.07521129770514842,0.0007064753230761163,2.322219819827572,-0.01900079563282531,-0.1505446585411483
6.18,1.4920216769619645,-0.15450344810264677,1.0,0.15450344810264677,1.4920216769619645,0.0,-1.4920216769619645,0.15450344810264677,0.0,0.0,0.0,0.9971234541828033,-0.007851654407499941,-0.07538445649071741,0.0005936002182873304,2.322219819827572,-0.015929312765762052,-0.1508979082366413
6.2,1.4948131455348261,-0.1246341042262446,1.0,0.1246341042262446,1.4948131455348261,0.0,-1.4948131455348261,0.1246341042262446,0.0,0.0,0.0,0.9971235154552089,-0.00633387266379752,-0.07552712634818351,0.000479759220936185,2.322219819827572,-0.012850718106784356,-0.15118899456709878
6.22,1.49700670878005,-0.09471490836991917,1.0,0.09471490836991917,1.49700670878005,0.0,-1.49700670878005,0.09471490836991917,0.0,0.0,0.0,0.9971235640166635,-0.004813469223906679,-0.07563924425432991,0.0003651374688921629,2.322219819827572,-0.00976638294795187,-0.1514177686651299
6.24,1.4986014893015853,-0.06475782781309303,1.0,0.06475782781309303,1.4986014893015853,0.0,-1.4986014893015853,0.06475782781309303,0.0,0.0,0.0,0.9971235995511993,-0.003291073136708686,-0.0757207606601024,0.0002499214354286427,2.322219819827572,-0.006677683181436151,-0.15158411340950573
6.26,1.4995968492084866,-0.03477484498856917,1.0,0.03477484498856917,1.4995968492084866,0.0,-1.4995968492084866,0.03477484498856917,0.0,0.0,0.0,0.9971236218275784,-0.0017673144981857282,-0.07577163952825741,0.0001342986106819442,2.322219819827572,-0.0035859982044036502,-0.15168794357249382
6.28,1.4999923903700627,-0.004777952689706985,1.0,0.004777952689706985,1.4999923903700627,0.0,-1.4999923903700627,0.004777952689706985,0.0,0.0,0.0,0.9971236307008257,-0.0002428241208328059,-0.07579185836078978,1.8457181041640802e-05,2.322219819827572,-0.0004927098149987915,-0.15172920592732386
6.3,1.4997879545751227,0.02522085072652457,1.0,-0.02522085072652457,1.4997879545751227,0.0,-1.4997879545751227,-0.02522085072652457,0.0,0.0,0.0,0.9971236261131916,0.0012817667978882743,-0.07578140821607572,-9.741429287681632e-05,2.322219819827572,0.0026007988977785855,-0.15170787931540564
6.32,1.4989836235952587,0.055209566138740375,1.0,-0.055209566138740375,1.4989836235952587,0.0,-1.4989836235952587,-0.055209566138740375,0.0,0.0,0.0,0.9971236080945338,0.002805827007611865,-0.0757402937156903,-0.00021312719902204076,2.322219819827572,0.005693144667486053,-0.1516239746730772
6.34,1.4975797191521383,0.08517619846061708,1.0,-0.08517619846061708,1.4975797191521383,0.0,-1.4975797191521383,-0.08517619846061708,0.0,0.0,0.0,0.9971235767621204,0.004328725537201287,-0.07566853304088339,-0.0003284931968013962,2.322219819827572,0.00878294516410145,-0.1514775350177766
6.36,1.4955768027888205,0.11510876143877838,1.0,-0.11510876143877838,1.4955768027888205,0.0,-1.4955768027888205,-0.11510876143877838,0.0,0.0,0.0,0.9971235323198511,0.0058498320265084605,-0.07556615791872255,-0.00044332453942260515,2.322219819827572,0.011868820105502085,-0.15126863539369673
6.38,1.4929756756451453,0.14499528244712587,1.0,-0.14499528244712587,1.4929756756451453,0.0,-1.4929756756451453,-0.14499528244712587,0.0,0.0,0.0,0.9971234750569057,0.007368517057314301,-0.07543321359793541,-0.0005574343950258507,2.322219819827572,0.014949392363729467,-0.1509973827771065
6.4,1.489777378137289,0.17482380727574046,1.0,-0.17482380727574046,1.489777378137289,0.0,-1.489777378137289,-0.17482380727574046,0.0,0.0,0.0,0.9971234053458258,0.008884152483011078,-0.07526975881450855,-0.000670637165954035,2.322219819827572,0.01802328906324315,-0.15066391594166606
6.42,1.4859831895416113,0.20458240491239646,1.0,-0.20458240491239646,1.4859831895416113,0.0,-1.4859831895416113,-0.20458240491239646,0.0,0.0,0.0,0.9971233236400459,0.010396111756588023,-0.07507586574712416,-0.0007827488055143068,2.322219819827572,0.02108914266839762,-0.15026840528420493
6.44,1.481594627482962,0.23425917231481785,1.0,-0.23425917231481785,1.481594627482962,0.0,-1.481594627482962,-0.23425917231481785,0.0,0.0,0.0,0.9971232304708895,0.011903770256491756,-0.07485161996253882,-0.0008935871315920636,2.322219819827572,0.02414559205743741,-0.14981105261155903
6.46,1.4766134473276509,0.263842239171726,1.0,-0.263842239171726,1.4766134473276509,0.0,-1.4766134473276509,-0.263842239171726,0.0,0.0,0.0,0.9971231264440504,0.013406505609936299,-0.07459712035103248,-0.0010029721364880268,2.322219819827572,0.02719128358036256,-0.14929209088920592
6.48,1.4710416414813259,0.2933197726508164,1.0,-0.2933197726508164,1.4710416414813259,0.0,-1.4710416414813259,-0.2933197726508164,0.0,0.0,0.0,0.9971230122355855,0.014903698013250574,-0.07431247905207787,-0.0011107262923609133,2.322219819827572,0.030224872098103067,-0.1487117839525509
6.5,1.4648814385920352,0.3226799821317233,1.0,-0.3226799821317233,1.4648814385920352,0.0,-1.4648814385920352,-0.3226799821317233,0.0,0.0,0.0,0.9971228885874447,0.016394730548857393,-0.0739978213704028,-0.0012166748516713479,2.322219819827572,0.033245022000522303,-0.14807042618185262
6.5200000000000005,1.4581353026587998,0.3519111239221212,1.0,-0.3519111239221212,1.4581353026587998,0.0,-1.4581353026587998,-0.3519111239221212,0.0,0.0,0.0,0.9971227563025687,0.017878989498493852,-0.07365328568263893,-0.0013206461420381854,2.322219819827572,0.03625040820087945,-0.147368342141887
6.54,1.4508059320460458,0.3810015059550347,1.0,-0.3810015059550347,1.4508059320460458,0.0,-1.4508059320460458,-0.3810015059550347,0.0,0.0,0.0,0.9971226162395909,0.019355864652291714,-0.07327902333477053,-0.0014224718549349733,2.322219819827572,0.039239717104483776,-0.14660588618756298
6.5600000000000005,1.4428962584042944,0.40993949246551986,1.0,-0.40993949246551986,1.4428962584042944,0.0,-1.4428962584042944,-0.40993949246551986,0.0,0.0,0.0,0.9971224693071753,0.02082474961335487,-0.0728751985306164,-0.0015219873276730827,2.322219819827572,0.04221164754940439,-0.14578344203680715
6.58,1.4344094454975416,0.4387135086448046,1.0,-0.4387135086448046,1.4344094454975416,0.0,-1.4344094454975416,-0.4387135086448046,0.0,0.0,0.0,0.9971223164580343,0.022285042097481906,-0.07244198821159685,-0.0016190318181376975,2.322219819827572,0.045164911717220355,-0.14490142231213454
6.6000000000000005,1.425348887937794,0.46731204527006803,1.0,-0.46731204527006803,1.425348887937794,0.0,-1.425348887937794,-0.46731204527006803,0.0,0.0,0.0,0.9971221586826616,0.02373614422770248,-0.07197958192805363,-0.0017134487717645347,2.322219819827572,0.04809823601194384,-0.1439602680524108
6.62,1.41571820982727,0.49572366330796636,1.0,-0.49572366330796636,1.41571820982727,0.0,-1.41571820982727,-0.49572366330796636,0.0,0.0,0.0,0.9971219970028277,0.02517746282330947,-0.07148818170240832,-0.0018050860802675418,2.322219819827572,0.05101036190538588,-0.14296044819639664
6.640000000000001,1.4055212633088057,0.5239369984901036,1.0,-0.5239369984901036,1.4055212633088057,0.0,-1.4055212633088057,-0.5239369984901036,0.0,0.0,0.0,0.9971218324648792,0.026608409683091017,-0.07096800188445822,-0.0018937963316519313,2.322219819827572,0.053900046747394535,-0.14190245903973975
6.66,1.394762127025052,0.551940765858577,1.0,-0.551940765858577,1.394762127025052,0.0,-1.394762127025052,-0.551940765858577,0.0,0.0,0.0,0.9971216661328872,0.028028401862481643,-0.07041926899912349,-0.001979437051071545,2.322219819827572,0.05676606453954406,-0.140786823667143
6.68,1.3834451044870688,0.579723764279819,1.0,-0.579723764279819,1.3834451044870688,0.0,-1.3834451044870688,-0.579723764279819,0.0,0.0,0.0,0.9971214990816936,0.029436861944375437,-0.06984222158697029,-0.0020618709321156468,2.322219819827572,0.059607206671022886,-0.1396140913614996
6.7,1.371574722352979,0.6072748809248975,1.0,-0.6072748809248975,1.371574722352979,0.0,-1.371574722352979,-0.6072748809248975,0.0,0.0,0.0,0.9971213323898964,0.03083321830336095,-0.06923711003784723,-0.0021409660581366563,2.322219819827572,0.06242228261562542,-0.1383848369918308
6.72,1.3591557286173677,0.6345830957144952,1.0,-0.6345830957144952,1.3591557286173677,0.0,-1.3591557286173677,-0.6345830957144952,0.0,0.0,0.0,0.997121167132829,0.03221690536316055,-0.0686041964179804,-0.0022165961132578423,2.322219819827572,0.0652101205889231,-0.1370996603819028
6.74,1.3461930907121435,0.6616374857268035,1.0,-0.6616374857268035,1.3461930907121435,0.0,-1.3461930907121435,-0.6616374857268035,0.0,0.0,0.0,0.9971210043755709,0.03358736384707819,-0.06794375429088138,-0.0022886405827278774,2.322219819827572,0.06796956816485822,-0.13575918566143708
6.76,1.3326919935196373,0.6884272295665355,1.0,-0.6884272295665355,1.3326919935196373,0.0,-1.3326919935196373,-0.6884272295665355,0.0,0.0,0.0,0.997120845166044,0.03494404102127907,-0.06725606853242944,-0.002356984942317405,2.322219819827572,0.07069949285116689,-0.1343640606018337
6.78,1.318657837298712,0.7149416116933492,1.0,-0.7149416116933492,1.318657837298712,0.0,-1.318657837298712,-0.7149416116933492,0.0,0.0,0.0,0.9971206905282344,0.036286390930749465,-0.06654143514049352,-0.0024215208364816165,2.322219819827572,0.07339878262321098,-0.13291495593836
6.8,1.3040962355247379,0.7411700267079122,1.0,-0.7411700267079122,1.3040962355247379,0.0,-1.3040962355247379,-0.7411700267079122,0.0,0.0,0.0,0.9971205414555867,0.037613874627803585,-0.06580016103946518,-0.0024821462450414973,2.322219819827572,0.07606634641595739,-0.13141256468075202
6.82,1.2890130126442712,0.7671019835939286,1.0,-0.7671019835939286,1.2890130126442712,0.0,-1.2890130126442712,-0.7671019835939286,0.0,0.0,0.0,0.9971203989046151,0.038925960393029625,-0.06503256388007447,-0.0025387656381655353,2.322219819827572,0.0787011145740118,-0.12985760141416725
6.84,1.2734142017453587,0.7927271099143962,1.0,-0.7927271099143962,1.2734142017453587,0.0,-1.2734142017453587,-0.7927271099143962,0.0,0.0,0.0,0.9971202637887674,0.04022212394858495,-0.0642389718348632,-0.00259129011946235,2.322219819827572,0.08130203925976623,-0.1282508015924282
6.86,1.2573060421443767,0.818035155960453,1.0,-0.818035155960453,1.2573060421443767,0.0,-1.2573060421443767,-0.818035155960453,0.0,0.0,0.0,0.9971201369725875,0.04150184866377653,-0.06341972338968901,-0.002639637557023684,2.322219819827572,0.08386809481988258,-0.1265929208254608
6.88,1.240694976890395,0.8430159988511146,1.0,-0.8430159988511146,1.240694976890395,0.0,-1.240694976890395,-0.8430159988511146,0.0,0.0,0.0,0.99712001926621,0.04276462575287945,-0.06257516713163329,-0.0026837327022854046,2.322219819827572,0.08639827811047604,-0.12488473416282075
6.9,1.2235876501880352,0.8676596465823001,1.0,-0.8676596465823001,1.2235876501880352,0.0,-1.2235876501880352,-0.8676596465823001,0.0,0.0,0.0,0.9971199114202212,0.04400995446517128,-0.06170566153368122,-0.002723507296602471,2.322219819827572,0.088891608781514,-0.1231270353751488
6.92,1.2059909047398856,0.891956242023493,1.0,-0.891956242023493,1.2059909047398856,0.0,-1.2059909047398856,-0.891956242023493,0.0,0.0,0.0,0.9971198141209217,0.04523734226717748,-0.06081157473654103,-0.0027589001654612986,2.322219819827572,0.0913471295210786,-0.12132063623536604
6.94,1.1879117790095037,0.9158960668604686,1.0,-0.9158960668604686,1.1879117790095037,0.0,-1.1879117790095037,-0.9158960668604686,0.0,0.0,0.0,0.9971197279860169,0.04644630501714562,-0.05989328432796078,-0.0027898573002800965,2.322219819827572,0.09376390626027711,-0.11946636580136749
6.96,1.1693575044061313,0.9394695454824837,1.0,-0.9394695454824837,1.1693575044061313,0.0,-1.1693575044061313,-0.9394695454824837,0.0,0.0,0.0,0.9971196535607634,0.04763636713178324,-0.05895117711989845,-0.0028163319277741358,2.322219819827572,0.096141028339705,-0.1175650697019146
6.98,1.150335502392221,0.9626672488124006,1.0,-0.9626672488124006,1.150335502392221,0.0,-1.150335502392221,-0.9626672488124006,0.0,0.0,0.0,0.9971195913145933,0.04880706174531565,-0.05798564892388998,-0.0028382845668886163,2.322219819827572,0.09847760863848752,-0.11561760942737376
7.0,1.1308533815149568,0.9854798980781836,1.0,-0.9854798980781836,1.1308533815149568,0.0,-1.1308533815149568,-0.9854798980781836,0.0,0.0,0.0,0.9971195416382376,0.04995793086093484,-0.056997104324954376,-0.0028556830733266684,2.322219819827572,0.10077278366702952,-0.1136248616268769
7.0200000000000005,1.11091893436293,1.0078983685242933,1.0,-1.0078983685242933,1.11091893436293,0.0,-1.11091893436293,-1.0078983685242933,0.0,0.0,0.0,0.9971195048413638,0.05108852549473163,-0.055985956454363044,-0.0028685026717240976,2.322219819827572,0.10302571362471058,-0.11158771741341322
7.04,1.0905401344492138,1.0299136930614576,1.0,-1.0299136930614576,1.0905401344492138,0.0,-1.0905401344492138,-1.0299136930614576,0.0,0.0,0.0,0.9971194811507426,0.05219840581221612,-0.0549526267615924,-0.002876725975545555,2.322219819827572,0.10523558242384845,-0.1095070816782806
7.0600000000000005,1.0697251330220583,1.051517065853398,1.0,-1.051517065853398,1.0697251330220583,0.0,-1.0697251330220583,-1.051517065853398,0.0,0.0,0.0,0.99711947070895,0.05328714125755041,-0.05389754478576502,-0.0028803429947989994,2.322219819827572,0.10740159768134461,-0.10738387241626146
7.08,1.0484822558045064,1.0726998458390367,1.0,-1.0726998458390367,1.0484822558045064,0.0,-1.0484822558045064,-1.0726998458390367,0.0,0.0,0.0,0.9971194735736159,0.05435431067562925,-0.0528211479268754,-0.002879351131686417,2.322219819827572,0.10952299067949466,-0.1052190200627885
7.1000000000000005,1.026819999664209,1.0934535601888147,1.0,-1.0934535601888147,1.026819999664209,0.0,-1.026819999664209,-1.0934535601888147,0.0,0.0,0.0,0.9971194897172152,0.055399502427161094,-0.051723881217080464,-0.0028737551643288964,2.322219819827572,0.11159901629752063,-0.10301346684429546
7.12,1.0047470292147973,1.1137699076937029,1.0,-1.1137699076937029,1.0047470292147973,0.0,-1.0047470292147973,-1.1137699076937029,0.0,0.0,0.0,0.9971195190274074,0.05642231449691202,-0.05060619709232488,-0.002863567218723141,2.322219819827572,0.11362895291543419,-0.100768166142855
7.140000000000001,0.9822721733501474,1.1336407620855815,1.0,-1.1336407620855815,0.9822721733501474,0.0,-0.9822721733501474,-1.1336407620855815,0.0,0.0,0.0,0.9971195613079129,0.05742235459528929,-0.04946855516455415,-0.0028488067291044484,2.322219819827572,0.11561210229189567,-0.09848408187612478
7.16,0.959404421712946,1.1530581752876339,1.0,-1.1530581752876339,0.959404421712946,0.0,-0.959404421712946,-1.1530581752876339,0.0,0.0,0.0,0.9971196162799251,0.0583992402534503,-0.04831142199475679,-0.00282950038690802,2.322219819827572,0.11754778941777139,-0.09616218789351816
7.18,0.9361529210989481,1.172014380593475,1.0,-1.172014380593475,0.9361529210989481,0.0,-0.9361529210989481,-1.172014380593475,0.0,0.0,0.0,0.9971196835840411,0.05935259891213381,-0.04713527086705933,-0.0028056820785361267,2.322219819827572,0.11943536234712943,-0.09380346738944789
7.2,0.9125269717983818,1.1905017957737296,1.0,-1.1905017957737296,0.9125269717983818,0.0,-0.9125269717983818,-1.1905017957737296,0.0,0.0,0.0,0.9971197627827016,0.06028206800441833,-0.04594058156408516,-0.00277739281215333,2.322219819827572,0.12127419200743703,-0.09140891233438242
7.22,0.8885360238759613,1.20851302610882,1.0,-1.20851302610882,0.8885360238759613,0.0,-0.8885360238759613,-1.20851302610882,0.0,0.0,0.0,0.9971198533631165,0.06118729503262036,-0.0447278401437712,-0.00274468063374541,2.322219819827572,0.12306367199074324,-0.08897952292437039
7.24,0.8641896733909785,1.2260408673467593,1.0,-1.2260408673467593,0.8641896733909785,0.0,-0.8641896733909785,-1.2260408673467593,0.0,0.0,0.0,0.9971199547406618,0.06206793763955294,-0.04349753871781995,-0.0027076005326900437,2.322219819827572,0.1248032183276411,-0.08651630704959778
7.26,0.8394976585590157,1.243078308584753,1.0,-1.243078308584753,0.8394976585590157,0.0,-0.8394976585590157,-1.243078308584753,0.0,0.0,0.0,0.9971200662627209,0.06292366367436876,-0.042250175231951445,-0.002666214337098686,2.322219819827572,0.12649226924580634,-0.08402027978245341
7.28,0.814469855856781,1.2596185350734699,1.0,-1.2596185350734699,0.814469855856781,0.0,-0.814469855856781,-1.2596185350734699,0.0,0.0,0.0,0.9971201872129436,0.063754151253219,-0.040986253248099576,-0.0026205905991992925,2.322219819827572,0.12813028491491013,-0.08149246288548961
7.3,0.7891162760716579,1.2756549309428467,1.0,-1.2756549309428467,0.7891162760716579,0.0,-0.7891162760716579,-1.2756549309428467,0.0,0.0,0.0,0.9971203168158975,0.06455908881496043,-0.039706281728685296,-0.0025708044710389005,2.322219819827572,0.12971674717968945,-0.07893388433957016
7.32,0.7634470602975152,1.2911810818483525,1.0,-1.2911810818483525,0.7634470602975152,0.0,-0.7634470602975152,-1.2911810818483525,0.0,0.0,0.0,0.9971204542420786,0.06533817517214854,-0.038410774823079384,-0.0025169375707932446,2.322219819827572,0.13125115928294945,-0.0763455778924238
7.34,0.7374724758784131,1.3061907775366368,1.0,-1.3061907775366368,0.7374724758784131,0.0,-0.7374724758784131,-1.3061907775366368,0.0,0.0,0.0,0.9971205986132476,0.0660911195575533,-0.037100251656355034,-0.0024590778399780403,2.322219819827572,0.13273304558024557,-0.07372858262772497
7.36,0.7112029123017937,1.3206780143295516,1.0,-1.3206780143295516,0.7112029123017937,0.0,-0.7112029123017937,-1.3206780143295516,0.0,0.0,0.0,0.9971207490080616,0.06681764166643789,-0.03577523612041129,-0.002397319391862862,2.322219819827572,0.13416195124797223,-0.07108394255474959
7.38,0.6846488770428338,1.3346369975255394,1.0,-1.3346369975255394,0.6846488770428338,0.0,-0.6846488770428338,-1.3346369975255394,0.0,0.0,0.0,0.9971209044679591,0.06751747169483802,-0.03443625666753614,-0.002331762351394228,2.322219819827572,0.1355374419865496,-0.0684127062185671
7.4,0.6578209913615856,1.3480621437174403,1.0,-1.3480621437174403,0.6578209913615856,0.0,-0.6578209913615856,-1.3480621437174403,0.0,0.0,0.0,0.9971210640032662,0.0681903503740801,-0.03308384610645913,-0.00226251268693909,2.322219819827572,0.13685910372036764,-0.06571592633065859
7.42,0.6307299860546234,1.360948083025776,1.0,-1.360948083025776,0.6307299860546234,0.0,-0.6307299860546234,-1.360948083025776,0.0,0.0,0.0,0.997121226599481,0.06883602900177382,-0.03171854140093188,-0.0021896820341640562,2.322219819827572,0.13812654229610483,-0.06299465941976878
7.44,0.6033866971628592,1.3732896612466343,1.0,-1.3732896612466343,0.6033866971628592,0.0,-0.6033866971628592,-1.3732896612466343,0.0,0.0,0.0,0.9971213912236999,0.06945426946951208,-0.030340883470856263,-0.0021133875123687438,2.322219819827572,0.1393393831809956,-0.0602499655027291
7.46,0.5758020616372799,1.3850819419132785,1.0,-1.3850819419132785,0.5758020616372799,0.0,-0.5758020616372799,-1.3850819419132785,0.0,0.0,0.0,0.9971215568311438,0.07004484428750744,-0.028951416995969592,-0.002033751533594412,2.322219819827572,0.14049727116257407,-0.057482907774926595
7.48,0.5479871129643028,1.3963202082706705,1.0,-1.3963202082706705,0.5479871129643028,0.0,-0.5479871129643028,-1.3963202082706705,0.0,0.0,0.0,0.9971217223717436,0.0706075366063906,-0.027550690222077748,-0.0019509016048307958,2.322219819827572,0.14159987005137012,-0.054694552320011525
7.5,0.5199529767525387,1.4069999651621083,1.0,-1.4069999651621083,0.5199529767525387,0.0,-0.5199529767525387,-1.4069999651621083,0.0,0.0,0.0,0.9971218867967456,0.07114214023639027,-0.026139254769818106,-0.0018649701236456723,2.322219819827572,0.14264686238798147,-0.051885967838383174
7.5200000000000005,0.4917108662826863,1.4171169408272313,1.0,-1.4171169408272313,0.4917108662826863,0.0,-0.4917108662826863,-1.4171169408272313,0.0,0.0,0.0,0.9971220490652948,0.07164845966410885,-0.02471766544591635,-0.0017760941675623349,2.322219819827572,0.14363794915588873,-0.04905822539393734
7.54,0.46327207802237946,1.4266670886106634,1.0,-1.4266670886106634,0.46327207802237946,0.0,-0.46327207802237946,-1.4266670886106634,0.0,0.0,0.0,0.9971222081509553,0.07212631006710105,-0.02328648005689302,-0.001684415277510858,2.322219819827572,0.1445728495013221,-0.046212398178483216
7.5600000000000005,0.4346479871077411,1.435646588580626,1.0,-1.435646588580626,0.4346479871077411,0.0,-0.4346479871077411,-1.435646588580626,0.0,0.0,0.0,0.997122363048131,0.07257551732645674,-0.02184625922515928,-0.0015900792356788019,2.322219819827572,0.14545130046142987,-0.043349561293195116
7.58,0.4058500427934902,1.444051849056855,1.0,-1.444051849056855,0.4058500427934902,0.0,-0.4058500427934902,-1.444051849056855,0.0,0.0,0.0,0.9971225127783427,0.07299591803757959,-0.020397566207433666,-0.0014932358380869472,2.322219819827572,0.14627305670193325,-0.04047079154641908
7.6000000000000005,0.3768897638733823,1.4518795080472298,1.0,-1.4518795080472298,0.3768897638733823,0.0,-0.3768897638733823,-1.4518795080472298,0.0,0.0,0.0,0.9971226563963295,0.07338735951934713,-0.018940966715396766,-0.0013940386622148032,2.322219819827572,0.14703789026539316,-0.03757716726708482
7.62,0.3477787340728562,1.4591264345925206,1.0,-1.4591264345925206,0.3477787340728562,0.0,-0.3477787340728562,-1.4591264345925206,0.0,0.0,0.0,0.9971227929959318,0.07374969982182661,-0.017477028738494074,-0.001292644830000023,2.322219819827572,0.1477455903311444,-0.03466976813295064
7.640000000000001,0.3185285974156876,1.4657897300187346,1.0,-1.4657897300187346,0.3185285974156876,0.0,-0.3185285974156876,-1.4657897300187346,0.0,0.0,0.0,0.9971229217157247,0.07408280773271396,-0.01600632236878339,-0.0011892147665345544,2.322219819827572,0.1483959629878922,-0.03174967501284631
7.66,0.28915105356654547,1.471866729096543,1.0,-1.471866729096543,0.28915105356654547,0.0,-0.28915105356654547,-1.471866729096543,0.0,0.0,0.0,0.997123041744367,0.07438656278265154,-0.01452941962771804,-0.0010839119547794195,2.322219819827572,0.1489888310198931,-0.028817969822060974
7.68,0.2596578531512726,1.4773550011073413,1.0,-1.4773550011073413,0.2596578531512726,0.0,-0.2596578531512726,-1.4773550011073413,0.0,0.0,0.0,0.9971231523256319,0.07466085524957136,-0.013046894294744316,-0.0009769026866184459,2.322219819827572,0.1495240337075799,-0.02587573538996346
7.7,0.23006079305679653,1.4822523508155006,1.0,-1.4822523508155006,0.23006079305679653,0.0,-0.23006079305679653,-1.4822523508155006,0.0,0.0,0.0,0.9971232527630927,0.07490558616219899,-0.011559321737587317,-0.0008683558105701366,2.322219819827572,0.15000142664341692,-0.02292405533892916
7.72,0.20037171171253534,1.4865568193464347,1.0,-1.4865568193464347,0.20037171171253534,0.0,-0.20037171171253534,-1.4865568193464347,0.0,0.0,0.0,0.9971233424244336,0.07512066730284335,-0.010067278744089681,-0.0007584424764753316,2.322219819827572,0.15042088156370648,-0.0199640139736057
7.74,0.17060248435517505,1.4902666849701238,1.0,-1.4902666849701238,0.17060248435517505,0.0,-0.17060248435517505,-1.4902666849701238,0.0,0.0,0.0,0.997123420745359,0.07530602120958506,-0.00857134335546094,-0.0006473358774769125,2.322219819827572,0.1507822861969958,-0.016996696179525594
7.76,0.1407650182787435,1.4933804637897823,1.0,-1.4933804637897823,0.1407650182787435,0.0,-0.1407650182787435,-1.4933804637897823,0.0,0.0,0.0,0.9971234872330813,0.07546158117796575,-0.007072094700791595,-0.000535210989606645,2.322219819827572,0.1510855441296637,-0.014023187330050924
7.78,0.11087124807184096,1.4958969103353987,1.0,-1.4958969103353987,0.11087124807184096,0.0,-0.11087124807184096,-1.4958969103353987,0.0,0.0,0.0,0.9971235414693647,0.07558729126226792,-0.005570112832676979,-0.0004222443092927283,2.322219819827572,0.15133057468919736,-0.011044573200609253
7.8,0.08093313084397463,1.4978150180619074,1.0,-1.4978150180619074,0.08093313084397463,0.0,-0.08093313084397463,-1.4978150180619074,0.0,0.0,0.0,0.9971235831131049,0.07568310627646328,-0.004065978563795352,-0.0003086135891007598,2.322219819827572,0.15151731284559822,-0.008061939889172587
7.82,0.0509626414428634,1.499134019751792,1.0,-1.499134019751792,0.0509626414428634,0.0,-0.0509626414428634,-1.499134019751792,0.0,0.0,0.0,0.9971236119024356,0.07574899179489511,-0.0025602733042766348,-0.00019449757201950188,2.322219819827572,0.15164570913128422,-0.005076373741894846
7.84,0.02097176766466918,1.4998533878219629,1.0,-1.4998533878219629,0.02097176766466918,0.0,-0.02097176766466918,-1.4998533878219629,0.0,0.0,0.0,0.9971236276563415,0.07578492415274812,-0.001053578899698988,-8.007572460226798e-05,2.322219819827572,0.1517157295797884,-0.0020889612828363102
7.86,-0.009027494540972396,1.4999728345347834,1.0,-1.4999728345347834,-0.009027494540972396,0.0,0.009027494540972396,-1.4999728345347834,0.0,0.0,0.0,0.9971236302757766,0.07579089044634618,0.0004535225304562822,3.447203072627534e-05,2.322219819827572,0.1517273556834787,0.000899210853332999
7.88,-0.03902314586916124,1.4994923121131611,1.0,-1.4994923121131611,-0.03902314586916124,0.0,0.03902314586916124,-1.4994923121131611,0.0,0.0,0.0,0.9971236197442719,0.0757668885333058,0.0019604487540587014,0.00014896558388830322,2.322219819827572,0.15168058437045576,0.0038870559867405508
7.9,-0.06900318845930542,1.498412012759658,1.0,-1.498412012759658,-0.06900318845930542,0.0,0.06900318845930542,-1.498412012759658,0.0,0.0,0.0,0.9971235961280394,0.07571292703256138,0.003466617587464137,0.0002632249055870934,2.322219819827572,0.1515754280007146,0.006873487456949157
7.92,-0.0989556306940948,1.4967323685796114,1.0,-1.4967323685796114,-0.0989556306940948,0.0,0.0989556306940948,-1.4967323685796114,0.0,0.0,0.0,0.9971235595755631,0.07562902532426358,0.00497144705670071,0.0003770703156482392,2.322219819827572,0.15141191438158222,0.009857418687925001
7.94,-0.1288684919959987,1.4944540514082985,1.0,-1.4944540514082985,-0.1288684919959987,0.0,0.1288684919959987,-1.4944540514082985,0.0,0.0,0.0,0.9971235103166829,0.0755152135495418,0.0064743555588780265,0.0004903227509589664,2.322219819827572,0.15119008680237705,0.012837763254448964
7.96,-0.1587298076193265,1.4915779725422107,1.0,-1.4915779725422107,-0.1587298076193265,0.0,0.1587298076193265,-1.4915779725422107,0.0,0.0,0.0,0.9971234486611787,0.07537153261010714,0.007974762023987508,0.0006028040326961174,2.322219819827572,0.1509100040881599,0.015813434951075456
7.98,-0.18852763343597712,1.4881052823745469,1.0,-1.4881052823745469,-0.18852763343597712,0.0,0.18852763343597712,-1.4881052823745469,0.0,0.0,0.0,0.9971233749968584,0.0751980341676601,0.00947208607726419,0.0007143371325332477,2.322219819827572,0.15057174067237938,0.018783347864735678
8.0,-0.2182500507129203,1.4840373699350726,1.0,-1.4840373699350726,-0.2182500507129203,0.0,0.2182500507129203,-1.4840373699350726,0.0,0.0,0.0,0.9971232897871648,0.07499478064305547,0.010965748202273825,0.000824746437516308,2.322219819827572,0.15017538668814145,0.02174641645207598
8.02,-0.24788517087954018,1.4793758623345257,1.0,-1.4793758623345257,-0.24788517087954018,0.0,0.24788517087954018,-1.4793758623345257,0.0,0.0,0.0,0.997123193568315,0.07476184521516302,0.012455169904890342,0.0009338580132969015,2.322219819827572,0.14972104807776337,0.024701555622609783
8.040000000000001,-0.27742114028290243,1.4741226241137928,1.0,-1.4741226241137928,-0.27742114028290243,0.0,0.27742114028290243,-1.4741226241137928,0.0,0.0,0.0,0.9971230869459871,0.0744993118193514,0.013939773878321255,0.0010414998654108582,2.322219819827572,0.14920884672020024,0.027647680828742915
8.06,-0.3068461449290481,1.468279756498121,1.0,-1.468279756498121,-0.3068461449290481,0.0,0.3068461449290481,-1.468279756498121,0.0,0.0,0.0,0.9971229705915762,0.07420727514551008,0.015418984169336222,0.0011475021982889054,2.322219819827572,0.14863892057586342,0.03058370816372058
8.08,-0.3361484152084495,1.4618495965566525,1.0,-1.4618495965566525,-0.3361484152084495,0.0,0.3361484152084495,-1.4618495965566525,0.0,0.0,0.0,0.9971228452380393,0.0738858406355118,0.016892226345850057,0.001251697671685095,2.322219819827572,0.14801142384827856,0.033508554468520746
8.1,-0.3653162306036867,1.4548347162676294,1.0,-1.4548347162676294,-0.3653162306036867,0.0,0.3653162306036867,-1.4548347162676294,0.0,0.0,0.0,0.9971227116753577,0.07353512448000747,0.018358927666001744,0.0013539216542070216,2.322219819827572,0.14732652716196093,0.036421137448692686
8.120000000000001,-0.3943379243775031,1.4472379214896363,1.0,-1.4472379214896363,-0.3943379243775031,0.0,0.3943379243775031,-1.4472379214896363,0.0,0.0,0.0,0.9971225707456385,0.07315525361443263,0.019818517248869055,0.001454012473630855,2.322219819827572,0.14658441775581738,0.03932037580212189
8.14,-0.4232018882393348,1.4390622508392963,1.0,-1.4390622508392963,-0.4232018882393348,0.0,0.4232018882393348,-1.4390622508392963,0.0,0.0,0.0,0.9971224233378893,0.07274636571409482,0.021270426246947825,0.0015518116636825522,2.322219819827572,0.145785299691313,0.04220518935866102
8.16,-0.4518965769884874,1.4303109744758613,1.0,-1.4303109744758613,-0.4518965769884874,0.0,0.4518965769884874,-1.4303109744758613,0.0,0.0,0.0,0.9971222703824941,0.07230860918819913,0.022714088020520697,0.001647164206965467,2.322219819827572,0.14492939407457298,0.04507449923254758
8.18,-0.48041051313205196,1.420987592793195,1.0,-1.420987592793195,-0.48041051313205196,0.0,0.48041051313205196,-1.420987592793195,0.0,0.0,0.0,0.9971221128454254,0.07184214317266012,0.02414893831402703,0.0017399187737129388,2.322219819827572,0.14401693929152182,0.04792722798848614
8.2,-0.5087322914757517,1.4110958350196596,1.0,-1.4110958350196596,-0.5087322914757517,0.0,0.5087322914757517,-1.4110958350196596,0.0,0.0,0.0,0.9971219517222255,0.07134713752153739,0.025574415434541416,0.0018299279560434973,2.322219819827572,0.1430481912550941,0.05076229982223057
8.22,-0.5368505836858706,1.400639657726476,1.0,-1.400639657726476,-0.5368505836858706,0.0,0.5368505836858706,-1.400639657726476,0.0,0.0,0.0,0.9971217880317945,0.07082377279692284,0.02698996043245579,0.001917048497395019,2.322219819827572,0.14202342366348522,0.053578640756477114
8.24,-0.564754142820425,1.3896232432451492,1.0,-1.3896232432451492,-0.564754142820425,0.0,0.564754142820425,-1.3896232432451492,0.0,0.0,0.0,0.9971216228100231,0.07027224025709922,0.028395017284449823,0.002001141516813254,2.322219819827572,0.14094292826834498,0.0563751788528124
8.26,-0.5924318078278059,1.378050997994587,1.0,-1.378050997994587,-0.5924318078278059,0.0,0.5924318078278059,-1.378050997994587,0.0,0.0,0.0,0.9971214571033062,0.06969274184277922,0.02978903307882631,0.0020820727277695737,2.322219819827572,0.13980701515175073,0.05915084444043539
8.28,-0.6198725080110413,1.3659275507185957,1.0,-1.3659275507185957,-0.6198725080110413,0.0,0.6198725080110413,-1.3659275507185957,0.0,0.0,0.0,0.9971212919619803,0.0690854901612295,0.03117145820327213,0.002159712651182104,2.322219819827572,0.1386160130107389,0.061904570362303346
8.3,-0.6470652674559312,1.3532577506344399,1.0,-1.3532577506344399,-0.6470652674559312,0.0,0.6470652674559312,-1.3532577506344399,0.0,0.0,0.0,0.9971211284337216,0.06845070846807301,0.032541746535097865,0.002233936822314533,2.322219819827572,0.13737026944810624,0.0646352922393072
8.32,-0.6739992094212582,1.340046665493228,1.0,-1.340046665493228,-0.6739992094212582,0.0,0.6739992094212582,-1.340046665493228,0.0,0.0,0.0,0.9971209675569483,0.06778863064655972,0.03389935563399375,0.0023046259912270183,2.322219819827572,0.13607015126813987,0.06734194875302846
8.34,-0.700663560689353,1.326299579552869,1.0,-1.326299579552869,-0.700663560689353,0.0,0.700663560689353,-1.326299579552869,0.0,0.0,0.0,0.9971208103542657,0.06709950118408618,0.03524374693732907,0.0023716663164544184,2.322219819827572,0.13471604477587062,0.07002348194755847
8.36,-0.7270476558752283,1.312021991464448,1.0,-1.312021991464448,-0.7270476558752283,0.0,0.7270476558752283,-1.312021991464448,0.0,0.0,0.0,0.9971206578259953,0.06638357514574317,0.03657438595800549,0.002434949551588133,2.322219819827572,0.13330835607839928,0.07267883755081095
8.38,-0.7531409416925954,1.2972196120728328,1.0,-1.2972196120728328,-0.7531409416925954,0.0,0.7531409416925954,-1.2972196120728328,0.0,0.0,0.0,0.9971205109438285,0.06564111814466131,0.0378907424848642,0.0024943732244396906,2.322219819827572,0.13184751138678322,0.0753069653156806
8.4,-0.7789329811750283,1.2818983621324207,1.0,-1.2818983621324207,-0.7789329811750283,0.0,0.7789329811750283,-1.2818983621324207,0.0,0.0,0.0,0.9971203706446458,0.06487240630892549,0.0391922907856298,0.0025498408084664737,2.322219819827572,0.1303339573169323,0.07790681938134414
8.42,-0.8044134578506261,1.266064369938906,1.0,-1.266064369938906,-0.8044134578506261,0.0,0.8044134578506261,-1.266064369938906,0.0,0.0,0.0,0.9971202378245384,0.06407772624482068,0.04047850981236211,0.002601261886143012,2.322219819827572,0.1287681611879083,0.08047735865491612
8.44,-0.8295721798684531,1.2497239688780488,1.0,-1.2497239688780488,-0.8295721798684531,0.0,0.8295721798684531,-1.2497239688780488,0.0,0.0,0.0,0.9971201133330716,0.06325737499617483,0.04174888340936788,0.002648552303964817,2.322219819827572,0.12715061131599015,0.08301754721360788
8.46,-0.8543990840751501,1.2328836948924033,1.0,-1.2328836948924033,-0.8543990840751501,0.0,0.8543990840751501,-1.2328836948924033,0.0,0.0,0.0,0.9971199979678265,0.062411659999558285,0.043002900523513715,0.0026916343187763083,2.322219819827572,0.1254818173028213,0.08552635472745562
8.48,-0.8788842400400505,1.2155502838670322,1.0,-1.2155502838670322,-0.8788842400400505,0.0,0.8788842400400505,-1.2155502838670322,0.0,0.0,0.0,0.9971198924692555,0.06154089903510245,0.0442400554168618,0.002730436735119468,2.322219819827572,0.1237623103159293,0.08800275690260362
8.5,-0.9030178540272354,1.1977306689352354,1.0,-1.1977306689352354,-0.9030178540272354,0.0,0.9030178540272354,-1.1977306689352354,0.0,0.0,0.0,0.9971197975158848,0.06064542017269767,0.04545984788153863,0.0027648950333060765,2.322219819827572,0.12199264335987459,0.09044573594505279
8.52,-0.926790272912887,1.1794319777053939,1.0,-1.1794319777053939,-0.926790272912887,0.0,0.926790272912887,-1.1794319777053939,0.0,0.0,0.0,0.9971197137198945,0.05972556171333429,0.046661783456725864,0.0027949514879231467,2.322219819827572,0.12017339153626666,0.09285428104469262
8.540000000000001,-0.9501919880464142,1.1606615294100184,1.0,-1.1606615294100184,-0.9501919880464142,0.0,0.9501919880464142,-1.1606615294100184,0.0,0.0,0.0,0.9971196416231086,0.058781672125351486,0.04784537364765119,0.0028205552764892857,2.322219819827572,0.11830515229086531,0.09522738887935644
8.56,-0.9732136390537782,1.1414268319781615,1.0,-1.1414268319781615,-0.9732136390537782,0.0,0.9732136390537782,-1.1414268319781615,0.0,0.0,0.0,0.9971195816934182,0.057814109975362564,0.04901013614643774,0.0028416625779884093,2.322219819827572,0.11638854564597559,0.09756406413854646
8.58,-0.9958460175815299,1.1217355790323347,1.0,-1.1217355790323347,-0.9958460175815299,0.0,0.9958460175815299,-1.1217355790323347,0.0,0.0,0.0,0.997119534321665,0.05682324385362834,0.05015559505465734,0.0028582366610172493,2.322219819827572,0.11442421441633593,0.09986332006639587
8.6,-1.0180800709800186,1.10159564681117,1.0,-1.10159564681117,-1.0180800709800186,0.0,1.0180800709800186,-1.10159564681117,0.0,0.0,0.0,0.9971194998190062,0.05580945229365833,0.05128128110741338,0.0028702479612938733,2.322219819827572,0.11241282440670705,0.10212417902333071
8.620000000000001,-1.0399069059243375,1.0810150910190253,1.0,-1.0810150910190253,-1.0399069059243375,0.0,1.0399069059243375,-1.0810150910190253,0.0,0.0,0.0,0.9971194784147788,0.054773123685822364,0.05238673189876693,0.0028776741482865495,2.322219819827572,0.11035506458936939,0.10434567306582099
8.64,-1.0613177919715249,1.060002143603817,1.0,-1.060002143603817,-1.0613177919715249,0.0,1.0613177919715249,-1.060002143603817,0.0,0.0,0.0,0.9971194702548802,0.05371465618476553,0.05347149210830112,0.0028805001807352287,2.322219819827572,0.10825164725975953,0.10652684454350347
8.66,-1.0823041650526393,1.0385652094643407,1.0,-1.0385652094643407,-1.0823041650526393,0.0,1.0823041650526393,-1.0385652094643407,0.0,0.0,0.0,0.9971194754006768,0.05263445761042512,0.05453511372860646,0.0028787183508522034,2.322219819827572,0.10610330816849281,0.10866674671288501
8.68,-1.102857630898262,1.0167128630884301,1.0,-1.0167128630884301,-1.102857630898262,0.0,1.102857630898262,-1.0167128630884301,0.0,0.0,0.0,0.9971194938284498,0.05153294534246042,0.055577156293450884,0.002872328317003632,2.322219819827572,0.10391080662805599,0.11076444436672439
8.700000000000001,-1.1229699683960999,0.994453845123273,1.0,-0.994453845123273,-1.1229699683960999,0.0,1.1229699683960999,-0.994453845123273,0.0,0.0,0.0,0.9971195254293856,0.05041054620791427,0.05659718710638735,0.002861337124690134,2.322219819827572,0.10167492559248799,0.11281901447812115
8.72,-1.1426331328793107,0.9717970588792764,1.0,-0.9717970588792764,-1.1426331328793107,0.0,1.1426331328793107,-0.9717970588792764,0.0,0.0,0.0,0.9971195700101122,0.049267696361938576,0.057594781469535096,0.002845759215662054,2.322219819827572,0.09939647170841702,0.11482954685823721
8.74,-1.161839259344275,0.9487515667688494,1.0,-0.9487515667688494,-1.161839259344275,0.0,1.161839259344275,-0.9487515667688494,0.0,0.0,0.0,0.997119627293778,0.04810484116142584,0.058569522912259316,0.002825616425023616,2.322219819827572,0.09707627533587346,0.11679514482649545
8.76,-1.1805806655964854,0.9253265866815672,1.0,-0.9253265866815672,-1.1805806655964854,0.0,1.1805806655964854,-0.9253265866815672,0.0,0.0,0.0,0.9971196969216755,0.04692243503140638,0.059521003419457964,0.002800937966199875,2.322219819827572,0.09471519053736818,0.11871492589201749
8.78,-1.1988498553233227,0.9015314882971355,1.0,-0.9015314882971355,-1.1988498553233227,0.0,1.1988498553233227,-0.9015314882971355,0.0,0.0,0.0,0.9971197784553915,0.04572094132408087,0.060448823659155125,0.00277176040366106,2.322219819827572,0.0923140950337922,0.12058802244497091
8.8,-1.216639521092484,0.8773757893376426,1.0,-0.8773757893376426,-1.216639521092484,0.0,1.216639521092484,-0.8773757893376426,0.0,0.0,0.0,0.9971198713794833,0.04450083217037592,0.061352593209087064,0.00273812761332068,2.322219819827572,0.08987389012577694,0.12241358245642697
8.82,-1.2339425472748506,0.8528691517606044,1.0,-0.8528691517606044,-1.2339425472748506,0.0,1.2339425472748506,-0.8528691517606044,0.0,0.0,0.0,0.9971199751046567,0.04326258832392602,0.06223193078195613,0.002700090730546487,2.322219819827572,0.08739550057924514,0.12419077018525226
8.84,-1.2507520128906553,0.8280213778942993,1.0,-0.8280213778942993,-1.2507520128906553,0.0,1.2507520128906553,-0.8280213778942993,0.0,0.0,0.0,0.9971200889714315,0.042006698997400574,0.06308646444902,0.002657708085747055,2.322219819827572,0.08487987447397535,0.12591876689047976
8.86,-1.267061194377775,0.8028424065169744,1.0,-0.8028424065169744,-1.267061194377775,0.0,1.267061194377775,-0.8028424065169744,0.0,0.0,0.0,0.9971202122542729,0.04073366169111585,0.063915831861671,0.002611045127521327,2.322219819827572,0.08232798301411623,0.1275967715475408
8.88,-1.2828635682810687,0.7773423088814628,1.0,-0.7773423088814628,-1.2828635682810687,0.0,1.2828635682810687,-0.7773423088814628,0.0,0.0,0.0,0.9971203441661628,0.039443982013886554,0.06471968047065646,0.002560174333383828,2.322219819827572,0.07974082029969254,0.12922400156668257
8.9,-1.2981528138616685,0.751531284686827,1.0,-0.751531284686827,-1.2981528138616685,0.0,1.2981528138616685,-0.751531284686827,0.0,0.0,0.0,0.997120483863581,0.038138173496094024,0.0654976677425808,0.002505175108104409,2.322219819827572,0.07711940305827392,0.13079969351182852
8.92,-1.3129228156251966,0.7254196579986,1.0,-0.7254196579986,-1.3129228156251966,0.0,1.3129228156251966,-0.7254196579986,0.0,0.0,0.0,0.9971206304518697,0.036816757394964546,0.0662494613733274,0.0024461336697281415,2.322219819827572,0.07446477033609775,0.13232310381809897
8.94,-1.327167665767879,0.6990178731193066,1.0,-0.6990178731193066,-1.327167665767879,0.0,1.327167665767879,-0.6990178731193066,0.0,0.0,0.0,0.997120782990943,0.03548026249207588,0.0669747394980307,0.0023831429233685075,2.322219819827572,0.07177798314808362,0.1337935095061511
8.96,-1.3408816665395886,0.6723364904108773,1.0,-0.6723364904108773,-1.3408816665395886,0.0,1.3408816665395886,-0.6723364904108773,0.0,0.0,0.0,0.9971209405013081,0.03412922488312661,0.0676731908972279,0.0023163023228948204,2.322219819827572,0.06906012408630842,0.1352102088914766
8.98,-1.3540593325228647,0.645386182070653,1.0,-0.645386182070653,-1.3540593325228647,0.0,1.3540593325228647,-0.645386182070653,0.0,0.0,0.0,0.9971211019703591,0.03276418776002773,0.068344515198817,0.002245717720663256,2.322219819827572,0.06631229688666775,0.13657252228674732
9.0,-1.3666953928270154,0.6181777278626349,1.0,-0.6181777278626349,-1.3666953928270154,0.0,1.3666953928270154,-0.6181777278626349,0.0,0.0,0.0,0.9971212663589013,0.031385701185393425,0.06898842307544703,0.0021715012054693526,2.322219819827572,0.06353562595359363,0.13787979269528883
9.02,-1.3787847931963977,0.5907220108057314,1.0,-0.5907220108057314,-1.3787847931963977,0.0,1.3787847931963977,-0.5907220108057314,0.0,0.0,0.0,0.9971214326078652,0.029994321859534826,0.06960463643696668,0.0020937709289288982,2.322219819827572,0.06073125584286612,0.13913138649374002
9.040000000000001,-1.3903226980320547,0.5630300128206916,1.0,-0.5630300128206916,-1.3903226980320547,0.0,1.3903226980320547,-0.5630300128206916,0.0,0.0,0.0,0.9971215996451668,0.028590612880077346,0.07019288861756035,0.0020126509205228437,2.322219819827572,0.05790035070270817,0.14032669410195076
9.06,-1.4013044923258864,0.5351128103374929,1.0,-0.5351128103374929,-1.4013044923258864,0.0,1.4013044923258864,-0.5351128103374929,0.0,0.0,0.0,0.9971217663926674,0.027175143494347756,0.07075292455720321,0.0019282708915709188,2.322219819827572,0.05504409367352424,0.14146513063816823
9.08,-1.4117257835065986,0.5069815698649014,1.0,-0.5069815698649014,-1.4117257835065986,0.0,1.4117257835065986,-0.5069815698649014,0.0,0.0,0.0,0.9971219317731873,0.025748488844695556,0.0712845009770726,0.001840766028427256,2.322219819827572,0.052163686246802794,0.14254613655758575
9.1,-1.421582403196668,0.47864754352402816,1.0,-0.47864754352402816,-1.421582403196668,0.0,1.421582403196668,-0.47864754352402816,0.0,0.0,0.0,0.9971220947175298,0.02431122970693927,0.07178738654855818,0.0017502767752200308,2.322219819827572,0.04926034758387875,0.14356917827232007
9.120000000000001,-1.4308704088796385,0.4501220645476249,1.0,-0.4501220645476249,-1.4308704088796385,0.0,1.4308704088796385,-0.4501220645476249,0.0,0.0,0.0,0.997122254171463,0.0228639522221449,0.07226136205552144,0.001656948606484969,2.322219819827572,0.046335313795410775,0.14453374875094105
9.14,-1.4395860854770741,0.42141654274695267,1.0,-0.42141654274695267,-1.4395860854770741,0.0,1.4395860854770741,-0.42141654274695267,0.0,0.0,0.0,0.9971224091026192,0.02140724762196887,0.07270622054946459,0.0015609317900704088,2.322219819827572,0.043389837182602656,0.1454393680956907
9.16,-1.4477259468345443,0.39254245994799386,1.0,-0.39254245994799386,-1.4477259468345443,0.0,1.4477259468345443,-0.39254245994799386,0.0,0.0,0.0,0.9971225585072597,0.01994171194781415,0.07312176749727872,0.001462381140718275,2.322219819827572,0.040425185441355205,0.14628558409558723
9.18,-1.4552867371160358,0.3635113653988857,1.0,-0.3635113653988857,-1.4552867371160358,0.0,1.4552867371160358,-0.3635113653988857,0.0,0.0,0.0,0.9971227014168642,0.01846794576407334,0.07350782092125249,0.001361455764751829,2.322219819827572,0.03744264083070806,0.14707197275365447
9.200000000000001,-1.462265432106246,0.33433487115036886,1.0,-0.33433487115036886,-1.462265432106246,0.0,1.462265432106246,-0.33433487115036886,0.0,0.0,0.0,0.9971228369044964,0.016986553865746774,0.07386421153103688,0.0012583187963260396,2.322219819827572,0.03444349930707896,0.1477981387865912
9.22,-1.4686592404202254,0.30502464741113333,1.0,-0.30502464741113333,-1.4686592404202254,0.0,1.4686592404202254,-0.30502464741113333,0.0,0.0,0.0,0.9971229640909056,0.015498144980746389,0.07419078284727451,0.0011531371257209417,2.322219819827572,0.03142906962597057,0.14846371609525377
9.24,-1.474465604619899,0.2755924178798745,1.0,-0.2755924178798745,-1.474465604619899,0.0,1.474465604619899,-0.2755924178798745,0.0,0.0,0.0,0.9971230821503203,0.014003331467209565,0.07448739131661906,0.0010460811201812264,2.322219819827572,0.028400672412954867,0.1490683682044136
9.26,-1.479682202237004,0.24604995505598026,1.0,-0.24604995505598026,-1.479682202237004,0.0,1.479682202237004,-0.24604995505598026,0.0,0.0,0.0,0.9971231903158957,0.012502729006169161,0.07475390641788543,0.0009373243378275603,2.322219819827572,0.02535963920589676,0.14961178867034008
9.28,-1.484306946702047,0.2164090755306859,1.0,-0.2164090755306859,-1.484306946702047,0.0,1.484306946702047,-0.2164090755306859,0.0,0.0,0.0,0.9971232878847789,0.010996956289936818,0.07499021075909108,0.0008270432351853437,2.322219819827572,0.02230731147050296,0.15009370145484113
9.3,-1.4883379881789052,0.18668163526059256,1.0,-0.18668163526059256,-1.4883379881789052,0.0,1.4883379881789052,-0.18668163526059256,0.0,0.0,0.0,0.9971233742227529,0.00948663470657398,0.07519620016516596,0.0007154168688958909,2.322219819827572,0.019245039591412792,0.1505138612645187
9.32,-1.4917737143047334,0.1568795248254529,1.0,-0.1568795248254529,-1.4917737143047334,0.0,1.4917737143047334,-0.1568795248254529,0.0,0.0,0.0,0.9971234487684335,0.007972388020838463,0.07537178375613032,0.0006026265921925466,2.322219819827572,0.01617418184116328,0.15087205385408242
9.34,-1.4946127508348905,0.1270146646720821,1.0,-0.1270146646720821,-1.4946127508348905,0.0,1.4946127508348905,-0.1270146646720821,0.0,0.0,0.0,0.9971235110369844,0.006454842052004019,0.0755168840155588,0.0004888557467399433,2.322219819827572,0.013096103329461366,0.1511680962926969
9.36,-1.496853962192618,0.09709900034634883,1.0,-0.09709900034634883,-1.496853962192618,0.0,1.496853962192618,-0.09709900034634883,0.0,0.0,0.0,0.9971235606233294,0.004934624348965824,0.07563143684917187,0.0003742893504490948,2.322219819827572,0.010012174935299632,0.1514018371924497
9.38,-1.4984964519232555,0.06714449771511041,1.0,-0.06714449771511041,-1.4984964519232555,0.0,1.4984964519232555,-0.06714449771511041,0.0,0.0,0.0,0.9971235972048362,0.0034123638630494295,0.0757153916334178,0.0002591137818930125,2.322219819827572,0.006923772224525377,0.1515731568981582
9.4,-1.4995395630528097,0.03716313818003665,1.0,-0.03716313818003665,-1.4995395630528097,0.0,1.4995395630528097,-0.03716313818003665,0.0,0.0,0.0,0.9971236205434557,0.0018886906189526514,0.07576871125393092,0.00014351646195828423,2.322219819827572,0.0038322743555508527,0.15168196763785846
9.42,-1.4999828783507372,0.007166913885192767,1.0,-0.007166913885192767,-1.4999828783507372,0.0,1.4999828783507372,-0.007166913885192767,0.0,0.0,0.0,0.9971236304873009,0.0003642353842525245,0.07579137213377614,2.768553337631848e-05,2.322219819827572,0.0007390629759425743,0.15172821363346167
9.44,-1.4998262204968293,-0.022832177079647614,1.0,0.022832177079647614,-1.4998262204968293,0.0,1.4998262204968293,0.022832177079647614,0.0,0.0,0.0,0.9971236269716544,-0.0011603706620805384,0.07578336425141247,-8.819046121509856e-05,2.322219819827572,-0.002354478887317847,0.15171187117118867
9.46,-1.499069652152139,-0.05282213547808377,1.0,0.05282213547808377,-1.499069652152139,0.0,1.499069652152139,0.05282213547808377,0.0,0.0,0.0,0.9971236100193969,-0.0026844962617206558,0.07574469114833388,-0.0002039229020250884,2.322219819827572,-0.0054469679410879615,0.15163294863154309
9.48,-1.4977134759339168,-0.08279096572661176,1.0,0.08279096572661176,-1.4977134759339168,0.0,1.4977134759339168,0.08279096572661176,0.0,0.0,0.0,0.9971235797408569,-0.00420751040912996,0.07567536992636867,-0.0003193234150201391,2.322219819827572,-0.008537021739995383,0.15149148647871713
9.5,-1.4957582342945677,-0.11272668069271395,1.0,0.11272668069271395,-1.4957582342945677,0.0,1.4957582342945677,0.11272668069271395,0.0,0.0,0.0,0.9971235363330774,-0.005728782683364593,0.07557543123464439,-0.0004342041943338691,2.322219819827572,-0.011623259798211343,0.1512875572094674
9.52,-1.493204709304678,-0.14261730648954143,1.0,0.14261730648954143,-1.493204709304678,0.0,1.493204709304678,0.14261730648954143,0.0,0.0,0.0,0.99712348007851,-0.007247683579096466,0.07544491924624862,-0.000548378323519412,2.322219819827572,-0.014704304696233558,0.15102126526163517
9.540000000000001,-1.4900539223401972,-0.17245088726531446,1.0,0.17245088726531446,-1.4900539223401972,0.0,1.4900539223401972,0.17245088726531446,0.0,0.0,0.0,0.9971234113431411,-0.008763584836411672,0.07528389162464103,-0.000661660094991713,2.322219819827572,-0.01777878317987943,0.15069274688263734
9.56,-1.4863071336739009,-0.20221548998549324,1.0,0.20221548998549324,-1.4863071336739009,0.0,1.4863071336739009,0.20221548998549324,0.0,0.0,0.0,0.9971233305740669,-0.010275859768947005,0.07509241947989567,-0.0007738653270123585,2.322219819827572,-0.020845327248721016,0.15030216995836665
9.58,-1.4819658419712993,-0.2318992092058484,1.0,0.2318992092058484,-1.4819658419712993,0.0,1.4819658419712993,0.2318992092058484,0.0,0.0,0.0,0.9971232382965305,-0.011783883589935583,0.07487058731487635,-0.000884811677577448,2.322219819827572,-0.023902575231252284,0.1498497338031093
9.6,-1.4770317836911904,-0.2614901718344695,1.0,0.2614901718344695,-1.4770317836911904,0.0,1.4770317836911904,0.2614901718344695,0.0,0.0,0.0,0.997123135110444,-0.013287033735735167,0.0746184929614711,-0.0009943189545782302,2.322219819827572,-0.026949172844133937,0.14933566891119066
9.620000000000001,-1.4715069323910992,-0.2909765418808485,1.0,0.2909765418808485,-1.4715069323910992,0.0,1.4715069323910992,0.2909765418808485,0.0,0.0,0.0,0.9971230216864192,-0.014784690186426348,0.07433624750703434,-0.0011022094216160243,2.322219819827572,-0.029983774232947923,0.1487602366712002
9.64,-1.4653934979378826,-0.32034652519010803,1.0,0.32034652519010803,-1.4653934979378826,0.0,1.4653934979378826,0.32034652519010803,0.0,0.0,0.0,0.9971228987613324,-0.016276235783074227,0.07402397521120743,-0.0012083080988659935,2.322219819827572,-0.033005042991975,0.14812372904377513
9.66,-1.4586939256238107,-0.3495883741605216,1.0,0.3495883741605216,-1.4586939256238107,0.0,1.4586939256238107,0.3495883741605216,0.0,0.0,0.0,0.9971227671334573,-0.017761056541262542,0.07368181341330948,-0.00131244305839964,2.322219819827572,-0.03601165316061694,0.14742646820402872
9.68,-1.451410895188482,-0.3786903924423871,1.0,0.3786903924423871,-1.451410895188482,0.0,1.451410895188482,0.3786903924423871,0.0,0.0,0.0,0.9971226276571945,-0.01923854196051724,0.07330991243051035,-0.0014144457133923327,2.322219819827572,-0.03900229019418601,0.1466688061498309
9.700000000000001,-1.4435473197469646,-0.40764093961641623,1.0,0.40764093961641623,-1.4435473197469646,0.0,1.4435473197469646,0.40764093961641623,0.0,0.0,0.0,0.9971224812374399,-0.02070808532925531,0.07290843544701779,-0.0015141511006608493,2.322219819827572,-0.04197565190691496,0.1458511242772491
9.72,-1.43510634462459,-0.43642843584973623,1.0,0.43642843584973623,-1.43510634462459,0.0,1.43510634462459,0.43642843584973623,0.0,0.0,0.0,0.9971223288236238,-0.02216908402490636,0.0724775583945287,-0.0016113981559955383,2.322219819827572,-0.044930449385163336,0.1449738329245558
9.74,-1.4260913460988618,-0.4650413665276845,1.0,0.4650413665276845,-1.4260913460988618,0.0,1.4260913460988618,0.4650413665276845,0.0,0.0,0.0,0.9971221714034673,-0.02362093980887417,0.07201746982421155,-0.0017060299817732022,2.322219819827572,-0.04786540786894098,0.1440373708863112
9.76,-1.416505930048992,-0.49346828685949073,1.0,0.49346828685949073,-1.416505930048992,0.0,1.416505930048992,0.49346828685949073,0.0,0.0,0.0,0.9971220099964933,-0.025063059116018183,0.07152837077050378,-0.0017978941063590682,2.322219819827572,-0.05077926760000563,0.14304220489909203
9.78,-1.4063539305135961,-0.5216978264560426,1.0,0.5216978264560426,-1.4063539305135961,0.0,1.4063539305135961,0.5216978264560426,0.0,0.0,0.0,0.9971218456473403,-0.02649485333835758,0.0710104746070226,-0.0018868427348302647,2.322219819827572,-0.053670784634951695,0.14198882910053645
9.8,-1.39563940815713,-0.5497186938778926,1.0,0.5497186938778926,-1.39563940815713,0.0,1.39563940815713,0.5497186938778926,0.0,0.0,0.0,0.9971216794189225,-0.027915739102717007,0.07046400689490144,-0.001972732990577871,2.322219819827572,-0.05653873162185935,0.14087776446342337
9.82,-1.384366648645679,-0.577519681151674,1.0,0.577519681151674,-1.384366648645679,0.0,1.384366648645679,0.577519681151674,0.0,0.0,0.0,0.9971215123854796,-0.029325138542052587,0.06988920522387632,-0.0020554271473703727,2.322219819827572,-0.05938189853923319,0.13970955820657482
9.84,-1.3725401609327457,-0.6050896682531544,1.0,0.6050896682531544,-1.3725401609327457,0.0,1.3725401609327457,0.6050896682531544,0.0,0.0,0.0,0.9971213456255691,-0.030722479560219847,0.06928631904645788,-0.0021347928514881135,2.322219819827572,-0.06219909339612921,0.1384847831844156
9.86,-1.3601646754557308,-0.6324176275550882,1.0,0.6324176275550882,-1.3601646754557308,0.0,1.3601646754557308,0.6324176275550882,0.0,0.0,0.0,0.9971211802150406,-0.032107196089961314,0.06865560950553459,-0.0022107033335653542,2.322219819827572,-0.06498914289252636,0.13720403725705643
9.88,-1.3472451422438196,-0.659492628238125,1.0,0.659492628238125,-1.3472451422438196,0.0,1.3472451422438196,0.659492628238125,0.0,0.0,0.0,0.9971210172200445,-0.03347872834391771,0.06799734925576023,-0.002283037609804711,2.322219819827572,-0.06775089303917524,0.13586794264282154
9.9,-1.3337867289380414,-0.686303840662982,1.0,0.686303840662982,-1.3337867289380414,0.0,1.3337867289380414,0.686303840662982,0.0,0.0,0.0,0.9971208576901198,-0.034836523058484184,0.06731182227908689,-0.0023516806722568223,2.322219819827572,-0.07048320973631697,0.13447714525513255
9.92,-1.3197948187242736,-0.7128405407021697,1.0,0.7128405407021697,-1.3197948187242736,0.0,1.3197948187242736,0.7128405407021697,0.0,0.0,0.0,0.9971207026514027,-0.03618003373035854,0.0665993236948079,-0.002416523667886985,2.322219819827572,-0.07318497931083982,0.1330323140257066
9.94,-1.305275008180046,-0.7390921140294904,1.0,0.7390921140294904,-1.305275008180046,0.0,1.305275008180046,0.7390921140294904,0.0,0.0,0.0,0.9971205531000076,-0.037508720845645736,0.06586015956448255,-0.002477464066179063,2.322219819827572,-0.07585510901159634,0.13153414021600573
9.96,-1.2902331050359794,-0.7650480603656316,1.0,0.7650480603656316,-1.2902331050359794,0.0,1.2902331050359794,0.7650480603656316,0.0,0.0,0.0,0.9971204099956178,-0.03882205210140942,0.06509464669211387,-0.002534405815056167,2.322219819827572,-0.07849252746277703,0.12998333671888918
9.98,-1.2746751258527786,-0.790697997678129,1.0,0.790697997678129,-1.2746751258527786,0.0,1.2746751258527786,0.790697997678129,0.0,0.0,0.0,0.9971202742553288,-0.04011950261957904,0.0643031124199542,-0.0025872594849263263,2.322219819827572,-0.0810961850753874,0.12838063735239902
10.0,-1.2586072936146786,-0.8160316663340547,1.0,0.8160316663340547,-1.2586072936146786,0.0,1.2586072936146786,0.8160316663340547,0.0,0.0,0.0,0.9971201467477852,-0.04140055515314682,0.06348589442031138,-0.0026359424006902367,2.322219819827572,-0.08366505441703817,0.12672679614759264
