t,x,y,z,vx,vy,vz,ax,ay,az,yaw,yaw_rate,qw,qx,qy,qz,thrust_N,roll,pitch
0,1.5,0,1,0,1,0,-0.666666666666667,0,0,0,0,0.999424542354393,0,-0.033920261492389,0,2.30083460761525,0,-0.067853539096793
0.02,1.49986666864196,0.019999407412675,1,-0.013332938275117,0.999911112427976,0,-0.666607408285317,-0.008888625516744,0,0,0,0.99942454223627,0.000452778219413,-0.033917239445392,-1.53658296694844E-05,2.30083460761525,0.00090816725898,-0.067847470594886
0.04,1.49946669827086,0.039995259427816,1,-0.026663506285211,0.999644465513904,0,-0.666429643675936,-0.017775670856807,0,0,0,0.999424541882241,0.000905475388395,-0.03390817385282,-3.07206953626674E-05,2.30083460761525,0.001816169334818,-0.067829266227832
0.06,1.49880015999147,0.059984001279951,1,-0.039989334186634,0.999200106660978,0,-0.666133404440652,-0.026659556124423,0,0,0,0.999424541293314,0.001358010471818,-0.03389306635981,-4.60536410073443E-05,2.30083460761525,0.00272384107979,-0.067798929411345
0.08,1.49786717229774,0.079962079467618,1,-0.053308052978412,0.998578114865157,0,-0.665718743243438,-0.035538701985608,0,0,0,0.999424540471169,0.001810302465168,-0.033871919707874,-6.13537263335744E-05,2.30083460761525,0.003631017416992,-0.067756465837277
0.1,1.49666790105168,0.09992594238509,1,-0.066617294923393,0.997778600701122,0,-0.665185733800748,-0.044411529948929,0,0,0,0.999424539418155,0.00226227040983,-0.033844737734319,-7.66100347599926E-05,2.30083460761525,0.004537533375705,-0.067701883472125
0.12,1.49520255945393,0.119872040953759,1,-0.079914693969173,0.996801706302619,0,-0.664534470868413,-0.053276462646115,0,0,0,0.999424538137274,0.002713833408378,-0.033811525371441,-9.1811681262351E-05,2.30083460761525,0.005443224126718,-0.06763519255493
0.14,1.49347140800579,0.139796829253081,1,-0.093197886168721,0.995647605337191,0,-0.663765070224794,-0.06213192411248,0,0,0,0.999424536632182,0.003164910639833,-0.033772288645484,-0.000106947820218,2.30083460761525,0.006347925017582,-0.067556405594592
0.16,1.49147475446295,0.159696765150944,1,-0.106464510100629,0.994316502975302,0,-0.662877668650201,-0.070976340067086,0,0,0,0.999424534907174,0.00361542137491,-0.033727034675374,-0.000122007653223,2.30083460761525,0.007251471607781,-0.067465537366574
0.18,1.4892129537808,0.179568310933379,1,-0.119712207288919,0.992808635853866,0,-0.661872423902577,-0.079808138192613,0,0,0,0.999424532967171,0.00406528499124,-0.033675771671219,-0.000136980436869,2.30083460761525,0.008153699703812,-0.067362604909033
0.2,1.48668640805127,0.199407933933471,1,-0.132938622622314,0.991124272034179,0,-0.660749514689453,-0.088625748414876,0,0,0,0.999424530817709,0.004514420988554,-0.033618508932583,-0.000151855490484,2.30083460761525,0.009054445394142,-0.067247627518343
0.22,1.48389556643139,0.219212107159384,1,-0.146141404772923,0.989263710954262,0,-0.659509140636174,-0.097427603181948,0,0,0,0.999424528464921,0.004962749003843,-0.033555256846534,-0.000166622203824,2.30083460761525,0.009953545084048,-0.067120626744048
0.24,1.48084092506344,0.238977309921369,1,-0.159318206614246,0.987227283375627,0,-0.658151522250418,-0.106212137742831,0,0,0,0.999424525915518,0.00541018882648,-0.033486026885462,-0.000181270044712,2.30083460761525,0.010850835530303,-0.066981626383221
0.26,1.47752302698672,0.258700028457659,1,-0.172466685638439,0.985015351324482,0,-0.656676900882988,-0.114977790425626,0,0,0,0.999424523176775,0.005856660413292,-0.033410831604667,-0.000195788566617,2.30083460761525,0.011746153875705,-0.066830652474252
0.28,1.47394246204105,0.278376756559124,1,-0.185584504372749,0.982628308027364,0,-0.65508553868491,-0.123723002915166,0,0,0,0.999424520256505,0.006302083903599,-0.033329684639733,-0.000210167416171,2.30083460761525,0.012639337683432,-0.066667733290058
0.3,1.47009986676186,0.298003996192592,1,-0.198669330795061,0.980066577841242,0,-0.653377718560828,-0.132446220530041,0,0,0,0.999424517163037,0.006746379634193,-0.033242600703666,-0.000224396340618,2.30083460761525,0.013530224971205,-0.066492899330726
0.32,1.4659959242671,0.31757825812271,1,-0.211718838748473,0.977330616178066,0,-0.651553744118711,-0.141145892498982,0,0,0,0.999424513905197,0.007189468154273,-0.033149595583819,-0.000238465195181,2.30083460761525,0.014418654245249,-0.066306183315591
0.34,1.46163136413572,0.337096062532243,1,-0.224730708354829,0.974420909423816,0,-0.649613939615877,-0.149820472236553,0,0,0,0.999424510492275,0.007631270240312,-0.033050686138587,-0.000252363950357,2.30083460761525,0.015304464534031,-0.066107620174757
0.36,1.45700696227804,0.356553939640702,1,-0.237702626427135,0.971337974852029,0,-0.647558649901353,-0.15846841761809,0,0,0,0.999424506934008,0.008071706910875,-0.032945890293889,-0.000266082699118,2.30083460761525,0.016187495421763,-0.065897247040065
0.38,1.45212354079777,0.37594843032118,1,-0.250632286880787,0.968082360531844,0,-0.645388240354562,-0.167088191253858,0,0,0,0.999424503240543,0.008510699441364,-0.032835227039428,-0.000279611664028,2.30083460761525,0.017067587081666,-0.06567510323551
0.4,1.44698196784585,0.395276086715303,1,-0.263517391143535,0.964654645230564,0,-0.643103096820376,-0.175678260762357,0,0,0,0.999424499422412,0.008948169378698,-0.032718716424734,-0.000292941204254,2.30083460761525,0.017944580308962,-0.065441230267134
0.42,1.44158315746616,0.414533472846171,1,-0.276355648564114,0.961055438310771,0,-0.640703625540514,-0.184237099042742,0,0,0,0.999424495490504,0.009384038555915,-0.032596379554993,-0.000306061822486,2.30083460761525,0.018818316553597,-0.065195671812363
0.44,1.43592806943299,0.43371716522919,1,-0.28914477681946,0.957285379621994,0,-0.638190253081329,-0.192763184546307,0,0,0,0.99942449145603,0.009818229106711,-0.032468238586658,-0.000318964171741,2.30083460761525,0.019688637952676,-0.064938473708844
0.46,1.43001770908044,0.452823753480685,1,-0.301882502320457,0.953345139386958,0,-0.635563426257972,-0.201255001546971,0,0,0,0.999424487330494,0.010250663479884,-0.03233431672286,-0.00033163906206,2.30083460761525,0.020555387362598,-0.064669683942743
0.48,1.42385312712366,0.471849840924177,1,-0.314566560616118,0.949235418082441,0,-0.63282361205496,-0.209711040410745,0,0,0,0.999424483125656,0.010681264453704,-0.032194638208591,-0.000344077467086,2.30083460761525,0.021418408390873,-0.064389352636552
0.5,1.41743541947211,0.490792045194228,1,-0.327194696796152,0.944956946314738,0,-0.629971297543158,-0.218129797864101,0,0,0,0.999424478853503,0.011109955150196,-0.032049228325697,-0.000356270530521,2.30083460761525,0.022277545427625,-0.06409753203638
0.52,1.41076572703468,0.509646998837748,1,-0.339764665891832,0.940510484689784,0,-0.627006989793189,-0.226509777261221,0,0,0,0.999424474526214,0.01153665904933,-0.031898113387653,-0.000368209572459,2.30083460761525,0.023132643676748,-0.063794276498761
0.54,1.4038452355169,0.528411349912635,1,-0.35227423327509,0.935896823677935,0,-0.62393121578529,-0.23484948885006,0,0,0,0.999424470156121,0.01196130000312,-0.031741320734138,-0.000379886095582,2.30083460761525,0.023983549186722,-0.063479642476973
0.56,1.39667517521016,0.547081762583675,1,-0.364721175055783,0.931116783473442,0,-0.620744522315628,-0.243147450037189,0,0,0,0.999424465755678,0.012383802249623,-0.031578878725412,-0.000391291791226,2.30083460761525,0.024830108881068,-0.063153688506889
0.58,1.38925682077296,0.565654917715564,1,-0.377103278477043,0.926171213848641,0,-0.617447475899094,-0.251402185651362,0,0,0,0.999424461337425,0.012804090426845,-0.031410816736488,-0.000402418545306,2.30083460761525,0.025672170588435,-0.062816475192352
0.6,1.38159149100433,0.584127513462976,1,-0.38941834230865,0.921060994002885,0,-0.61404066266859,-0.259612228205767,0,0,0,0.999424456913951,0.013222089586535,-0.031237165151109,-0.000413258444098,2.30083460761525,0.02650958307231,-0.062468065190106
0.62,1.37368054860936,0.602496265857538,1,-0.401664177238359,0.915787032406242,0,-0.610524688270828,-0.267776118158906,0,0,0,0.999424452497858,0.01363772520788,-0.031057955355535,-0.000423803779864,2.30083460761525,0.027342196060339,-0.062108523194272
0.64,1.36552539995699,0.620757909391649,1,-0.4138386062611,0.910350266637996,0,-0.606900177758664,-0.275892404174066,0,0,0,0.999424448101727,0.014050923211087,-0.030873219732127,-0.000434047056342,2.30083460761525,0.028169860273255,-0.061737915920393
0.66,1.35712749482995,0.638909197598999,1,-0.425939465066,0.904751663219963,0,-0.603167775479976,-0.283959643377333,0,0,0,0.999424443738077,0.014461609970854,-0.030682991652753,-0.000443980994062,2.30083460761525,0.028992427453393,-0.061356312089052
0.68,1.34848832616701,0.656946903631712,1,-0.437964602421141,0.898992217444674,0,-0.599328144963116,-0.291976401614094,0,0,0,0.999424439419337,0.014869712329729,-0.030487305472002,-0.000453598535514,2.30083460761525,0.029809750392804,-0.060963782409076
0.7,1.33960942979764,0.674867820833999,1,-0.449911880556,0.893072953198429,0,-0.595381968798953,-0.299941253704,0,0,0,0.999424435157805,0.015275157611345,-0.030286196520207,-0.000462892850145,2.30083460761525,0.030621682960933,-0.060560399560328
0.72,1.33049238416893,0.692668763312224,1,-0.461779175541483,0.886994922779284,0,-0.591329948519523,-0.307852783694322,0,0,0,0.999424430965613,0.015677873633537,-0.030079701096303,-0.000471857339195,2.30083460761525,0.031428080131887,-0.060146238176119
0.74,1.32113881006496,0.710346566501273,1,-0.473564377667516,0.880759206709972,0,-0.587172804473314,-0.315709585111677,0,0,0,0.999424426854696,0.016077788721341,-0.029867856460482,-0.000480485640362,2.30083460761525,0.032228798011252,-0.059721374825217
0.76,1.31155037031872,0.727898087727138,1,-0.485265391818092,0.874366913545814,0,-0.582911275697209,-0.323510261212061,0,0,0,0.999424422836754,0.016474831719861,-0.029650700826697,-0.000488771632285,2.30083460761525,0.033023693862477,-0.059285887993505
0.78,1.30172876951647,0.745320206765605,1,-0.496880137843737,0.86781917967765,0,-0.5785461197851,-0.331253425229158,0,0,0,0.999424418923223,0.016868932007011,-0.029428273354971,-0.000496709438862,2.30083460761525,0.033812626132813,-0.058839858065259
0.8,1.29167575369472,0.762609826396952,1,-0.508406550931301,0.86111716912981,0,-0.574078112753207,-0.338937700620867,0,0,0,0.999424415125236,0.017260019506122,-0.029200614143547,-0.000504293433381,2.30083460761525,0.034595454478799,-0.058383367304086
0.82,1.28139311002978,0.779763872956558,1,-0.519842581971038,0.854262073353186,0,-0.569508048902124,-0.346561721314026,0,0,0,0.9994244114536,0.017648024698426,-0.028967764220868,-0.00051151824247,2.30083460761525,0.035372039791285,-0.05791649983352
0.84,1.27088266652012,0.796779296881325,1,-0.531186197920883,0.847255111013416,0,-0.564836740675611,-0.354124131947256,0,0,0,0.999424407918758,0.018032878635393,-0.028729765537387,-0.000518378749862,2.30083460761525,0.036142244220006,-0.05743934161729
0.86,1.26014629166136,0.813653073251814,1,-0.542435382167876,0.84009752777424,0,-0.56006501851616,-0.361623588111917,0,0,0,0.999424404530761,0.018414512950939,-0.028486660957222,-0.000524870099977,2.30083460761525,0.03690593119768,-0.056951980439269
0.88,1.24918589411407,0.830382202330001,1,-0.553588134886667,0.832790596076049,0,-0.555193730717366,-0.369058756591112,0,0,0,0.999424401299242,0.018792859873494,-0.028238494249645,-0.000530987701303,2.30083460761525,0.037662965463648,-0.05645450588312
0.9,1.23800342236452,0.846963710092553,1,-0.564642473395035,0.825335614909678,0,-0.550223743273119,-0.37642831559669,0,0,0,0.999424398233388,0.019167852237924,-0.027985310080418,-0.000536727229595,2.30083460761525,0.038413213087036,-0.055947009311651
0.92,1.22660086437822,0.863394648759539,1,-0.57559643250636,0.817733909585479,0,-0.545155939723652,-0.38373095500424,0,0,0,0.999424395341909,0.019539423497314,-0.027727154002975,-0.000542084630878,2.30083460761525,0.039156541489446,-0.055429583845874
0.94,1.21498024724656,0.879672097318472,1,-0.586448064878981,0.809986831497709,0,-0.539991220998473,-0.390965376585988,0,0,0,0.999424392633022,0.019907507734604,-0.027464072449452,-0.000547056124246,2.30083460761525,0.039892819467175,-0.054902324343813
0.96,1.20314363682644,0.895793162043588,1,-0.597195441362392,0.802095757884293,0,-0.534730505256195,-0.398130294241595,0,0,0,0.99942439011442,0.020272039674082,-0.027196112721572,-0.000551638204476,2.30083460761525,0.040621917212951,-0.054365327379029
0.98,1.19109313737297,0.911754977010284,1,-0.607836651340189,0.794062091581978,0,-0.529374727721318,-0.405224434226793,0,0,0,0.999424387793252,0.020632954692725,-0.026923322981386,-0.00055582764443,2.30083460761525,0.041343706337203,-0.053818691218916
1,1.17883089116542,0.927554704604606,1,-0.618369803069737,0.785887260776948,0,-0.523924840517965,-0.412246535379825,0,0,0,0.999424385676109,0.020990188831386,-0.026645752241864,-0.000559621497261,2.30083460761525,0.042058059888837,-0.053262515802743
1.02,1.16635907812639,0.943189536027703,1,-0.628793024018469,0.777572718750928,0,-0.518381812500619,-0.419195349345646,0,0,0,0.999424383768995,0.021343678805844,-0.026363450357361,-0.000563017098421,2.30083460761525,0.04276485237555,-0.052696902719478
1.04,1.15367991543424,0.958656691795168,1,-0.639104461196778,0.769119943622824,0,-0.512746629081882,-0.426069640797852,0,0,0,0.999424382077317,0.021693362017683,-0.026076468013935,-0.000566012067459,2.30083460761525,0.043463959783656,-0.052121955185392
1.06,1.14079565712893,0.973953422231156,1,-0.649302281487437,0.760530438085951,0,-0.507020292057301,-0.432868187658291,0,0,0,0.99942438060587,0.022039176565031,-0.025784856719545,-0.000568604309614,2.30083460761525,0.044155259597438,-0.051537778021464
1.08,1.12770859371134,0.989077007957209,1,-0.659384671971473,0.751805729140895,0,-0.501203819427263,-0.439589781314315,0,0,0,0.999424379358819,0.022381061253135,-0.025488668794103,-0.000570792017209,2.30083460761525,0.044838630818025,-0.050944477630581
1.1,1.11442105173607,1.0040247603757,1,-0.669349840250466,0.742947367824044,0,-0.495298245216029,-0.446233226833644,0,0,0,0.999424378339692,0.022718955604785,-0.025187957359418,-0.000572573670831,2.30083460761525,0.045513953981796,-0.050342161974561
1.12,1.10093539339779,1.01879402214778,1,-0.67919601476519,0.733956928931858,0,-0.489304619287905,-0.452797343176793,0,0,0,0.999424377551366,0.023052799870579,-0.024882776329001,-0.000573948040313,2.30083460761525,0.046181111178308,-0.049730940551005
1.14,1.08725401611136,1.03338216766583,1,-0.688921445110551,0.724836010740905,0,-0.483224007160603,-0.459280963407034,0,0,0,0.999424376996062,0.023382535039023,-0.024573180397761,-0.000574914185501,2.30083460761525,0.046839986067761,-0.04911092436998
1.16,1.0733793520856,1.04778660352016,1,-0.69852440234677,0.715586234723732,0,-0.477057489815821,-0.465682934897847,0,0,0,0.999424376675339,0.023708102846482,-0.024259225031576,-0.000575471456818,2.30083460761525,0.047490463897988,-0.048482225930552
1.18,1.0593138678909,1.06200476896011,1,-0.70800317930674,0.706209245260601,0,-0.470806163507067,-0.472002119537827,0,0,0,0.999424376590087,0.024029445786965,-0.023940966456753,-0.000575619495617,2.30083460761525,0.048132431520986,-0.047844959197178
1.2,1.04506006402075,1.07603413634928,1,-0.717356090899523,0.696706709347165,0,-0.464471139564777,-0.478237393933015,0,0,0,0.999424376740527,0.024346507121743,-0.023618461649374,-0.000575358234333,2.30083460761525,0.048765777408991,-0.047199239575961
1.22,1.03062047444717,1.08987221161487,1,-0.726581474409911,0.687080316298116,0,-0.458053544198744,-0.484387649606607,0,0,0,0.999424377126208,0.02465923088882,-0.023291768324537,-0.000574687896422,2.30083460761525,0.049390391670086,-0.046545183890785
1.24,1.0159976661703,1.10351653469104,1,-0.735677689794023,0.677331777446864,0,-0.45155451829791,-0.490451793196016,0,0,0,0.999424377746014,0.024967561912223,-0.022960944925489,-0.000573608996094,2.30083460761525,0.050006166063369,-0.045882910359337
1.26,1.00119423876196,1.11696467995629,1,-0.744643119970859,0.667462825841308,0,-0.444975217227539,-0.496428746647239,0,0,0,0.99942437859816,0.025271445811145,-0.022626050612654,-0.00057212233784,2.30083460761525,0.050612994013661,-0.045212538569018
1.28,0.986212823903611,1.13021425666467,1,-0.753476171109778,0.657475215935741,0,-0.438316810623827,-0.502317447406518,0,0,0,0.999424379680202,0.025570829008912,-0.022287145252567,-0.000570229015759,2.30083460761525,0.051210770625787,-0.044534189452769
1.3,0.971056084918429,1.14326290937076,1,-0.76217527291384,0.647370723278952,0,-0.431580482185968,-0.508116848609226,0,0,0,0.999424380989044,0.025865658741793,-0.021944289406703,-0.000567930412667,2.30083460761525,0.051799392698402,-0.043847985264799
1.32,0.95572671629787,1.15610831834845,1,-0.770738878898969,0.63715114419858,0,-0.42476742946572,-0.51382591926598,0,0,0,0.999424382520944,0.026155883067643,-0.021597544320219,-0.000565228199019,2.30083460761525,0.052378758737399,-0.043154049556243
1.34,0.940227443222651,1.16874820000332,1,-0.779165466668879,0.626818295481767,0,-0.417878863654512,-0.519443644445919,0,0,0,0.999424384271528,0.02644145087438,-0.021246971910599,-0.00056212433161,2.30083460761525,0.052948768968882,-0.042452507150747
1.36,0.924561021078275,1.18118030727857,1,-0.787453538185714,0.616374014052183,0,-0.410916009368122,-0.524969025457142,0,0,0,0.999424386235801,0.026722311888298,-0.020892634756215,-0.00055862105209,2.30083460761525,0.053509325351724,-0.041743484119988
1.38,0.908730234965194,1.19340243005455,1,-0.795601620036366,0.605820156643463,0,-0.403880104428975,-0.530401080024244,0,0,0,0.999424388408161,0.026998416682213,-0.020534596084794,-0.00055472088527,2.30083460761525,0.054060331589709,-0.041027107759149
1.4,0.892737899203692,1.20541239554162,1,-0.803608263694411,0.595158599469128,0,-0.396772399646085,-0.535738842462941,0,0,0,0.999424390782417,0.027269716683447,-0.020172919761814,-0.000550426637229,2.30083460761525,0.054601693143259,-0.040303506562335
1.42,0.876586856833561,1.21720806866643,1,-0.811472045777619,0.584391237889041,0,-0.389594158592694,-0.540981363851746,0,0,0,0.999424393351803,0.027536164181639,-0.019807670278805,-0.000545741393227,2.30083460761525,0.055133317240775,-0.039572810197961
1.44,0.860279979108685,1.2287873524515,1,-0.819191568300998,0.573519986072457,0,-0.382346657381638,-0.546127712200665,0,0,0,0.999424396109002,0.027797712336398,-0.019438912741583,-0.000540668515424,2.30083460761525,0.055655112889568,-0.038835149484099
1.46,0.843820164986601,1.24014818838798,1,-0.826765458925319,0.562546776657734,0,-0.375031184438489,-0.551176972616879,0,0,0,0.999424399046165,0.028054315184786,-0.019066712858401,-0.000535211640398,2.30083460761525,0.056166990886412,-0.038090656363808
1.48,0.827210340613136,1.25128855680163,1,-0.834192371201085,0.551473560408757,0,-0.367649040272505,-0.55612824746739,0,0,0,0.99942440215493,0.028305927648632,-0.018691136928032,-0.000529374676479,2.30083460761525,0.056668863827713,-0.037339463880434
1.5,0.810453458802209,1.26220647721184,1,-0.841470984807896,0.54030230586814,0,-0.360201537245426,-0.560980656538598,0,0,0,0.999424405426452,0.028552505541688,-0.018312251827778,-0.000523161800887,2.30083460761525,0.057160646119302,-0.03658170615291
1.52,0.7935524985109,1.27290000868376,1,-0.848600005789171,0.529034999007267,0,-0.352689999338178,-0.565733337192781,0,0,0,0.999424408851424,0.028794005576611,-0.017930125001409,-0.000516577456692,2.30083460761525,0.057642253985873,-0.035817518351036
1.54,0.776510464309858,1.28336725017327,1,-0.855578166782177,0.517673642873239,0,-0.345115761915492,-0.570385444521451,0,0,0,0.999424412420105,0.029030385371786,-0.017544824447045,-0.000509626349575,2.30083460761525,0.058113605480047,-0.035047036670767
1.56,0.759330385849168,1.29360634086501,1,-0.862404227243338,0.506220257232778,0,-0.337480171488519,-0.574936151495559,0,0,0,0.999424416122345,0.02926160345798,-0.017156418704962,-0.000502313444424,2.30083460761525,0.058574620491098,-0.034270398309499
1.58,0.742015317319753,1.30361546050316,1,-0.869076973668773,0.494676878213168,0,-0.329784585475446,-0.579384649112516,0,0,0,0.999424419947621,0.029487619284829,-0.016764976845348,-0.000494643961732,2.30083460761525,0.05902522075333,-0.033487741441367
1.6,0.724568336910415,1.31339282971504,1,-0.875595219810026,0.483045557940277,0,-0.322030371960184,-0.583730146540017,0,0,0,0.999424423885058,0.029708393227164,-0.016370568455989,-0.000486623373834,2.30083460761525,0.059465329854122,-0.032699205192554
1.62,0.70699254626061,1.32293671032742,1,-0.881957806884948,0.47132836417374,0,-0.31421890944916,-0.587971871256632,0,0,0,0.999424427923466,0.029923886591172,-0.015973263629913,-0.000478257400958,2.30083460761525,0.059894873241641,-0.03190492961662
1.64,0.689291069909052,1.33224540567556,1,-0.888163603783706,0.459527379939368,0,-0.306351586626245,-0.592109069189137,0,0,0,0.999424432051368,0.03013406162039,-0.015573132952961,-0.000469552007113,2.30083460761525,0.060313778232241,-0.031105055669851
1.66,0.67146705473825,1.34131726090479,1,-0.894211507269863,0.447644703158834,0,-0.298429802105889,-0.596141004846575,0,0,0,0.999424436257039,0.030338881501534,-0.015170247491322,-0.000460513395802,2.30083460761525,0.060721974017546,-0.030299725186632
1.68,0.653523669415068,1.35015066326476,1,-0.900100442176505,0.435682446276712,0,-0.290454964184475,-0.600066961451003,0,0,0,0.99942444052853,0.030538310370169,-0.014764678779008,-0.000451148005577,2.30083460761525,0.061119391671231,-0.029489080854855
1.7,0.635464103827417,1.35874404239607,1,-0.905829361597381,0.423642735884945,0,-0.282428490589963,-0.603886241064921,0,0,0,0.999424444853709,0.030732313316213,-0.014356498805285,-0.000441462505425,2.30083460761525,0.061505964155505,-0.028673266191354
1.72,0.61729156851717,1.36709587060952,1,-0.911397247073016,0.41152771234478,0,-0.274351808229853,-0.607598164715344,0,0,0,0.999424449220293,0.030920856389278,-0.013945780002054,-0.000431463790001,2.30083460761525,0.061881626327311,-0.027852425517377
1.74,0.59900929410941,1.37520466315765,1,-0.916803108771767,0.399339529406273,0,-0.266226352937515,-0.611202072514511,0,0,0,0.999424453615883,0.031103906603846,-0.013532595231191,-0.000421158974704,2.30083460761525,0.062246314944237,-0.027026703934096
1.76,0.580620530738103,1.38306897849869,1,-0.922045985665792,0.387080353825402,0,-0.258053569216935,-0.614697323777194,0,0,0,0.999424458027999,0.03128143194429,-0.013117017771841,-0.000410555390601,2.30083460761525,0.062599968670166,-0.026196247298157
1.78,0.562128547468307,1.39068741855284,1,-0.927124945701896,0.374752364978871,0,-0.249834909985914,-0.618083297134597,0,0,0,0.999424462444116,0.031453401369724,-0.012699121307678,-0.000399660579206,2.30083460761525,0.062942528080647,-0.025361202197273
1.8,0.54353663171501,1.39805862895084,1,-0.932039085967226,0.362357754476674,0,-0.241571836317782,-0.621359390644817,0,0,0,0.999424466851698,0.031619784818699,-0.012278979914115,-0.000388482287111,2.30083460761525,0.06327393566802,-0.024521715925862
1.82,0.524848088658715,1.40518129927469,1,-0.93678753284979,0.349898725772477,0,-0.233265817181651,-0.62452502189986,0,0,0,0.999424471238236,0.031780553213737,-0.011856668045488,-0.00037702846048,2.30083460761525,0.063594135846288,-0.023677936460727
1.84,0.506066240657855,1.41205416329064,1,-0.941369442193759,0.337377493771904,0,-0.224918329181269,-0.627579628129173,0,0,0,0.999424475591282,0.031935678465701,-0.011432260522197,-0.000365307239406,2.30083460761525,0.063903074955742,-0.022830012436784
1.86,0.487194426658164,1.41867599917431,1,-0.945783999449539,0.324796284438776,0,-0.216530856292517,-0.630522666299693,0,0,0,0.999424479898483,0.032085133478011,-0.011005832517818,-0.000353326952134,2.30083460761525,0.064200701267355,-0.021978093122845
1.88,0.468236001599094,1.42504562972787,1,-0.950030419818578,0.312157334399396,0,-0.208104889599598,-0.633353613212385,0,0,0,0.999424484147618,0.032228892150693,-0.010577459546179,-0.00034109610916,2.30083460761525,0.06448696498695,-0.021122328397439
1.9,0.449194335817392,1.43116192258932,1,-0.954107948392883,0.299462890544928,0,-0.199641927029952,-0.636071965595255,0,0,0,0.999424488326632,0.032366929384276,-0.01014721744841,-0.000328623397201,2.30083460761525,0.06476181825914,-0.020262868724689
1.92,0.430072814447934,1.43702379043384,1,-0.958015860289225,0.286715209631956,0,-0.19114347308797,-0.638677240192817,0,0,0,0.999424492423671,0.032499221083531,-0.009715182379955,-0.000315917673047,2.30083460761525,0.065025215171058,-0.019399865130234
1.94,0.410874836821935,1.442630191167,1,-0.961753460778003,0.27391655788129,0,-0.182611038587527,-0.641168973852002,0,0,0,0.999424496427112,0.032625744161044,-0.009281430797572,-0.000302987957302,2.30083460761525,0.065277111755881,-0.018533469177208
1.96,0.391603815862635,1.44798012811013,1,-0.965320085406752,0.26106921057509,0,-0.174046140383393,-0.643546723604501,0,0,0,0.9994245003256,0.032746476540641,-0.00884603944629,-0.000289843428004,2.30083460761525,0.065517465996146,-0.017663832942257
1.98,0.37226317747856,1.4530726501774,1,-0.968715100118265,0.248175451652373,0,-0.165450301101582,-0.64581006674551,0,0,0,0.999424504108079,0.032861397160648,-0.008409085346352,-0.000276493414148,2.30083460761525,0.065746237826879,-0.016791108991613
2,0.352856359954484,1.45790685204497,1,-0.971937901363313,0.235237573302989,0,-0.15682504886866,-0.647958600908875,0,0,0,0.999424507763822,0.032970485977003,-0.007970645780131,-0.000262947389102,2.30083460761525,0.065963389138531,-0.015915450357215
2.02,0.333386813340189,1.46248187431191,1,-0.974987916207939,0.222257875560126,0,-0.148171917040084,-0.649991944138626,0,0,0,0.999424511282463,0.033073723966204,-0.007530798279027,-0.000249214963926,2.30083460761525,0.066168883779728,-0.015037010512874
2.04,0.313857998837129,1.46679690365297,1,-0.977864602435316,0.209238665891419,0,-0.139492443927613,-0.651909734956877,0,0,0,0.999424514654024,0.033171093128106,-0.007089620610338,-0.000235305880595,2.30083460761525,0.066362687559849,-0.014155943350485
2.06,0.294273388183115,1.4708511729632,1,-0.980567448642135,0.196182258788743,0,-0.130788172525829,-0.65371163242809,0,0,0,0.999424517868945,0.033262576488562,-0.00664719076412,-0.00022123000514,2.30083460761525,0.06654476825143,-0.013272403156286
2.08,0.274636463035127,1.47464396149428,1,-0.983095974329523,0.183090975356751,0,-0.122060650237834,-0.655397316219682,0,0,0,0.999424520918112,0.033348158101905,-0.006203586940019,-0.000206997320703,2.30083460761525,0.066715095592397,-0.012386544587157
2.1,0.254950714350362,1.47817459498269,1,-0.98544972998846,0.169967142900241,0,-0.113311428600161,-0.656966486658973,0,0,0,0.99942452379288,0.033427823053285,-0.005758887534093,-0.000192617920504,2.30083460761525,0.066873641288145,-0.011498522646963
2.12,0.235219641765627,1.48144244576954,1,-0.987628297179696,0.156813094510418,0,-0.104542063006945,-0.658418864786464,0,0,0,0.999424526485099,0.033501557460839,-0.00531317112562,-0.000178102000749,2.30083460761525,0.067020379013452,-0.010608492662937
2.14,0.215446752975195,1.4844469329122,1,-0.989631288608135,0.14363116865013,0,-0.09575411243342,-0.659754192405423,0,0,0,0.999424528987139,0.033569348477723,-0.004866516463884,-0.000163459853456,2.30083460761525,0.067155284414242,-0.009716610262098
2.16,0.195635563107218,1.48718752228753,1,-0.991458348191686,0.130423708738146,0,-0.086949139158764,-0.660972232127791,0,0,0,0.999424531291905,0.033631184293973,-0.004419002454954,-0.000148701859225,2.30083460761525,0.067278335109204,-0.008823031347706
2.18,0.175789594098829,1.48966372668686,1,-0.99310915112457,0.117193062732553,0,-0.078128708488368,-0.66207276741638,0,0,0,0.999424533392867,0.033687054138228,-0.003970708148451,-0.00013383847994,2.30083460761525,0.067389510691255,-0.007927912075753
2.2,0.155912374070026,1.49187510590258,1,-0.994583403935056,0.103941582713351,0,-0.069294388475567,-0.663055602623371,0,0,0,0.999424535284067,0.033736948279291,-0.003521712724298,-0.000118880251424,2.30083460761525,0.067488792728874,-0.007031408831481
2.22,0.136007436696465,1.49382126680646,1,-0.99588084453764,0.09067162446431,0,-0.060447749642873,-0.663920563025093,0,0,0,0.999424536960147,0.033780858027544,-0.003072095479468,-0.000103837776041,2.30083460761525,0.067576164767288,-0.006133678205932
2.24,0.116078320581252,1.49550186341945,1,-0.997001242279631,0.077385547054168,0,-0.051590364702779,-0.664667494853087,0,0,0,0.999424538416356,0.033818775736202,-0.002621935814717,-8.87217152514082E-05,2.30083460761525,0.067651612329526,-0.005234876972521
2.26,0.096128568625878,1.49691659697324,1,-0.997944397982159,0.064085712417252,0,-0.042723808278168,-0.665296265321439,0,0,0,0.999424539648566,0.033850694802426,-0.002171313221313,-7.35427821303925E-05,2.30083460761525,0.067715122917342,-0.004335162063634
2.28,0.076161727400369,1.49806521596337,1,-0.998710143975583,0.050774484933579,0,-0.033849656622386,-0.665806762650389,0,0,0,0.999424540653285,0.033876609668273,-0.001720307267754,-5.83117338514616E-05,2.30083460761525,0.067766686012004,-0.003434690547248
2.3,0.0561813465128,1.49894751619395,1,-0.999298344129299,0.037454231008533,0,-0.024969487339022,-0.6661988960862,0,0,0,0.999424541427666,0.033896515821505,-0.001268997586485,-4.30393641387947E-05,2.30083460761525,0.067806293074954,-0.002533619603563
2.32,0.036190977978263,1.49956334081391,1,-0.99970889387594,0.024127318652175,0,-0.01608487910145,-0.666472595917294,0,0,0,0.999424541969515,0.033910409796236,-0.00081746386061,-2.77364956960723E-05,2.30083460761525,0.067833937548348,-0.001632106501655
2.34,0.016194175587402,1.49991258034495,1,-0.999941720229966,0.010796117058268,0,-0.007197411372178,-0.666627813486644,0,0,0,0.999424542277295,0.033918289173436,-0.000365785810592,-1.24139726156103E-05,2.30083460761525,0.067849614855458,-0.000730308576137
2.36,-0.003805505725358,1.49999517270096,1,-0.999996781800638,-0.002537003816905,0,0.001691335877937,-0.666664521200425,0,0,0,0.999424542350135,0.03392015258128,8.5956819035636E-05,2.91734722686924E-06,2.30083460761525,0.067853322400966,0.000171616796169
2.38,-0.023804510513788,1.49981110319907,1,-0.999874068799377,-0.015869673675859,0,0.010579782450572,-0.666582712532918,0,0,0,0.999424542187828,0.033915999695345,0.000537684272973,1.8246599786731E-05,2.30083460761525,0.067845059571118,0.00107351221956
2.4,-0.043799283451933,1.49936040456226,1,-0.999573603041505,-0.029199522301289,0,0.019466348200859,-0.66638240202767,0,0,0,0.999424541790834,0.033905831238658,0.00098931679845,3.35629224690613E-05,2.30083460761525,0.067824827733765,0.001975220302768
2.42,-0.063786269966153,1.49864315691355,1,-0.999095437942365,-0.042524179977435,0,0.02834945331829,-0.66606362529491,0,0,0,0.999424541160278,0.03388964898159,0.001440774658525,4.88554617463269E-05,2.30083460761525,0.06779263023828,0.002876583682285
2.44,-0.083761916867041,1.49765948776174,1,-0.998439658507827,-0.055841277911361,0,0.037227518607574,-0.665626439005218,0,0,0,0.999424540297947,0.033867455741603,0.001891978145386,6.41133807699468E-05,2.30083460761525,0.067748472415345,0.003777445045687
2.46,-0.103722672981093,1.49640957197876,1,-0.997606381319173,-0.069148448654062,0,0.046098965769375,-0.665070920879449,0,0,0,0.999424539206285,0.033839255382839,0.002342847593641,7.93258669706586E-05,2.30083460761525,0.067692361576623,0.004677647154969
2.48,-0.123664989782014,1.49489363176857,1,-0.996595754512378,-0.082443326521343,0,0.054962217680895,-0.664397169674918,0,0,0,0.999424537888386,0.033805052815567,0.002793303393613,9.44821396425717E-05,2.30083460761525,0.067624307014297,0.005577032869884
2.5,-0.143585322021563,1.49311193662765,1,-0.995407957751765,-0.095723548014376,0,0.06381569867625,-0.663605305167843,0,0,0,0.999424536347984,0.033764853995468,0.003243266004628,0.000109571457506,2.30083460761525,0.067544320000493,0.006475445171302
2.52,-0.163480128359807,1.49106480329711,1,-0.994043202198076,-0.108986752239871,0,0.072657834826581,-0.662695468132051,0,0,0,0.999424534589447,0.033718665922777,0.003692655968298,0.000124583126243,2.30083460761525,0.067452413786561,0.007372727184574
2.54,-0.183345871994682,1.48875259570639,1,-0.992501730470926,-0.122230581329788,0,0.081487054219859,-0.66166782031395,0,0,0,0.999424532617757,0.033666496641268,0.004141393921798,0.000139506506002,2.30083460761525,0.067348603602242,0.00826872220293
2.56,-0.203179021290752,1.48617572490851,1,-0.990783816605673,-0.135452680860502,0,0.090301787240334,-0.660522544403782,0,0,0,0.999424530438504,0.033608355237092,0.004589400611136,0.000154331018868,2.30083460761525,0.067232906654695,0.00916327371088
2.58,-0.222976050407045,1.48333464900705,1,-0.988889766004701,-0.148650700271364,0,0.099100466847576,-0.659259844003134,0,0,0,0.999424528057864,0.033544251837453,0.005036596904413,0.000169046156285,2.30083460761525,0.067105342127391,0.010056225407661
2.6,-0.242733439923858,1.4802298730747,1,-0.986819915383131,-0.161822293282572,0,0.107881528855048,-0.657879943588754,0,0,0,0.999424525482586,0.033474197609148,0.005482903805077,0.000183641486439,2.30083460761525,0.066965931178869,0.010947421230686
2.62,-0.262447677468423,1.47686194906343,1,-0.984574632708953,-0.174965118312282,0,0.116643412208188,-0.656383088472635,0,0,0,0.999424522719969,0.033398204756937,0.005928242465163,0.000198106661583,2.30083460761525,0.066814696941361,0.011836705379048
2.64,-0.28211525833932,1.47323147570643,1,-0.982154317137618,-0.18807683889288,0,0.12538455926192,-0.654769544758412,0,0,0,0.999424519777846,0.03331628652177,0.006372534198525,0.000212431425312,2.30083460761525,0.066651664519263,0.012723922337034
2.66,-0.301732686129528,1.46933909841162,1,-0.979559398941077,-0.201155124086352,0,0.134103416057568,-0.653039599294051,0,0,0,0.999424516664556,0.033228457178861,0.006815700494055,0.000226605619769,2.30083460761525,0.066476860987462,0.013608916897689
2.68,-0.321296473347995,1.46518550914693,1,-0.976790339431285,-0.214197648898663,0,0.142798432599109,-0.651193559620857,0,0,0,0.999424513388926,0.033134732035603,0.007257663028884,0.000240619192791,2.30083460761525,0.066290315389522,0.014491534186406
2.7,-0.340803142039631,1.46077144631729,1,-0.973847630878195,-0.227202094693087,0,0.151468063128725,-0.649231753918797,0,0,0,0.999424509960244,0.033035127429335,0.007698343681573,0.00025446220498,2.30083460761525,0.066092058735699,0.015371619684564
2.72,-0.360249224403598,1.45609769463337,1,-0.970731796422245,-0.240166149602399,0,0.160110766401599,-0.647154530948163,0,0,0,0.999424506388231,0.032929660724952,0.008137664545288,0.0002681248367,2.30083460761525,0.065882124000811,0.016249019253195
2.74,-0.379631263409803,1.45116508497203,1,-0.967443389981353,-0.253087508939869,0,0.168725005959912,-0.644962259987569,0,0,0,0.999424502683016,0.032818350312355,0.008575547940952,0.000281597394992,2.30083460761525,0.065660546121939,0.017123579156706
2.76,-0.398945813413471,1.44597449422867,1,-0.963982996152448,-0.26596387560898,0,0.177309250405987,-0.642655330768299,0,0,0,0.999424498855107,0.032701215603762,0.009011916430388,0.0002948703204,2.30083460761525,0.065427361995955,0.017995146086636
2.78,-0.418189440767691,1.44052684516131,1,-0.960351230107542,-0.278792960511794,0,0.185861973674529,-0.640234153405028,0,0,0,0.999424494915359,0.032578277030844,0.009446692829432,0.000307934193717,2.30083460761525,0.065182610476882,0.01886356718546
2.8,-0.437358724433839,1.43482310622655,1,-0.956548737484366,-0.291572482955893,0,0.194381655303928,-0.637699158322911,0,0,0,0.999424490874946,0.032449556041717,0.009879800221033,0.000320779742622,2.30083460761525,0.064926332373072,0.019728690070438
2.82,-0.45645025658975,1.42886429140739,1,-0.952576194271595,-0.304300171059833,0,0.202866780706555,-0.635050796181064,0,0,0,0.999424486745328,0.032315075097777,0.010311161968328,0.000333397848233,2.30083460761525,0.064658570444196,0.020590362857521
2.84,-0.475460643235544,1.42265146003301,1,-0.94843430668867,-0.31697376215703,0,0.21131584143802,-0.632289537792447,0,0,0,0.99942448253822,0.032174857670375,0.010740701727687,0.000345779551538,2.30083460761525,0.064379369398049,0.02144843418529
2.86,-0.494386504796999,1.41618571659038,1,-0.944123811060253,-0.329591003197999,0,0.219727335465333,-0.629415874040169,0,0,0,0.999424478265558,0.032028928237337,0.011168343461747,0.000357916059738,2.30083460761525,0.064088775887152,0.022302753238956
2.88,-0.513224476726347,1.40946821052799,1,-0.939645473685325,-0.342149651150898,0,0.228099767433932,-0.626430315790217,0,0,0,0.999424473939462,0.031877312279324,0.011594011452406,0.000369798752458,2.30083460761525,0.063786838505151,0.023153169774406
2.9,-0.531971210100416,1.40250013605144,1,-0.935000090700958,-0.354647473400277,0,0.236431648933518,-0.623333393800639,0,0,0,0.999424469572209,0.031720036276036,0.012017630313792,0.000381419187854,2.30083460761525,0.06347360778301,0.023999534142291
2.92,-0.55062337221598,1.39528273191117,1,-0.930188487940781,-0.367082248143987,0,0.244721498762658,-0.620125658627187,0,0,0,0.999424465176191,0.03155712770226,0.012439125005211,0.000392769108594,2.30083460761525,0.063149136184981,0.024841697312179
2.94,-0.569177647182232,1.38781728118225,1,-0.925211520788168,-0.379451764788154,0,0.252967843192103,-0.616807680525445,0,0,0,0.999424460763884,0.031388615023752,0.012858420844051,0.00040384044771,2.30083460761525,0.062813478104354,0.025679510896739
2.96,-0.587630736510266,1.38010511103626,1,-0.920070074024172,-0.391753824340177,0,0.261169216226785,-0.613380049349448,0,0,0,0.999424456347812,0.031214527692965,0.013275443518661,0.000414625334329,2.30083460761525,0.062466689858977,0.026512827175989
2.98,-0.60597935969947,1.37214759250535,1,-0.914765061670231,-0.403986239799647,0,0.269324159866431,-0.609843374446821,0,0,0,0.999424451940511,0.031034896144616,0.013690119101197,0.000425116099259,2.30083460761525,0.062108829686532,0.02734149912158
3,-0.624220254820714,1.36394614023852,1,-0.909297426825682,-0.416146836547142,0,0.277431224364762,-0.606198284550454,0,0,0,0.999424447554492,0.030849751791091,0.014102374060423,0.000435305280448,2.30083460761525,0.061739957739575,0.028165380421132
3.02,-0.642350179096238,1.35550221225014,1,-0.903668141500095,-0.428233452730825,0,0.285488968487217,-0.60244542766673,0,0,0,0.999424443202208,0.030659127017693,0.014512135274487,0.000445185628293,2.30083460761525,0.061360136080313,0.028984325502617
3.04,-0.660365909476143,1.34681730966072,1,-0.897878206440481,-0.440243939650762,0,0.293495959767175,-0.598585470960321,0,0,0,0.99942443889602,0.030463055177721,0.014919330043644,0.00045475011081,2.30083460761525,0.060969428675131,0.02979818955878
3.06,-0.678264243211368,1.33789297643007,1,-0.89192865095338,-0.452176162140912,0,0.301450774760608,-0.594619100635586,0,0,0,0.999424434648157,0.030261570587394,0.01532388610295,0.00046399191865,2.30083460761525,0.06056790138884,0.030606828571604
3.08,-0.696041998423052,1.32873079908281,1,-0.885820532721874,-0.464027998948701,0,0.309351999299134,-0.590547021814582,0,0,0,0.999424430470684,0.030054708520615,0.015725731634901,0.000472904469964,2.30083460761525,0.060155621978661,0.031410099336818
3.1,-0.713696014668203,1.31933240642634,1,-0.879554937617562,-0.475797343112135,0,0.317198228741423,-0.586369958411708,0,0,0,0.999424426375469,0.029842505203559,0.016124795282036,0.000481481415114,2.30083460761525,0.059732660087915,0.032207859488434
3.12,-0.731223153501539,1.30969946926127,1,-0.873132979507516,-0.487482102334359,0,0.324988068222906,-0.582088653005011,0,0,0,0.999424422374148,0.029624997809116,0.016521006159491,0.000489716641221,2.30083460761525,0.05929908723943,0.032999967523329
3.14,-0.74862029903343,1.2998337000844,1,-0.866555800056266,-0.49908019935562,0,0.332720132903746,-0.577703866704177,0,0,0,0.999424418478092,0.029402224451154,0.016914293867496,0.000497604276552,2.30083460761525,0.058854976828644,0.033786282825846
3.16,-0.765884358483822,1.28973685278425,1,-0.859824568522834,-0.510589572322548,0,0.340393048215032,-0.573216379015222,0,0,0,0.999424414698374,0.029174224178631,0.017304588503834,0.000505138694738,2.30083460761525,0.058400404116404,0.034566665692433
3.18,-0.783012262732061,1.27941072232931,1,-0.852940481552876,-0.522008175154707,0,0.348005450103138,-0.568626987701917,0,0,0,0.999424411045739,0.028941036969534,0.017691820676236,0.000512314518827,2.30083460761525,0.057935446221446,0.035340977356301
3.2,-0.8000009668625,1.26885714444892,1,-0.845904762965946,-0.533333977908334,0,0.355555985272222,-0.563936508643964,0,0,0,0.999424407530572,0.028702703724658,0.018075921514727,0.000519126625163,2.30083460761525,0.057460182112562,0.036109080012101
3.22,-0.816847450705817,1.25807799530689,1,-0.838718663537928,-0.544564967137211,0,0.363043311424807,-0.559145775691952,0,0,0,0.99942440416287,0.028459266261218,0.018456822683906,0.000525570147086,2.30083460761525,0.056974692600423,0.036870836840627
3.24,-0.833548719375919,1.24707519116802,1,-0.831383460778683,-0.555699146250613,0,0.370466097500408,-0.554255640519122,0,0,0,0.999424400952213,0.028210767306297,0.018834456395181,0.000531640478458,2.30083460761525,0.056479060329073,0.037626112033514
3.26,-0.850101803802362,1.23585068805741,1,-0.823900458704939,-0.566734535868241,0,0.377823023912161,-0.549266972469959,0,0,0,0.999424397907734,0.027957250490132,0.019208755418925,0.000537333277009,2.30083460761525,0.05597336976708,0.038374770817957
3.28,-0.866503761258178,1.2244064814127,1,-0.816270987608467,-0.577669174172119,0,0.385112782781413,-0.544180658405645,0,0,0,0.999424395038099,0.027698760339224,0.019579653096577,0.000542644467495,2.30083460761525,0.05545770719832,0.039116679481425
3.3,-0.882751675883019,1.21274460572939,1,-0.80849640381959,-0.588501117255346,0,0.39233407817023,-0.538997602546393,0,0,0,0.999424392351475,0.027435342269294,0.019947083352679,0.000547570244676,2.30083460761525,0.054932160712413,0.039851705396378
3.32,-0.89884265920152,1.20086713419909,1,-0.800578089466062,-0.59922843946768,0,0.399485626311786,-0.533718726310708,0,0,0,0.999424389855513,0.027167042578069,0.020310980706835,0.000552107076099,2.30083460761525,0.054396820194789,0.040579717044962
3.34,-0.914773850636804,1.18877617834103,1,-0.792517452227356,-0.609849233757869,0,0.406566155838579,-0.528344968151571,0,0,0,0.999424387557322,0.026893908437898,0.020671280285604,0.000556251704698,2.30083460761525,0.053851777316364,0.041300584043699
3.36,-0.930542418019019,1.17647388762663,1,-0.78431592508442,-0.620361612012679,0,0.413574408008453,-0.522877283389613,0,0,0,0.999424385463452,0.026615987888209,0.021027917834316,0.000560001151196,2.30083460761525,0.053297125522856,0.042014177168156
3.38,-0.946145558088828,1.16396244909738,1,-0.775974966064923,-0.630763705392552,0,0.420509136928368,-0.517316644043282,0,0,0,0.999424383579871,0.026333329827793,0.021380829728819,0.000563352716315,2.30083460761525,0.052732960023689,0.04272036837758
3.4,-0.961580496995757,1.15124408697608,1,-0.767496057984055,-0.641053664663838,0,0.427369109775892,-0.511664038656036,0,0,0,0.999424381911952,0.026045984006927,0.021729952987131,0.00056630398279,2.30083460761525,0.052159377780512,0.043419030839501
3.42,-0.976844490791318,1.13832106227138,1,-0.758880708180922,-0.651229660527546,0,0.434153107018364,-0.505920472120615,0,0,0,0.999424380464455,0.025754001019333,0.02207522528103,0.000568852817184,2.30083460761525,0.051576477495313,0.04411003895429
3.44,-0.991934825916816,1.12519567237587,1,-0.750130448250577,-0.661289883944544,0,0.440859922629696,-0.500086965500385,0,0,0,0.999424379241516,0.025457432293962,0.022416584947543,0.000570997371504,2.30083460761525,0.050984359598118,0.044793268379677
3.46,-1.00684881968575,1.11187025065761,1,-0.741246833771739,-0.671232546457167,0,0.447488364304778,-0.494164555847826,0,0,0,0.999424378246631,0.025156330086623,0.022753971000353,0.000572736084616,2.30083460761525,0.050383126234277,0.045468596055198
3.48,-1.02158382076073,1.09834716604538,1,-0.732231444030251,-0.681055880507152,0,0.454037253671435,-0.488154296020168,0,0,0,0.99942437748265,0.02485074747144,0.023087323141126,0.000574067683457,2.30083460761525,0.049772881251328,0.046135900226589
3.5,-1.03613720962481,1.08462882260749,1,-0.723085881738325,-0.690758139749876,0,0.460505426499917,-0.482057254492216,0,0,0,0.999424376951766,0.024540738332149,0.023416581770725,0.000574991184047,2.30083460761525,0.049153730185426,0.0467950604701
3.52,-1.0505063990472,1.07071765912442,1,-0.713811772749612,-0.700337599364803,0,0.466891732909869,-0.475874515166408,0,0,0,0.99942437665551,0.024226357353224,0.02374168800035,0.000575505892292,2.30083460761525,0.048525780247349,0.04744595771673
3.54,-1.06468883454318,1.05661614865526,1,-0.704410765770176,-0.70979255636212,0,0.473195037574747,-0.469607177180118,0,0,0,0.999424376594747,0.023907660010844,0.024062583662564,0.000575611404584,2.30083460761525,0.047889140308054,0.048088474276373
3.56,-1.07868199482823,1.04232679809808,1,-0.694884532065386,-0.719121329885486,0,0.479414219923657,-0.463256354710257,0,0,0,0.99942437676967,0.0235847025637,0.024379211322228,0.000575307608196,2.30083460761525,0.047243920883791,0.048722493861862
3.58,-1.09248339226626,1.02785214774422,1,-0.68523476516281,-0.728322261510843,0,0.485548174340562,-0.456823176775207,0,0,0,0.999424377179804,0.023257542043623,0.024691514287324,0.000574594681469,2.30083460761525,0.046590234120774,0.049347901612908
3.6,-1.10609057331187,1.01319477082673,1,-0.675463180551151,-0.737393715541245,0,0.49159581036083,-0.450308787034101,0,0,0,0.999424377824005,0.022926236246073,0.024999436619678,0.000573473093792,2.30083460761525,0.045928193779391,0.049964584119917
3.62,-1.11950111894647,0.998357273062905,1,-0.66557151537527,-0.746334079297647,0,0.497556052865098,-0.443714343583513,0,0,0,0.99942437870046,0.022590843720443,0.025302923145569,0.000571943605373,2.30083460761525,0.045257915217957,0.050572429447689
3.64,-1.13271264510839,0.983342292191052,1,-0.655561528127368,-0.755141763405594,0,0.503427842270396,-0.437041018751579,0,0,0,0.999424379806698,0.022251423760221,0.025601919466226,0.000570007266811,2.30083460761525,0.04457951537601,0.05117132715897
3.66,-1.14572280311666,0.968152497501556,1,-0.645434998334371,-0.763815202077774,0,0.509210134718516,-0.43028999888958,0,0,0,0.999424381139594,0.021908036392976,0.025896371968214,0.000567665418447,2.30083460761525,0.043893112757141,0.051761168337862
3.68,-1.15852928008857,0.952790589362356,1,-0.635193726241571,-0.772352853392378,0,0.514901902261586,-0.423462484161047,0,0,0,0.999424382695376,0.021560742370199,0.026186227833691,0.000564919689519,2.30083460761525,0.04319882741135,0.05234184561308
3.7,-1.17112979935082,0.937259298738884,1,-0.624839532492589,-0.780753199567215,0,0.52050213304481,-0.416559688328393,0,0,0,0.999424384469636,0.021209603156973,0.026471435050555,0.000561771997104,2.30083460761525,0.042496780916941,0.052913253181036
3.72,-1.1835221208443,0.921561386708568,1,-0.614374257805712,-0.789014747229531,0,0.526009831486354,-0.409582838537141,0,0,0,0.999424386457348,0.020854680921497,0.026751942422459,0.000558224544859,2.30083460761525,0.041787096361933,0.053475286828748
3.74,-1.19570404152225,0.90569964396998,1,-0.603799762646653,-0.797136027681503,0,0.531424018454335,-0.402533175097769,0,0,0,0.999424388652872,0.020496038524445,0.027027699578701,0.000554279821547,2.30083460761525,0.04106989832501,0.054027843956564
3.76,-1.20767339574199,0.88967689034672,1,-0.593117926897813,-0.805115597161327,0,0.536743731440885,-0.395411951265209,0,0,0,0.999424391049981,0.020133739508172,0.027298656983983,0.000549940599369,2.30083460761525,0.040345312855982,0.054570823600681
3.78,-1.21942805564984,0.873495974286123,1,-0.582330649524082,-0.81295203709989,0,0.54196802473326,-0.388220433016055,0,0,0,0.999424393641869,0.019767848085773,0.027564765948033,0.000545209932084,2.30083460761525,0.039613467455775,0.055104126455463
3.8,-1.23096593155943,0.857159772352871,1,-0.571439848235247,-0.820643954372953,0,0.547095969581969,-0.380959898823498,0,0,0,0.999424396421177,0.01939842912998,0.027825978635102,0.000540091152926,2.30083460761525,0.038874491055946,0.055627654895531
3.82,-1.24228497232322,0.840671188717616,1,-0.560447459145077,-0.828189981548815,0,0.552126654365877,-0.373631639430052,0,0,0,0.999424399380011,0.019025548161917,0.028082248073304,0.000534587872324,2.30083460761525,0.038128513997709,0.056141312997627
3.84,-1.25338316569711,0.824033154640691,1,-0.549355436427127,-0.835588777131407,0,0.557059184754272,-0.366236957618085,0,0,0,0.999424402509962,0.018649271339697,0.028333528163827,0.000528703975419,2.30083460761525,0.0373756680105,0.056645006562233
3.86,-1.26425853869817,0.807248627950997,1,-0.538165751967331,-0.84283902579878,0,0.561892683865853,-0.358777167978221,0,0,0,0.999424405802136,0.018269665446878,0.028579773689993,0.00052244361938,2.30083460761525,0.036616086190044,0.057138643134937
3.88,-1.2749091579554,0.790320592520187,1,-0.526880395013458,-0.849939438636932,0,0.566626292424621,-0.351253596675639,0,0,0,0.999424409247174,0.017886797880771,0.028820940326167,0.000515811230522,2.30083460761525,0.035849902975969,0.057622132027537
3.9,-1.28533313005342,0.773252057732197,1,-0.515501371821464,-0.856888753368947,0,0.571259168912631,-0.34366758121431,0,0,0,0.99942441283528,0.017500736640602,0.029056984646524,0.000508811501238,2.30083460761525,0.035077254128926,0.058095384338862
3.92,-1.2955286018691,0.756046057948257,1,-0.504030705298838,-0.863685734579399,0,0.575790489719599,-0.336020470199225,0,0,0,0.99942441655625,0.017111550315536,0.029287864133647,0.000501449386722,2.30083460761525,0.034298276707248,0.058558312975314
3.94,-1.30549376090096,0.738705651967459,1,-0.492470434644973,-0.870329173933973,0,0.580219449289315,-0.328313623096648,0,0,0,0.999424420399499,0.016719308072552,0.029513537186978,0.000493730101514,2.30083460761525,0.033513109043136,0.059010832671106
3.96,-1.31522683559142,0.721233922482973,1,-0.480822614988649,-0.876817890394281,0,0.584545260262854,-0.320548409992432,0,0,0,0.999424424354094,0.016324079644191,0.029733963131109,0.000485659115849,2.30083460761525,0.03272189071838,0.059452860008193
3.98,-1.32472609564173,0.703633975534024,1,-0.469089317022683,-0.88315073042782,0,0.588767153618547,-0.312726211348455,0,0,0,0.99942442840878,0.015925935316158,0.0299491022239,0.00047724215182,2.30083460761525,0.031924762539611,0.05988431343588
4,-1.33398985231956,0.685908939953718,1,-0.457272626635812,-0.889326568213041,0,0.592884378808694,-0.304848417757208,0,0,0,0.999424432552019,0.015524945914796,0.030158915664439,0.000468485179358,2.30083460761525,0.031121866513104,0.060305113290099
4.02,-1.34301645875924,0.668061966812807,1,-0.445374644541871,-0.895344305839492,0,0.596896203892995,-0.296916429694581,0,0,0,0.999424436772016,0.01512118279442,0.030363365600832,0.000459394412035,2.30083460761525,0.030313345819116,0.060715181812339
4.04,-1.3518043102545,0.650096228859513,1,-0.433397485906342,-0.901202873502999,0,0.600801915668666,-0.288931657270894,0,0,0,0.999424441056759,0.014714717824535,0.030562415137819,0.000449976302675,2.30083460761525,0.029499344785782,0.061114443168229
4.06,-1.36035184454378,0.632014919955487,1,-0.421343279970325,-0.906901229695852,0,0.604600819797235,-0.280895519980216,0,0,0,0.999424445394046,0.014305623376912,0.030756028344213,0.000440237538805,2.30083460761525,0.028680008862559,0.061502823465747
4.08,-1.36865754208794,0.613821254508027,1,-0.409214169672018,-0.912438361391958,0,0.608292240927972,-0.272809446448012,0,0,0,0.999424449771528,0.013893972312548,0.030944170260167,0.000430185037926,2.30083460761525,0.027855484593242,0.061880250773056
4.1,-1.3767199263404,0.595518466898625,1,-0.39701231126575,-0.917813284226932,0,0.611875522817955,-0.264674874177167,0,0,0,0.999424454176735,0.013479837968505,0.031126806904257,0.000419825942614,2.30083460761525,0.027025919588537,0.062246655135952
4.12,-1.38453756400964,0.577109810907987,1,-0.384739873938658,-0.923025042673093,0,0.615350028448729,-0.256493249292439,0,0,0,0.999424458597122,0.013063294144621,0.031303905280383,0.000409167615456,2.30083460761525,0.026191462498216,0.062601968594914
4.14,-1.392109065314,0.558598559137583,1,-0.372399039425056,-0.928072710209332,0,0.618715140139555,-0.24826602628337,0,0,0,0.999424463020094,0.012644415090113,0.031475433384482,0.000398217633829,2.30083460761525,0.025352262982849,0.062946125201744
4.16,-1.39943308422874,0.539988002427863,1,-0.359992001618576,-0.932955389485827,0,0.621970259657218,-0.239994667745717,0,0,0,0.999424467433052,0.012223275490063,0.03164136021106,0.000386983784511,2.30083460761525,0.024508471685135,0.063279061035791
4.18,-1.40650831872535,0.521281449273228,1,-0.347520966182152,-0.937672212483565,0,0.625114808322377,-0.231680644121435,0,0,0,0.999424471823419,0.011799950451793,0.031801655759524,0.000375474058147,2.30083460761525,0.023660240200816,0.063600714219739
4.2,-1.41333351100299,0.502482225233858,1,-0.334988150155905,-0.942222340668658,0,0.628148227112439,-0.22332543343727,0,0,0,0.999424476178685,0.01137451549113,0.031956291040327,0.000363696643559,2.30083460761525,0.022807721049212,0.06391102493496
4.22,-1.41990744771212,0.483593672344515,1,-0.32239578156301,-0.946604965141413,0,0.631069976760942,-0.214930521042006,0,0,0,0.999424480486438,0.010947046518568,0.032105238080917,0.000351659921909,2.30083460761525,0.021951067643369,0.064209935436417
4.24,-1.4262289601702,0.464619148520409,1,-0.309746099013606,-0.950819306780133,0,0.633879537853422,-0.206497399342404,0,0,0,0.9994244847344,0.010517619825333,0.032248469931484,0.00033937246072,2.30083460761525,0.021090434259821,0.064497390067108
4.26,-1.43229692456944,0.445562026960249,1,-0.297041351306832,-0.954864616379626,0,0.636576410919751,-0.198027567537888,0,0,0,0.999424488910461,0.010086312069336,0.032385960670513,0.000326843007764,2.30083460761525,0.020225976008009,0.064773335272036
4.28,-1.43811026217659,0.426425695546562,1,-0.284283797031041,-0.958740174784396,0,0.63916011652293,-0.189522531354027,0,0,0,0.999424493002717,0.009653200261047,0.03251768541013,0.000314080484806,2.30083460761525,0.019357848799323,0.065037719611708
4.3,-1.44366793952473,0.407213556243424,1,-0.271475704162283,-0.962445293016488,0,0.641630195344325,-0.180983802774855,0,0,0,0.999424496999499,0.009218361749265,0.032643620301243,0.000301093981232,2.30083460761525,0.01848620931582,0.065290493775143
4.32,-1.44896896859696,0.387929024491666,1,-0.258619349661111,-0.965979312397975,0,0.643986208265317,-0.172412899774074,0,0,0,0.999424500889414,0.008781874206803,0.032763742538482,0.000287892747537,2.30083460761525,0.017611214978596,0.065531610592385
4.34,-1.45401240700208,0.368575528601699,1,-0.245717019067799,-0.969341604668052,0,0.646227736445368,-0.1638113460452,0,0,0,0.999424504661368,0.008343815616087,0.032878030364923,0.000274486188707,2.30083460761525,0.01673302391585,0.065761025046512
4.36,-1.45879735814209,0.349156509144041,1,-0.232771006096027,-0.972531572094728,0,0.648354381396485,-0.155180670730685,0,0,0,0.999424508304605,0.007904264254679,0.032986463076605,0.000260883857478,2.30083460761525,0.01585179493063,0.06597869428513
4.38,-1.46332297137162,0.329675418337675,1,-0.219783612225117,-0.975548647581083,0,0.650365765054055,-0.146522408150078,0,0,0,0.999424511808735,0.007463298680713,0.033089021026838,0.000247095447488,2.30083460761525,0.014967687468289,0.066184577631352
4.4,-1.46758844214913,0.310135719436325,1,-0.206757146290883,-0.978392294766087,0,0.652261529844058,-0.137838097527255,0,0,0,0.999424515163764,0.00702099771826,0.033185685630287,0.000233130786322,2.30083460761525,0.014080861583659,0.066378636594244
4.42,-1.47159301217993,0.290540886112778,1,-0.193693924075185,-0.981062008119954,0,0.654041338746636,-0.12912928271679,0,0,0,0.999424518360123,0.006577440442624,0.033276439366852,0.000218999828458,2.30083460761525,0.013191477907949,0.066560834878741
4.44,-1.47533596955101,0.270894401841349,1,-0.180596267894233,-0.983557313034006,0,0.655704875356004,-0.120397511929489,0,0,0,0.999424521388694,0.006132706165571,0.033361265785321,0.000204712648123,2.30083460761525,0.012299697615396,0.066731138395013
4.46,-1.47881664885758,0.251199759278612,1,-0.167466506185741,-0.985877765905054,0,0.657251843936703,-0.111644337457161,0,0,0,0.999424524240838,0.005686874420491,0.033440149506807,0.000190279432048,2.30083460761525,0.011405682389663,0.066889515267293
4.48,-1.48203443132138,0.231460459642483,1,-0.154306973094989,-0.988022954214254,0,0.658681969476169,-0.102871315396659,0,0,0,0.999424526908419,0.005240024947502,0.033513076227968,0.000175710472151,2.30083460761525,0.010509594390021,0.067035935842143
4.5,-1.48498874490067,0.211680012089801,1,-0.141120008059867,-0.989992496600445,0,0.65999499773363,-0.094080005373245,0,0,0,0.999424529383827,0.004792237678501,0.033580032723998,0.000161016158133,2.30083460761525,0.009611596217304,0.06717037269616
4.52,-1.48767906439192,0.191861933092476,1,-0.127907955394984,-0.991786042927946,0,0.661190695285298,-0.085271970263323,0,0,0,0.99942453166,0.00434359272216,0.033641006851401,0.000146206970008,2.30083460761525,0.008711850879676,0.067292800643122
4.54,-1.4901049115232,0.17200974581236,1,-0.114673163874907,-0.993403274348801,0,0.662268849565867,-0.076448775916604,0,0,0,0.999424533730443,0.003894170348875,0.033695987550538,0.000131293470559,2.30083460761525,0.007810521758206,0.067403196740552
4.56,-1.49226585503919,0.152126979474903,1,-0.101417986316602,-0.99484390335946,0,0.663229268906306,-0.067611990877735,0,0,0,0.999424535589248,0.003444050975673,0.033744964847944,0.000116286297734,2.30083460761525,0.006907772572275,0.067501540295721
4.58,-1.49416151077784,0.132217168741756,1,-0.088144779161171,-0.996107673851892,0,0.664071782567928,-0.058763186107447,0,0,0,0.999424537231114,0.002993315151077,0.033787929858433,0.000101196156989,2.30083460761525,0.006003767344833,0.067587812871057
4.6,-1.49579154173868,0.112283853082391,1,-0.074855902054927,-0.997194361159119,0,0.664796240772746,-0.049903934703285,0,0,0,0.999424538651354,0.002542043539936,0.033824874786954,8.60338135757048E-05,2.30083460761525,0.005098670367512,0.067661998288978
4.62,-1.49715565814272,0.09233057614487,1,-0.061553717429913,-0.998103772095146,0,0.665402514730097,-0.041035811619942,0,0,0,0.999424539845916,0.002090316908223,0.033855792930239,7.08100847856702E-05,2.30083460761525,0.004192646165618,0.06772408263614
4.64,-1.49825361748397,0.072360885125875,1,-0.048240590083917,-0.998835744989313,0,0.665890496659542,-0.032160393389278,0,0,0,0.999424540811391,0.001638216107807,0.033880678678211,5.55358321589942E-05,2.30083460761525,0.003285859463019,0.067774054267085
4.66,-1.49908522457255,0.052378330140102,1,-0.034918886760068,-0.999390149715034,0,0.666260099810022,-0.023279257840046,0,0,0,0.999424541545025,0.001185822061201,0.033899527515162,4.02219536550717E-05,2.30083460761525,0.002378475146936,0.067811903807304
4.68,-1.49965033156939,0.032386463589145,1,-0.021590975726096,-0.999766887712928,0,0.666511258475286,-0.014393983817398,0,0,0,0.999424542044723,0.000733215746288,0.033912336020708,2.48793757985068E-05,2.30083460761525,0.001470658232661,0.067837624155704
4.7,-1.49994883801252,0.012388839529957,1,-0.008259226353304,-0.999965892008345,0,0.666643928005563,-0.005506150902203,0,0,0,0.999424542309061,0.000280478181035,0.03391910187051,9.51904580310724E-06,2.30083460761525,0.000562573828222,0.067851210486476
4.72,-1.4999806908349,-0.007610986956963,1,0.005073991304642,-0.999987127223266,0,0.666658084815511,0.003382660869761,0,0,0,0.999424542337283,-0.000172309591802,0.033919823836757,-5.8480763196328E-06,2.30083460761525,-0.000345612901006,0.067852660250366
4.74,-1.4997458843739,-0.027609460399581,1,0.018406306933054,-0.999830589582598,0,0.666553726388399,0.012270871288703,0,0,0,0.99942454212931,-0.000625066519987,0.033914501788433,-2.12110256616586E-05,2.30083460761525,-0.001253736767707,0.067841973175345
4.76,-1.49924446037227,-0.047603025566397,1,0.031735350377598,-0.999496306914844,0,0.666330871276562,0.021156900251732,0,0,0,0.999424541685734,-0.00107771155711,0.03390313669134,-3.65588403231463E-05,2.30083460761525,-0.002161632598042,0.067819151266681
4.78,-1.49847650797073,-0.067588128098488,1,0.045058752065659,-0.998984338647151,0,0.665989559098101,0.030039168043773,0,0,0,0.999424541007821,-0.001530163677888,0.033885730607896,-5.18805693150485E-05,2.30083460761525,-0.003069135267067,0.067784198806412
4.8,-1.49744216369213,-0.08756121514137,1,0.05837414342758,-0.998294775794753,0,0.665529850529835,0.038916095618387,0,0,0,0.999424540097507,-0.001982341893474,0.033862286696699,-6.71652804534398E-05,2.30083460761525,-0.00397607973412,0.067737122352216
4.82,-1.49614161141718,-0.107518735976617,1,0.071679157317745,-0.997427740944786,0,0.664951827296524,0.047786104878496,0,0,0,0.999424538957388,-0.002434165266737,0.033832809211862,-8.24020682397691E-05,2.30083460761525,-0.004882301078173,0.067677930735692
4.84,-1.49457508235174,-0.127457142653087,1,0.084971428435391,-0.996383388234493,0,0.664255592156329,0.056647618956928,0,0,0,0.999424537590718,-0.002885552927545,0.03379730350212,-9.75800617210841E-05,2.30083460761525,-0.005787634533132,0.067606635060024
4.86,-1.49274285498575,-0.147372890617663,1,0.098248593745109,-0.99516190332383,0,0.663441268882553,0.065499062496739,0,0,0,0.999424536001396,-0.003336424088018,0.033755776009699,-0.000112688432324,2.30083460761525,-0.006691915523057,0.067523248697078
4.88,-1.49064525504368,-0.167262439345379,1,0.111508292896919,-0.993763503362452,0,0.662509002241635,0.07433886193128,0,0,0,0.999424534193957,-0.003786698057765,0.033708234268964,-0.000127716401659,2.30083460761525,-0.007594979697305,0.067427787283874
4.9,-1.48828265542667,-0.187122252968848,1,0.124748168645899,-0.992188436951114,0,0.661458957967409,0.083165445763933,0,0,0,0.999424532173559,-0.004236294259094,0.033654686904834,-0.000142653249282,2.30083460761525,-0.008496662965564,0.067320268718495
4.92,-1.48565547614621,-0.20694880090684,1,0.137965867271227,-0.990436984097473,0,0.660291322731649,0.091977244847485,0,0,0,0.999424529945967,-0.004685132242186,0.033595143630966,-0.000157488320419,2.30083460761525,-0.009396801532763,0.067200713155389
4.94,-1.48276418424947,-0.226738558491941,1,0.151159038994627,-0.988509456166314,0,0.659006304110876,0.100772692663085,0,0,0,0.999424527517535,-0.005133131700242,0.033529615247718,-0.000172211033636,2.30083460761525,-0.010295231933863,0.067069143000094
4.96,-1.47960929373629,-0.246488007597144,1,0.164325338398096,-0.98640619582419,0,0.65760413054946,0.109550225598731,0,0,0,0.999424524895192,-0.005580212484583,0.033458113639877,-0.000186810888459,2.30083460761525,-0.011191791068476,0.066925582903383
4.98,-1.47619136546777,-0.266193637261291,1,0.177462424840861,-0.984127576978514,0,0.65608505131901,0.11830828322724,0,0,0,0.999424522086419,-0.006026294619716,0.03338065177417,-0.000201277472929,2.30083460761525,-0.012086316235339,0.066770059754827
5,-1.47251100706662,-0.285851944313227,1,0.190567962875485,-0.981674004711079,0,0.654449336474053,0.127045308583657,0,0,0,0.999424519099229,-0.006471298318346,0.033297243696544,-0.000215600471092,2.30083460761525,-0.01297864516659,0.066602602675795
5.02,-1.46856887280907,-0.305459433994588,1,0.203639622663059,-0.979045915206047,0,0.652697276804032,0.135759748442039,0,0,0,0.999424515942143,-0.006915143996338,0.033207904529222,-0.000229769670419,2.30083460761525,-0.01386861606186,0.066423243011873
5.04,-1.46436566350861,-0.325012620581069,1,0.21667508038738,-0.97624377567241,0,0.650829183781607,0.144450053591586,0,0,0,0.999424512624166,-0.007357752287633,0.033112650467546,-0.000243774969144,2.30083460761525,-0.014756067622149,0.066232014324738
5.06,-1.45990212639139,-0.34450802800211,1,0.229672018668073,-0.973268084260926,0,0.648845389507284,0.153114679112049,0,0,0,0.999424509154763,-0.007799044059089,0.033011498776584,-0.000257606383531,2.30083460761525,-0.015640839083477,0.066028952383459
5.08,-1.45517905496335,-0.363942190458845,1,0.242628126972564,-0.970119369975564,0,0.646746246650376,0.161752084648376,0,0,0,0.999424505543828,-0.008238940425276,0.032904467787533,-0.000271254055032,2.30083460761525,-0.016522770250298,0.065814095155264
5.1,-1.45019728886919,-0.383311653040247,1,0.255541102026832,-0.966798192579461,0,0.644532128386307,0.170360734684554,0,0,0,0.99942450180166,-0.008677362763196,0.032791576893891,-0.000284708257375,2.30083460761525,-0.017401701528662,0.065587482795749
5.12,-1.44495771374311,-0.402612972337314,1,0.268408648224876,-0.963305142495406,0,0.642203428330271,0.178939098816584,0,0,0,0.99942449793893,-0.009114232726932,0.032672846547422,-0.000297959403535,2.30083460761525,-0.018277473959105,0.065349157638561
5.14,-1.43946126105132,-0.421842717055227,1,0.281228478036818,-0.959640840700882,0,0.639760560467254,0.187485652024546,0,0,0,0.999424493966652,-0.009549472262231,0.032548298253901,-0.000310998052614,2.30083460761525,-0.019149929249265,0.065099164184547
5.16,-1.4337089079265,-0.440997468623351,1,0.293998312415568,-0.955805938617666,0,0.637203959078444,0.195998874943712,0,0,0,0.999424489896154,-0.009983003621002,0.032417954568651,-0.000323814916601,2.30083460761525,-0.020018909806205,0.06483754909038
5.18,-1.42770167699405,-0.460073821802965,1,0.306715881201977,-0.951801117996031,0,0.634534078664021,0.204477254134651,0,0,0,0.99942448573904,-0.010414749375734,0.032281839091859,-0.000336400867026,2.30083460761525,-0.020884258768425,0.064564361156674
5.2,-1.42144063619031,-0.479068385292636,1,0.319378923528424,-0.947627090793538,0,0.631751393862359,0.212919282352283,0,0,0,0.999424481507162,-0.010844632433836,0.032139976463698,-0.000348746941495,2.30083460761525,-0.021745820037567,0.064279651315587
5.22,-1.41492689857271,-0.497977782331101,1,0.331985188220734,-0.943284599048476,0,0.628856399365651,0.221323458813822,0,0,0,0.999424477212582,-0.011272576051881,0.031992392359225,-0.000360844350097,2.30083460761525,-0.02260343830978,0.063983472617936
5.24,-1.40816162212191,-0.51679865129758,1,0.344532434198386,-0.938774414747938,0,0.625849609831959,0.229688289465591,0,0,0,0.999424472867542,-0.011698503849764,0.03183911348309,-0.000372684481686,2.30083460761525,-0.023456959106756,0.063675880219811
5.26,-1.40114600953589,-0.53552764630938,1,0.35701843087292,-0.93409733969059,0,0.622731559793727,0.238012287248613,0,0,0,0.999424468484426,-0.012122339824764,0.031680167564029,-0.000384258910029,2.30083460761525,-0.0243062288064,0.063356931368718
5.28,-1.39388130801619,-0.554161437816716,1,0.369440958544477,-0.929254205344123,0,0.619502803562749,0.246293972362985,0,0,0,0.999424464075724,-0.012544008365506,0.031515583349165,-0.00039555939982,2.30083460761525,-0.025151094673155,0.063026685389244
5.3,-1.38636880904617,-0.572696713194617,1,0.381797808796411,-0.924245872697444,0,0.616163915131629,0.254531872530941,0,0,0,0.999424459654,-0.012963434265824,0.031345390598104,-0.000406577912548,2.30083460761525,-0.025991404887944,0.062685203668268
5.32,-1.37860984816141,-0.591130177331835,1,0.39408678488789,-0.919073232107608,0,0.612715488071739,0.262724523258593,0,0,0,0.99942445523185,-0.013380542738522,0.031169620076841,-0.000417306612219,2.30083460761525,-0.02682700857773,0.062332549639712
5.34,-1.37060580471232,-0.609458553216625,1,0.406305702144416,-0.913737203141545,0,0.609158135427697,0.270870468096278,0,0,0,0.999424450821873,-0.013795259429023,0.030988303551469,-0.000427737870938,2.30083460761525,-0.027657755844692,0.061968788768856
5.36,-1.36235810161885,-0.627678582519326,1,0.418452388346217,-0.90823873441257,0,0.60549248960838,0.278968258897478,0,0,0,0.99942444643663,-0.01420751042891,0.030801473781695,-0.000437864274323,2.30083460761525,-0.028483497794995,0.061593988536216
5.38,-1.35386820511763,-0.645787026171603,1,0.430524684114402,-0.902578803411754,0,0.601719202274503,0.287016456076268,0,0,0,0.999424442088613,-0.014617222289352,0.030609164514173,-0.00044767862677,2.30083460761525,-0.029304086567153,0.061208218421007
5.4,-1.34513762450122,-0.663780664942279,1,0.442520443294853,-0.896758416334147,0,0.597838944222765,0.295013628863235,0,0,0,0.999424437790202,-0.015024322034422,0.030411410475643,-0.00045717395656,2.30083460761525,-0.030119375359982,0.060811549884182
5.42,-1.33616791184985,-0.681656300009627,1,0.454437533339751,-0.890778607899899,0,0.593852405266599,0.302958355559834,0,0,0,0.999424433553637,-0.01542873717428,0.030208247365894,-0.000466343520787,2.30083460761525,-0.030929218460118,0.060404056351088
5.44,-1.32696066175548,-0.69941075353005,1,0.4662738356867,-0.884640441170317,0,0.589760294113544,0.310849223791133,0,0,0,0.99942442939098,-0.015830395718256,0.029999711850541,-0.000475180810136,2.30083460761525,-0.031733471269114,0.059985813193714
5.46,-1.31751751103831,-0.717040869203014,1,0.478027246135343,-0.878345007358874,0,0.585563338239249,0.318684830756895,0,0,0,0.999424425314079,-0.016229226187786,0.029785841553626,-0.000483679553474,2.30083460761525,-0.032531990330096,0.059556897712573
5.48,-1.30784013845584,-0.734543512832168,1,0.489695675221445,-0.871893425637224,0,0.581262283758149,0.326463783480963,0,0,0,0.999424421334539,-0.01662515762924,0.029566675050045,-0.000491833722277,2.30083460761525,-0.03332463335398,0.059117389118207
5.5,-1.29793026440435,-0.751915572882517,1,0.501277048588345,-0.865286842936236,0,0.576857895290824,0.334184699058896,0,0,0,0.999424417463683,-0.017018119626613,0.029342251857796,-0.00049963753487,2.30083460761525,-0.034111259245232,0.05866736851234
5.52,-1.28778965061315,-0.769153961033586,1,0.512769307355724,-0.858526433742102,0,0.572350955828068,0.341846204903816,0,0,0,0.999424413712525,-0.017408042314083,0.029112612430065,-0.000507085460494,2.30083460761525,-0.034891728127183,0.05820691886868
5.54,-1.27742009983131,-0.786255612728435,1,0.524170408485624,-0.85161339988754,0,0.567742266591693,0.349446938990416,0,0,0,0.999424410091735,-0.017794856388437,0.02887779814714,-0.000514172223185,2.30083460761525,-0.035665901366884,0.057736125013393
5.56,-1.26682345550721,-0.803217487718474,1,0.535478325145649,-0.844548970338139,0,0.563032646892092,0.3569855500971,0,0,0,0.999424406611612,-0.018178493121366,0.028637851308164,-0.000520892805471,2.30083460761525,-0.036433641599495,0.057255073605245
5.58,-1.25600160146082,-0.82003657060393,1,0.546691047069287,-0.83733440097388,0,0.558222933982587,0.364460698046191,0,0,0,0.999424403282052,-0.018558884371615,0.028392815122722,-0.000527242451872,2.30083460761525,-0.037194812752209,0.056763853115437
5.6,-1.24495646154881,-0.836709871369923,1,0.557806580913282,-0.829970974365871,0,0.553313982910581,0.371871053942188,0,0,0,0.999424400112519,-0.018935962596994,0.028142733702277,-0.00053321667222,2.30083460761525,-0.037949280067714,0.056262553807135
5.62,-1.23368999932251,-0.853234425918006,1,0.568822950612004,-0.822459999548339,0,0.548306666365559,0.379215300408003,0,0,0,0.999424397112023,-0.019309660866252,0.027887652051443,-0.000538811244778,2.30083460761525,-0.038696910127173,0.055751267714717
5.64,-1.22220421767887,-0.869607296593114,1,0.579738197728743,-0.814802811785913,0,0.543201874523942,0.386492131819162,0,0,0,0.999424394289089,-0.019679912870804,0.02762761605911,-0.000544022219168,2.30083460761525,-0.039437570872737,0.05523008862273
5.66,-1.21050115850437,-0.885825572705805,1,0.59055038180387,-0.807000772336249,0,0.538000514890833,0.393700254535914,0,0,0,0.999424391651737,-0.020046652936309,0.02736267248942,-0.000548845919098,2.30083460761525,-0.040171131629579,0.05469911204459
5.68,-1.19858290231206,-0.901886371049706,1,0.601257580699804,-0.799055268208038,0,0.532703512138692,0.400838387133202,0,0,0,0.999424389207456,-0.020409816034106,0.027092868972591,-0.000553278944899,2.30083460761525,-0.040897463127456,0.054158435201023
5.7,-1.18645156787163,-0.917786836414078,1,0.611857890942719,-0.790967711914417,0,0.527311807942944,0.407905260628479,0,0,0,0.999424386963185,-0.020769337792501,0.02681825399561,-0.000557318175848,2.30083460761525,-0.041616437521785,0.053608156998252
5.72,-1.17410931183281,-0.933524142091401,1,0.622349428060934,-0.782739541221873,0,0.521826360814582,0.414899618707289,0,0,0,0.999424384925293,-0.021125154507898,0.026538876892768,-0.000560960772303,2.30083460761525,-0.042327928414249,0.053048378005971
5.74,-1.16155832834195,-0.949095490379892,1,0.632730326919928,-0.774372218894636,0,0.516248145929757,0.421820217946619,0,0,0,0.999424383099559,-0.021477203155784,0.026254787836074,-0.000564204177627,2.30083460761525,-0.043031810872925,0.052479200435067
5.76,-1.14880084865196,-0.964498113080863,1,0.642998742053909,-0.765867232434637,0,0.510578154956425,0.428665828035939,0,0,0,0.999424381491159,-0.021825421401557,0.025966037825523,-0.000567046119913,2.30083460761525,-0.043727961451922,0.051900728115163
5.78,-1.13583914072561,-0.979729271990848,1,0.653152847993899,-0.757226093817071,0,0.504817395878047,0.435435231995932,0,0,0,0.99942438010465,-0.022169747611201,0.025672678679243,-0.000569484613496,2.30083460761525,-0.044416258210564,0.051313066471927
5.8,-1.1226755088324,-0.994786259388375,1,0.66319083959225,-0.748450339221599,0,0.498966892814399,0.442127226394833,0,0,0,0.999424378943954,-0.022510120861807,0.025374763023502,-0.000571517960271,2.30083460761525,-0.045096580732075,0.050716322504219
5.82,-1.10931229313889,-1.00966639851534,1,0.673110932343562,-0.739541528759258,0,0.493027685839506,0.448740621562374,0,0,0,0.999424378012355,-0.022846480951929,0.025072344282599,-0.000573144750793,2.30083460761525,-0.045768810141812,0.050110604761038
5.84,-1.09575186929267,-1.02436704405287,1,0.682911362701915,-0.730501246195113,0,0.487000830796742,0.455274241801277,0,0,0,0.99942437731248,-0.023178768411796,0.024765476668628,-0.000574363865182,2.30083460761525,-0.046432829125008,0.049496023318312
5.86,-1.08199664800005,-1.03888558259159,1,0.692590388394392,-0.721331098666698,0,0.480887399111132,0.461726925596261,0,0,0,0.999424376846299,-0.023506924513348,0.024454215171127,-0.000575174473805,2.30083460761525,-0.047088521944061,0.048872689755523
5.88,-1.06804907459747,-1.05321943309621,1,0.702146288730805,-0.71203271639831,0,0.474688477598873,0.468097525820537,0,0,0,0.999424376615116,-0.023830891280129,0.024138615546604,-0.000575576037771,2.30083460761525,-0.047735774455345,0.048240717132182
5.9,-1.0539116286168,-1.06736604736439,1,0.711577364909597,-0.702607752411197,0,0.468405168274132,0.474384909939731,0,0,0,0.999424376619567,-0.024150611497002,0.023818734307954,-0.000575568309198,2.30083460761525,-0.048374474125573,0.047600219964172
5.92,-1.03958682334454,-1.08132291047976,1,0.720881940319839,-0.693057882229691,0,0.462038588153127,0.480587960213226,0,0,0,0.999424376859617,-0.024466028719721,0.023494628713768,-0.000575151331286,2.30083460761525,-0.049004510047688,0.046951314199953
5.94,-1.025077205375,-1.09508754125895,1,0.7300583608393,-0.683384803583336,0,0.455589869055557,0.486705573892866,0,0,0,0.999424377334563,-0.024777087284323,0.023166356757528,-0.000574325438181,2.30083460761525,-0.049625772956305,0.046294117196653
5.96,-1.01038535415763,-1.10865749269275,1,0.739104995128498,-0.673590236105084,0,0.44906015740339,0.492736663418999,0,0,0,0.999424378043032,-0.025083732316369,0.022833977156702,-0.000573091254626,2.30083460761525,-0.050238155242705,0.04562874769605
5.98,-0.995513881538368,-1.12203035238108,1,0.74802023492072,-0.663675921025579,0,0.442450614017053,0.498680156613813,0,0,0,0.999424378982989,-0.025385909740016,0.022497549341735,-0.000571449695416,2.30083460761525,-0.050841550969378,0.044955325800448
6,-0.980465431295418,-1.13520374296189,1,0.756802495307928,-0.653643620863612,0,0.435762413909075,0.504534996871952,0,0,0,0.99942438015174,-0.025683566286928,0.022157133444943,-0.000569401964634,2.30083460761525,-0.05143585588413,0.04427397294846
6.02,-0.965242678669184,-1.14817532253378,1,0.765450215022517,-0.643495119112789,0,0.428996746075193,0.510300143348344,0,0,0,0.999424381545943,-0.02597664950502,0.02181279028931,-0.000566949554698,2.30083460761525,-0.052020967433751,0.043584811890716
6.04,-0.949848329886708,-1.1609427850723,1,0.773961856714867,-0.633232219924472,0,0.422154813282982,0.515974571143245,0,0,0,0.999424383161613,-0.026265107767037,0.02146458137719,-0.000564094245192,2.30083460761525,-0.052596784777255,0.042887966665489
6.06,-0.934285121680562,-1.17350386083998,1,0.782335907226653,-0.622856747787041,0,0.415237831858028,0.521557271484435,0,0,0,0.999424384994138,-0.026548890278971,0.021112568878922,-0.000560838101501,2.30083460761525,-0.053163208798697,0.04218356257425
6.08,-0.918555820802328,-1.18585631678975,1,0.790570877859836,-0.612370547201552,0,0.408247031467701,0.527047251906557,0,0,0,0.999424387038292,-0.02682794708831,0.020756815621354,-0.000557183473241,2.30083460761525,-0.053720142119567,0.041471726157178
6.1,-0.902663223530733,-1.19799795696199,1,0.798665304641328,-0.601775482353822,0,0.401183654902548,0.532443536427552,0,0,0,0.999424389288244,-0.027102229092121,0.020397385076284,-0.000553132992493,2.30083460761525,-0.054267489110779,0.040752585168606
6.12,-0.886610155174547,-1.20992662287486,1,0.806617748583241,-0.591073436783031,0,0.394048957855354,0.53774516572216,0,0,0,0.999424391737585,-0.02737168804497,0.020034341348816,-0.000548689571837,2.30083460761525,-0.054805155904247,0.040026268552426
6.14,-0.87039946957031,-1.22164019390806,1,0.814426795938707,-0.580266313046874,0,0.386844208697916,0.542951197292471,0,0,0,0.999424394379336,-0.027636276566671,0.019667749165639,-0.000543856402187,2.30083460761525,-0.055333050404071,0.039292906417464
6.16,-0.854034048574992,-1.23313658767981,1,0.822091058453207,-0.569356032383328,0,0.379570688255552,0.548060705635472,0,0,0,0.999424397205974,-0.027895948149876,0.019297673863227,-0.000538636950435,2.30083460761525,-0.05585108229732,0.038552630012816
6.18,-0.837516801553666,-1.24441376041706,1,0.82960917361137,-0.558344534369111,0,0.372229689579407,0.55307278240758,0,0,0,0.999424400209452,-0.028150657167492,0.018924181375964,-0.0005330349569,2.30083460761525,-0.056359163064441,0.037805571703168
6.2,-0.8208506648623,-1.25546970731879,1,0.836979804879191,-0.547233776574867,0,0.364822517716578,0.557986536586127,0,0,0,0.999424403381223,-0.028400358879935,0.018547338224201,-0.000527054432584,2.30083460761525,-0.056857205989285,0.037051864944095
6.22,-0.804038601325745,-1.26630246291245,1,0.844201641941634,-0.536025734217164,0,0.357350489478109,0.562801094627756,0,0,0,0.999424406712262,-0.028645009442224,0.018167211502235,-0.000520699656247,2.30083460761525,-0.057345126168761,0.03629164425735
6.24,-0.78708359971102,-1.27691010140336,1,0.851273400935574,-0.524722399807346,0,0.349814933204898,0.567515600623716,0,0,0,0.999424410193093,-0.028884565910897,0.017783868866226,-0.000513975171287,2.30083460761525,-0.057822840522132,0.035525045206151
6.26,-0.769988674195978,-1.28729073701706,1,0.858193824678039,-0.513325782797319,0,0.342217188531546,0.572129216452026,0,0,0,0.999424413813817,-0.029118986250769,0.017397378522052,-0.000506885782437,2.30083460761525,-0.05829026779995,0.034752204370466
6.28,-0.752756863833464,-1.29744252433455,1,0.864961682889699,-0.50183790922231,0,0.334558606148206,0.576641121926466,0,0,0,0.999424417564139,-0.029348229341529,0.017007809213095,-0.00049943655229,2.30083460761525,-0.058747328592648,0.033973259322299
6.3,-0.73539123201105,-1.30736365862038,1,0.871575772413588,-0.4902608213407,0,0.326840547560467,0.581050514942392,0,0,0,0.999424421433397,-0.029572254984161,0.016615230207969,-0.000491632797632,2.30083460761525,-0.059193945338789,0.033188348600998
6.32,-0.717894865906432,-1.31705237614348,1,0.878034917428986,-0.478596577270955,0,0.319064384847303,0.585356611619324,0,0,0,0.999424425410593,-0.029791023907207,0.016219711288191,-0.000483480085606,2.30083460761525,-0.059630042332985,0.032397611688568
6.34,-0.700270875938616,-1.32650695449069,1,0.884337969660459,-0.466847250625744,0,0.311231500417163,0.589558646440306,0,0,0,0.999424429484426,-0.030004497772865,0.015821322735795,-0.000474984229708,2.30083460761525,-0.060055545733489,0.031601188985004
6.36,-0.682522395214957,-1.33572571287298,1,0.890483808581988,-0.455014930143305,0,0.303343286762203,0.593655872387992,0,0,0,0.999424433643318,-0.030212639182921,0.015420135320894,-0.000466151285599,2.30083460761525,-0.060470383569472,0.030799221783657
6.38,-0.664652578974174,-1.34470701242426,1,0.896471341616174,-0.443101719316116,0,0.295401146210744,0.597647561077449,0,0,0,0.999424437875455,-0.030415411684519,0.015016220289184,-0.000456987546764,2.30083460761525,-0.060874485747991,0.02999185224661
6.4,-0.646664604025419,-1.3534492564927,1,0.902299504328468,-0.431109736016946,0,0.287406490677964,0.601533002885645,0,0,0,0.999424442168816,-0.030612779775763,0.014609649349409,-0.000447499539999,2.30083460761525,-0.061267784060656,0.029179223380105
6.42,-0.628561668183535,-1.36195089092461,1,0.907967260616405,-0.419041112122356,0,0.279360741414904,0.605311507077603,0,0,0,0.999424446511207,-0.030804708911163,0.014200494660771,-0.00043769402074,2.30083460761525,-0.061650212190005,0.028361479009984
6.44,-0.610346989700544,-1.37021040434069,1,0.913473602893795,-0.406897993133696,0,0.271265328755797,0.608982401929197,0,0,0,0.999424450890296,-0.030991165506911,0.013788828820291,-0.000427577968235,2.30083460761525,-0.062021705715591,0.027538763757181
6.46,-0.59202380669354,-1.37822632840477,1,0.918817552269846,-0.394682537795693,0,0.263121691863795,0.612545034846564,0,0,0,0.999424455293649,-0.031172116946,0.013374724850139,-0.000417158580562,2.30083460761525,-0.062382202119793,0.026711223013244
6.48,-0.57359537656902,-1.38599723808478,1,0.923998158723188,-0.38239691771268,0,0.25493127847512,0.615998772482125,0,0,0,0.999424459708765,-0.031347531583179,0.012958256184907,-0.000406443269497,2.30083460761525,-0.06273164079336,0.025879002915902
6.5,-0.555064975443807,-1.39352175190614,1,0.929014501270762,-0.370043316962538,0,0.246695544641692,0.619343000847175,0,0,0,0.999424464123111,-0.031517378749741,0.012539496658854,-0.000395439655237,2.30083460761525,-0.06306996304069,0.025042250324674
6.52,-0.536435897562627,-1.40079853219732,1,0.93386568813155,-0.357623931708418,0,0.238415954472279,0.622577125421033,0,0,0,0.999424468524157,-0.031681628758165,0.012118520493106,-0.000384155560978,2.30083460761525,-0.063397112084851,0.024201112796522
6.54,-0.517711454712486,-1.40782628532766,1,0.938550856885107,-0.345140969808324,0,0.230093979872216,0.625700571256738,0,0,0,0.999424472899412,-0.03184025290658,0.011695402282823,-0.000372599007356,2.30083460761525,-0.063713033072364,0.023355738561556
6.56,-0.498894975633907,-1.41460376193733,1,0.943069174624886,-0.332596650422604,0,0.221731100281736,0.628712783083257,0,0,0,0.999424477236461,-0.031993223483079,0.011270216984327,-0.000360778206753,2.30083460761525,-0.064017673077739,0.022506276498773
6.58,-0.479989805429169,-1.42112975715945,1,0.947419838106298,-0.319993203619446,0,0.213328802412964,0.631613225404199,0,0,0,0.999424481522997,-0.032140513769872,0.010843039902202,-0.000348701557473,2.30083460761525,-0.064310981107779,0.021652876111859
6.6,-0.460999304967629,-1.42740311083427,1,0.951602073889516,-0.307332869978419,0,0.204888579985613,0.634401382593011,0,0,0,0.999424485746859,-0.032282098047277,0.010413946676359,-0.00033637763779,2.30083460761525,-0.064592908105662,0.020795687505033
6.62,-0.441926850288244,-1.43342270771546,1,0.955615138476971,-0.294617900192162,0,0.196411933461442,0.637076758984648,0,0,0,0.999424489896062,-0.032417951597557,0.009983013269072,-0.000323815199874,2.30083460761525,-0.0648634069548,0.019934861358939
6.64,-0.422775831999388,-1.43918747766829,1,0.959458318445529,-0.281850554666259,0,0.187900369777506,0.639638878963686,0,0,0,0.999424493958838,-0.032548050708595,0.009550315951987,-0.000311023163598,2.30083460761525,-0.065122432482493,0.019070548906589
6.66,-0.4035496546761,-1.44469639585997,1,0.963130930573316,-0.2690331031174,0,0.179355402078267,0.642087287048878,0,0,0,0.999424497923662,-0.032672372677409,0.0091159312931,-0.000298010610235,2.30083460761525,-0.065369941463366,0.018202901909357
6.68,-0.38425173625482,-1.44994848294178,1,0.966632321961184,-0.25616782416988,0,0.170778549446586,0.644421547974122,0,0,0,0.999424501779289,-0.03279089581352,0.008679936143713,-0.000284786776039,2.30083460761525,-0.065605892622622,0.01733207263302
6.7,-0.364885507425776,-1.45494280522316,1,0.969961870148772,-0.243257004950517,0,0.162171336633678,0.646641246765848,0,0,0,0.999424505514784,-0.032903599442148,0.008242407625367,-0.000271361045729,2.30083460761525,-0.065830246639088,0.016458213823849
6.72,-0.345454411023089,-1.45967847483776,1,0.973118983225174,-0.23030294068206,0,0.15353529378804,0.648745988816782,0,0,0,0.999424509119554,-0.033010463907268,0.007803423116749,-0.000257742945863,2.30083460761525,-0.066042966148086,0.015581478684742
6.74,-0.32596190141272,-1.46415464990123,1,0.976103099934156,-0.217307934275146,0,0.144871956183431,0.650735399956104,0,0,0,0.999424512583377,-0.033111470574495,0.007363060240577,-0.000243942138125,2.30083460761525,-0.066244015744114,0.014702020851413
6.76,-0.306411443878374,-1.46837053466091,1,0.978913689773941,-0.204274295918916,0,0.136182863945944,0.65260912651596,0,0,0,0.999424515896432,-0.033206601833827,0.006921396850471,-0.000229968412513,2.30083460761525,-0.066433361983359,0.013819994368624
6.78,-0.286806514005452,-1.47232537963727,1,0.981550253091515,-0.191204342670302,0,0.127469561780201,0.654366835394344,0,0,0,0.999424519049325,-0.03329584110222,0.006478511017798,-0.000215831680448,2.30083460761525,-0.066610973386033,0.012935553666449
6.8,-0.26715059706319,-1.47601848175718,1,0.984012321171456,-0.178100398042127,0,0.118733598694751,0.656008214114304,0,0,0,0.999424522033116,-0.033379172826021,0.006034481018504,-0.000201541967794,2.30083460761525,-0.06677682043855,0.012048853536601
6.82,-0.247447187385052,-1.47944918447888,1,0.986299456319254,-0.164964791590035,0,0.10997652772669,0.657532970879503,0,0,0,0.999424524839348,-0.033456582483234,0.005589385319928,-0.000187109407803,2.30083460761525,-0.066930875595535,0.011160049108786
6.84,-0.227699787747533,-1.4826168779087,1,0.98841125193913,-0.151799858498356,0,0.10119990566557,0.658940834626087,0,0,0,0.999424527460066,-0.033528056585644,0.0051433025676,-0.000172544233992,2.30083460761525,-0.067073113281691,0.010269295827096
6.86,-0.207911908747447,-1.48552099890947,1,0.990347332606314,-0.138607939164965,0,0.092405292776643,0.660231555070876,0,0,0,0.999424529887839,-0.033593582680781,0.004696311572029,-0.000157856772945,2.30083460761525,-0.067203509893495,0.009376749426448
6.88,-0.188087068177835,-1.48816103120068,1,0.992107354133786,-0.125391378785223,0,0.083594252523482,0.661404902755857,0,0,0,0.999424532115786,-0.033653149353728,0.004248491295474,-0.000143057437055,2.30083460761525,-0.067322043800765,0.008482565909049
6.9,-0.168228790402582,-1.4905365054502,1,0.993691003633464,-0.112152526935055,0,0.074768351290037,0.662460669088976,0,0,0,0.999424534137593,-0.033706746228784,0.003799920838704,-0.000128156717215,2.30083460761525,-0.067428695348073,0.007586901520897
6.92,-0.148340605729883,-1.49264699935775,1,0.995097999571832,-0.098893737153255,0,0.06592915810217,0.663398666381222,0,0,0,0.999424535947528,-0.033754363970967,0.003350679427747,-0.000113165175445,2.30083460761525,-0.067523446856017,0.006689912728316
6.94,-0.128426049784632,-1.49449213772998,1,0.996328091819984,-0.085617366523088,0,0.057078244348725,0.66421872787999,0,0,0,0.999424537540462,-0.03379599428737,0.002900846400637,-9.80934374752657E-05,2.30083460761525,-0.067606282622362,0.005791756194509
6.96,-0.108488662879882,-1.49607159254714,1,0.997381061698093,-0.072325775253255,0,0.04821718350217,0.664920707798729,0,0,0,0.99942453891188,-0.033831629928361,0.002450501194138,-8.2952185293883E-05,2.30083460761525,-0.067677188923042,0.004892588756145
6.98,-0.088531989387459,-1.49738508302143,1,0.998256722014288,-0.059021326258306,0,0.039347550838871,0.665504481342858,0,0,0,0.999424540057895,-0.033861264688632,0.001999723330472,-6.77521496452633E-05,2.30083460761525,-0.06773615401303,0.003992567399963
7,-0.068559577107872,-1.49843237564689,1,0.998954917097928,-0.045706384738581,0,0.030470923159054,0.665969944731952,0,0,0,0.999424540975259,-0.033884893408098,0.001548592404041,-5.25041025031316E-05,2.30083460761525,-0.067783168127079,0.003091849239402
7.02,-0.048574976639587,-1.49921328424093,1,0.999475522827284,-0.032383317759725,0,0.021588878506483,0.666317015218189,0,0,0,0.999424541661373,-0.033902511972643,0.001097188068133,-3.72188495134203E-05,2.30083460761525,-0.06781822348034,0.002190591491232
7.04,-0.028581740747833,-1.49972766997739,1,0.999818446651596,-0.019054493831889,0,0.012702995887926,0.666545631101064,0,0,0,0.999424542114292,-0.033914117314711,0.000645590021636,-2.1907222414873E-05,2.30083460761525,-0.067841314268841,0.001288951452223
7.06,-0.008583423733,-1.4999754414113,1,0.999983627607532,-0.005722282488667,0,0.003814854992445,0.666655751738355,0,0,0,0.999424542332732,-0.033919707413756,0.000193877995742,-6.58007144210726E-06,2.30083460761525,-0.067852436669856,0.000387086475797
7.08,0.011416419201222,-1.49995655449504,1,0.999971036330024,0.007610946134148,0,-0.005073964089432,0.66664735755335,0,0,0,0.999424542316074,-0.033919281296526,-0.000257868259352,8.75174228374192E-06,2.30083460761525,-0.06785158884214,-0.000514846051289
7.1,0.031414232579877,-1.49967101258623,1,0.999780675057489,0.020942821719918,0,-0.013961881146612,0.666520450038326,0,0,0,0.999424542064367,-0.033912839037209,-0.000709568987741,2.40773543716968E-05,2.30083460761525,-0.067838770926043,-0.00141668873227
7.12,0.051406461288809,-1.49911886644714,1,0.999412577631428,0.034270974192539,0,-0.02284731612836,0.666275051754285,0,0,0,0.999424541578322,-0.033900381757422,-0.001161144441112,3.93859047797971E-05,2.30083460761525,-0.067813985043504,-0.002318284183693
7.14,0.071389551206682,-1.49830021423562,1,0.998866809490414,0.047593034137788,0,-0.031728689425192,0.665911206326943,0,0,0,0.999424540859317,-0.033881911626043,-0.001612514892041,5.46665454310539E-05,2.30083460761525,-0.067777235297914,-0.003219475058741
7.16,0.091359949836805,-1.49721520148769,1,0.998143467658458,0.060906633224537,0,-0.040604422149691,0.665428978438972,0,0,0,0.99942453990939,-0.033857431858907,-0.00206360064729,6.99084478213517E-05,2.30083460761525,-0.067728527773867,-0.004120104070561
7.18,0.111314106938684,-1.49586402109164,1,0.997242680727758,0.07420940462579,0,-0.049472936417193,0.664828453818506,0,0,0,0.999424538731234,-0.033826946718335,-0.002514322061106,8.51008106142118E-05,2.30083460761525,-0.067667870536775,-0.005020014015597
7.2,0.13124847515917,-1.49424691325376,1,0.996164608835841,0.087498983439446,0,-0.058332655626298,0.664109739223894,0,0,0,0.999424537328187,-0.033790461512519,-0.002964599548503,0.000100232867217,2.30083460761525,-0.067595273632367,-0.005919047796939
7.22,0.151159510663076,-1.49236416545564,1,0.994909443637091,0.100773007108717,0,-0.067182004739145,0.663272962424727,0,0,0,0.999424535704225,-0.033747982594758,-0.003414353598557,0.000115293893336,2.30083460761525,-0.067510749086053,-0.006817048447685
7.24,0.171043673763201,-1.49021611240303,1,0.993477408268684,0.114029115842134,0,-0.076019410561423,0.662318272179123,0,0,0,0.999424533863952,-0.033699517362532,-0.003863504787682,0.000130273214496,2.30083460761525,-0.067414310902169,-0.007713859154314
7.26,0.190897429549584,-1.48780313596637,1,0.991868757310913,0.127264953033056,0,-0.084843302022038,0.661245838207275,0,0,0,0.999424531812583,-0.03364507425644,-0.004311973792906,0.000145160213539,2.30083460761525,-0.067305975063087,-0.008609323280086
7.28,0.210717248517931,-1.4851256651129,1,0.990083776741933,0.140478165678621,0,-0.093652110452414,0.660055851161289,0,0,0,0.999424529555932,-0.033584662758969,-0.004759681405135,0.000159944338071,2.30083460761525,-0.067185759528189,-0.009503284388464
7.3,0.230499607197067,-1.48218417583039,1,0.988122783886923,0.153666404798045,0,-0.102444269865363,0.658748522591282,0,0,0,0.999424527100397,-0.033518293393123,-0.005206548542417,0.000174615107873,2.30083460761525,-0.067053684232715,-0.010395586266556
7.32,0.250240988775333,-1.47897919104251,1,0.98598612736167,0.166827325850222,0,-0.111218217233481,0.65732408490778,0,0,0,0.999424524452937,-0.033445977720897,-0.005652496263184,0.000189162122262,2.30083460761525,-0.066909771086466,-0.011286072948585
7.34,0.26993788372577,-1.47551128051589,1,0.983674187010596,0.179958589150513,0,-0.119972392767009,0.655782791340397,0,0,0,0.999424521621057,-0.033367728341591,-0.006097445779493,0.000203575067397,2.30083460761525,-0.066754043972369,-0.012174588739403
7.36,0.289586790430045,-1.47178106075884,1,0.981187373839229,0.193057860286697,0,-0.128705240191131,0.654124915892819,0,0,0,0.999424518612786,-0.03328355888998,-0.006541318470252,0.000217843723531,2.30083460761525,-0.066586528744899,-0.013060978238014
7.38,0.309184215800937,-1.46778919491171,1,0.978526129941138,0.206122810533958,0,-0.137415207022639,0.652350753294092,0,0,0,0.999424515436652,-0.03319348403433,-0.006984035894431,0.000231957972189,2.30083460761525,-0.066407253228346,-0.013945086361158
7.4,0.328726675903328,-1.46353639262901,1,0.975690928419343,0.219151117268885,0,-0.146100744845924,0.650460618946229,0,0,0,0.99942451210166,-0.033097519474253,-0.007425519804262,0.000245907803293,2.30083460761525,-0.066216247214943,-0.014826758366908
7.42,0.348210696573556,-1.4590234099533,1,0.972682273302201,0.232140464382371,0,-0.154760309588247,0.648454848868134,0,0,0,0.999424508617264,-0.032995681938414,-0.007865692158423,0.000259683322199,2.30083460761525,-0.066013542462824,-0.015705839878331
7.44,0.367632814037043,-1.45425104918071,1,0.969500699453809,0.245088542691362,0,-0.163392361794241,0.646333799635872,0,0,0,0.999424504993346,-0.032887989182084,-0.008304475135202,0.000273274756667,2.30083460761525,-0.065799172693826,-0.016582176907165
7.46,0.386989575524056,-1.44922015871837,1,0.966146772478916,0.25799305034937,0,-0.17199536689958,0.644097848319278,0,0,0,0.999424501240182,-0.032774459984535,-0.008741791145651,0.000286672463744,2.30083460761525,-0.065573173591131,-0.017455615877559
7.48,0.406277539883536,-1.44393163293356,1,0.962621088622374,0.27085169325569,0,-0.180567795503794,0.641747392414916,0,0,0,0.999424497368415,-0.032655114146282,-0.009177562846712,0.000299866936555,2.30083460761525,-0.065335582796729,-0.018326003649847
7.5,0.425493278194839,-1.43838641199471,1,0.958924274663138,0.283662185463226,0,-0.189108123642151,0.639282849775426,0,0,0,0.999424493389025,-0.032529972486169,-0.009611713154329,0.000312848811014,2.30083460761525,-0.065086439908706,-0.019193187544372
7.52,0.44463337437732,-1.43258548170426,1,0.955056987802842,0.29642224958488,0,-0.197614833056587,0.636704658535228,0,0,0,0.9994244893133,-0.0323990568383,-0.010044165256537,0.000325608872426,2.30083460761525,-0.064825786478355,-0.020057015365352
7.54,0.463694425797621,-1.42652987332345,1,0.951019915548966,0.309129617198414,0,-0.206086411465609,0.634013277032644,0,0,0,0.9994244851528,-0.03226239004881,-0.010474842626525,0.000338138061992,2.30083460761525,-0.064553666007097,-0.020917335424798
7.56,0.482673043874583,-1.42022066338891,1,0.946813775592609,0.321782029249722,0,-0.214521352833148,0.631209183728406,0,0,0,0.999424480919327,-0.032119995972484,-0.010903669035681,0.000350427483214,2.30083460761525,-0.064270123943203,-0.021773996566484
7.58,0.50156585468164,-1.41365897352136,1,0.942439315680909,0.334377236454427,0,-0.222918157636284,0.628292877120606,0,0,0,0.999424476624893,-0.031971899469214,-0.011330568566605,0.000362468408182,2.30083460761525,-0.063975207678329,-0.022626848189952
7.6,0.520369499546632,-1.40684597022616,1,0.937897313484107,0.346912999697755,0,-0.231275333131837,0.625264875656071,0,0,0,0.999424472281681,-0.031818126400303,-0.0117554656261,0.000374252283749,2.30083460761525,-0.063668966543829,-0.023475740274586
7.62,0.539080635648885,-1.39978286468595,1,0.933188576457298,0.35938709043259,0,-0.239591393621726,0.622125717638198,0,0,0,0.999424467902015,-0.031658703624607,-0.012178284958127,0.000385770737587,2.30083460761525,-0.063351451806867,-0.024320523403719
7.64,0.55769593661348,-1.39247091254533,1,0.928313941696884,0.371797291075654,0,-0.247864860717102,0.618875961131256,0,0,0,0.999424463498325,-0.031493658994521,-0.01259895165674,0.000397015584126,2.30083460761525,-0.063022716666308,-0.025161048788797
7.66,0.576212093102608,-1.38491141368764,1,0.923274275791763,0.384141395401739,0,-0.256094263601159,0.615516183861175,0,0,0,0.999424459083108,-0.031323021351802,-0.013017391178981,0.000407978830354,2.30083460761525,-0.062682816248374,-0.025997168293589
7.68,0.594625813403882,-1.3771057120039,1,0.918070474669267,0.396417208935922,0,-0.264278139290614,0.612046983112845,0,0,0,0.999424454668896,-0.031146820523235,-0.013433529357746,0.000418652681496,2.30083460761525,-0.062331807602077,-0.026828734458448
7.7,0.612933824015525,-1.36905519515384,1,0.91270346343589,0.408622549343683,0,-0.272415032895789,0.608468975623927,0,0,0,0.999424450268221,-0.030965087316142,-0.013847292414612,0.000429029546551,2.30083460761525,-0.061969749694406,-0.02765560052462
7.72,0.631132870228311,-1.36076129431924,1,0.907174196212827,0.420755246818874,0,-0.280503497879249,0.604782797475218,0,0,0,0.999424445893577,-0.03077785351372,-0.014258606972633,0.000439102043698,2.30083460761525,-0.061596703405264,-0.028477620458589
7.74,0.649219716704178,-1.35222548394953,1,0.901483655966355,0.432813144469452,0,-0.288542096312968,0.60098910397757,0,0,0,0.999424441557384,-0.030585151870234,-0.014667400069091,0.000448863005547,2.30083460761525,-0.061212731522157,-0.029294648976481
7.76,0.667191148051388,-1.34344928149963,1,0.895632854333086,0.444794098700925,0,-0.29652939913395,0.597088569555391,0,0,0,0.999424437271958,-0.03038701610603,-0.015073599168212,0.000458305484255,2.30083460761525,-0.060817898734608,-0.0301065415685
7.78,0.685043969396146,-1.33443424716019,1,0.889622831440124,0.456695979597431,0,-0.304463986398287,0.593081887626749,0,0,0,0.99942443304947,-0.030183480902401,-0.015477132173837,0.000467422756484,2.30083460761525,-0.060412271628312,-0.030913154523411
7.8,0.702775006950565,-1.32518198358023,1,0.883454655720154,0.468516671300376,0,-0.312344447533584,0.588969770480102,0,0,0,0.999424428901914,-0.029974581896284,-0.015877927442051,0.000476208328205,2.30083460761525,-0.059995918679007,-0.031714344953059
7.82,0.72038110857689,-1.31569413558225,1,0.877129423721502,0.480254072384593,0,-0.320169381589729,0.584752949147668,0,0,0,0.999424424841072,-0.029760355674791,-0.016275913793761,0.000484655939354,2.30083460761525,-0.059568910246054,-0.032509970816921
7.84,0.737859144347867,-1.3059723898698,1,0.870648259913199,0.491906096231912,0,-0.327937397487941,0.580432173275466,0,0,0,0.999424420878485,-0.029540839769588,-0.016671020527237,0.00049275956831,2.30083460761525,-0.059131318565735,-0.033299890946696
7.86,0.755206007103171,-1.29601847472761,1,0.864012316485074,0.503470671402114,0,-0.335647114268076,0.576008210990049,0,0,0,0.999424417025414,-0.029316072651095,-0.017063177430588,0.000500513436226,2.30083460761525,-0.058683217744237,-0.034083965070928
7.88,0.772418613001775,-1.28583415971439,1,0.857222773142927,0.514945742001183,0,-0.343297161334122,0.571481848761952,0,0,0,0.99942441329281,-0.029086093722537,-0.0174523147942,0.000507912011181,2.30083460761525,-0.058224683750331,-0.034862053839641
7.9,0.789493902070188,-1.2754212553482,1,0.850280836898803,0.526329268046792,0,-0.350886178697861,0.566853891265868,0,0,0,0.999424409691285,-0.028850943313816,-0.017838363423112,0.000514950012168,2.30083460761525,-0.057755794407737,-0.035634018849013
7.92,0.806428838746433,-1.26478161278463,1,0.843187741856417,0.537619225830956,0,-0.358412817220637,0.562125161237611,0,0,0,0.99942440623108,-0.028610662675236,-0.018221254649335,0.000521622412902,2.30083460761525,-0.057276629387155,-0.036399722666064
7.94,0.823220412419707,-1.25391712348764,1,0.835944748991763,0.548813608279805,0,-0.365875738853203,0.557296499327842,0,0,0,0.999424402922036,-0.028365293971044,-0.01860092034412,0.000527924445461,2.30083460761525,-0.05678727019797,-0.037159028853348
7.96,0.839865637965579,-1.24282971889341,1,0.82855314592894,0.559910425310386,0,-0.373273616873591,0.552368763952626,0,0,0,0.999424399773566,-0.028114880272819,-0.01897729293016,0.000533851603738,2.30083460761525,-0.056287800179614,-0.037911801993672
7.98,0.85636155627668,-1.23152137006687,1,0.821014246711247,0.570907704184454,0,-0.380605136122969,0.547342831140831,0,0,0,0.999424396794629,-0.027859465552693,-0.019350305393724,0.000539399646716,2.30083460761525,-0.055778304492575,-0.038657907714808
8,0.872705234788756,-1.21999408735137,1,0.81332939156758,0.581803489859171,0,-0.387868993239447,0.542219594378387,0,0,0,0.999424393993704,-0.0275990946764,-0.019719891296738,0.000544564601562,2.30083460761525,-0.055258870109056,-0.039397212714205
8.02,0.888893768002005,-1.20824992001125,1,0.805499946674168,0.59259584533467,0,-0.39506389688978,0.536999964449445,0,0,0,0.999424391378764,-0.027333813396169,-0.020085984788789,0.000549342766527,2.30083460761525,-0.054729585803265,-0.040129584783703
8.04,0.904924277997606,-1.19629095586756,1,0.797527303911704,0.603282851998404,0,-0.402188567998936,0.531684869274469,0,0,0,0.999424388957256,-0.027063668343444,-0.02044852061906,0.000553730713662,2.30083460761525,-0.054190542141337,-0.04085489283423
8.06,0.92079391494933,-1.18411932092686,1,0.789412880617906,0.61386260996622,0,-0.40924173997748,0.52627525374527,0,0,0,0.999424386736079,-0.02678870702144,-0.020807434148195,0.000557725291339,2.30083460761525,-0.053641831470873,-0.041573006920477
8.08,0.936499857630187,-1.17173717900331,1,0.781158119335541,0.624333238420125,0,-0.41622215894675,0.520772079557027,0,0,0,0.999424384721563,-0.026508977797534,-0.021162661360091,0.000561323626587,2.30083460761525,-0.053083547910098,-0.042283798265558
8.1,0.952039313913951,-1.15914673133398,1,0.772764487555988,0.634692875942634,0,-0.423128583961756,0.515176325037325,0,0,0,0.999424382919452,-0.02622452989549,-0.021514138873601,0.000564523127221,2.30083460761525,-0.052515787336622,-0.042987139285637
8.12,0.967409521271546,-1.14635021618751,1,0.764233477458342,0.644939680847697,0,-0.429959787231798,0.509488984972228,0,0,0,0.999424381334887,-0.025935413387516,-0.021861803954174,0.000567321483783,2.30083460761525,-0.051938647375807,-0.04368290361451
8.14,0.982607747262141,-1.13334990846623,1,0.755566605644156,0.655071831508094,0,-0.436714554338729,0.503711070429437,0,0,0,0.999424379972393,-0.025641679186155,-0.022205594525397,0.000569716671284,2.30083460761525,-0.051352227388718,-0.044370966128151
8.16,0.997631290018923,-1.12014811930172,1,0.746765412867813,0.665087526679282,0,-0.443391684452855,0.497843608578542,0,0,0,0.999424378835863,-0.025343379036019,-0.02254544918046,0.000571706950738,2.30083460761525,-0.05075662845967,-0.045051202969203
8.18,1.01247747872942,-1.10674719564394,1,0.737831463762626,0.674984985819611,0,-0.449989990546407,0.491887642508418,0,0,0,0.999424377928548,-0.025040565505342,-0.022881307193531,0.000573290870506,2.30083460761525,-0.050151953383356,-0.045723491571409
8.2,1.02714367411028,-1.09314951984403,1,0.728766346562686,0.684762449406854,0,-0.456508299604569,0.485844231041791,0,0,0,0.99942437725305,-0.024733291977381,-0.023213108531036,0.000574467267427,2.30083460761525,-0.04953830665154,-0.046387710683969
8.22,1.04162726887652,-1.07935750923076,1,0.719571672820508,0.694418179251016,0,-0.462945452834011,0.479714448547005,0,0,0,0.99942437681131,-0.024421612641649,-0.023540793862852,0.000575235267755,2.30083460761525,-0.048915794439331,-0.047043740395834
8.24,1.055925688205,-1.06537361568081,1,0.710249077120541,0.703950458803331,0,-0.469300305868887,0.473499384747027,0,0,0,0.999424376604605,-0.024105582484977,-0.0238643045734,0.000575594287879,2.30083460761525,-0.048284524591015,-0.047691462159901
8.26,1.07003639019214,-1.05120032518287,1,0.700800216788579,0.713357593461429,0,-0.475571728974286,0.467200144525719,0,0,0,0.999424376633546,-0.023785257282424,-0.024183582772636,0.000575544034853,2.30083460761525,-0.047644606605445,-0.048330758817126
8.28,1.08395686630589,-1.03684015739569,1,0.691226771597127,0.722637910870592,0,-0.481758607247061,0.460817847731418,0,0,0,0.999424376898071,-0.023460693588011,-0.024498571306946,0.000575084506704,2.30083460761525,-0.046996151620989,-0.048961514620526
8.3,1.09768464183158,-1.02229566520018,1,0.681530443466785,0.731789761221054,0,-0.487859840814036,0.454353628977856,0,0,0,0.999424377397451,-0.023131948725301,-0.02480921376993,0.000574215992545,2.30083460761525,-0.046339272400021,-0.049583615259075
8.32,1.11121727631195,-1.00756943424552,1,0.671712956163681,0.740811517541303,0,-0.493874345027535,0.447808637442454,0,0,0,0.999424378130285,-0.022799080777814,-0.025115454513084,0.000572939072475,2.30083460761525,-0.045674083312961,-0.050196947881477
8.34,1.12455236398096,-0.992664082489556,1,0.661776054993038,0.749701575987307,0,-0.499801050658205,0.441184036662025,0,0,0,0.999424379094512,-0.022462148579277,-0.025417238656363,0.000571254617274,2.30083460761525,-0.045000700321855,-0.050801401119805
8.36,1.13768753419147,-0.977582259733334,1,0.651721506488889,0.758458356127647,0,-0.505638904085098,0.434481004325926,0,0,0,0.999424380287408,-0.022121211703724,-0.02571451209864,0.000569163787888,2.30083460761525,-0.044319240963492,-0.05139686511301
8.38,1.15062045183671,-0.962326647150067,1,0.641551098100045,0.767080301224472,0,-0.511386867482981,0.427700732066696,0,0,0,0.999424381705603,-0.021776330455418,-0.026007221528039,0.000566668034709,2.30083460761525,-0.043629824332055,-0.051983231530265
8.4,1.16334881776537,-0.946899956808482,1,0.631266637872322,0.77556587851025,0,-0.517043919006833,0.420844425248214,0,0,0,0.99942438334508,-0.021427565858634,-0.026295314432156,0.00056376909665,2.30083460761525,-0.042932571061301,-0.052560393594161
8.42,1.17587036919038,-0.931304931190676,1,0.620869954127117,0.783913579460256,0,-0.522609052973504,0.413913302751412,0,0,0,0.999424385201196,-0.021074979647271,-0.026578739108151,0.000560469000005,2.30083460761525,-0.042227603306274,-0.053128246103729
8.44,1.18818288009113,-0.915544342704575,1,0.610362895136383,0.792121920060752,0,-0.528081280040501,0.406908596757589,0,0,0,0.999424387268688,-0.020718634254311,-0.026857444672718,0.000556770057113,2.30083460761525,-0.04151504472454,-0.053686685457271
8.46,1.20028416160921,-0.899620993191065,1,0.599747328794043,0.800189441072806,0,-0.533459627381871,0.399831552529362,0,0,0,0.999424389541691,-0.020358592801124,-0.027131381071926,0.000552674864808,2.30083460761525,-0.040795020456948,-0.054235609675017
8.48,1.21217206243756,-0.883537713425903,1,0.589025142283935,0.808114708291707,0,-0.538743138861138,0.39268342818929,0,0,0,0.999424392013756,-0.019994919086614,-0.027400499090925,0.00054818630267,2.30083460761525,-0.040067657107918,-0.054774918421562
8.5,1.2238444692029,-0.867297362616464,1,0.57819824174431,0.815896312801933,0,-0.543930875201288,0.385465494496206,0,0,0,0.999424394677864,-0.019627677576218,-0.027664750363524,0.000543307531068,2.30083460761525,-0.039333082725243,-0.055304513028102
8.52,1.23529930684143,-0.850902827893453,1,0.567268551928969,0.823532871227622,0,-0.549021914151748,0.378179034619312,0,0,0,0.999424397526449,-0.019256933390748,-0.02792408738162,0.000538041989005,2.30083460761525,-0.038591426779425,-0.055824296514439
8.54,1.24653453896775,-0.834357023797641,1,0.556238015865094,0.8310230259785,0,-0.554015350652333,0.370825343910063,0,0,0,0.99942440055142,-0.018882752295086,-0.028178463504501,0.000532393391754,2.30083460761525,-0.03784282014252,-0.056334173610749
8.56,1.25754816823684,-0.817662891761736,1,0.545108594507824,0.838365445491228,0,-0.558910296994152,0.363405729671883,0,0,0,0.999424403744179,-0.018505200686727,-0.028427832967991,0.000526365728304,2.30083460761525,-0.037087395066516,-0.056834050779114
8.58,1.26833823669918,-0.800823399587466,1,0.533882266391644,0.845558824466117,0,-0.563705882977411,0.355921510927763,0,0,0,0.999424407095653,-0.018124345584181,-0.028672150893458,0.000519963258597,2.30083460761525,-0.036325285161228,-0.05732383623478
8.6,1.27890282614878,-0.783841540917977,1,0.522561027278652,0.852601884099185,0,-0.568401256066123,0.348374018185768,0,0,0,0.999424410596313,-0.01774025461522,-0.028911373296666,0.000513190510579,2.30083460761525,-0.035556625371721,-0.057803439967164
8.62,1.28924005846424,-0.766720334705638,1,0.511146889803759,0.859493372309493,0,-0.572995581539662,0.340764593202506,0,0,0,0.999424414236205,-0.017352996004992,-0.02914545709648,0.000506052277045,2.30083460761525,-0.034781551955258,-0.058272773760562
8.64,1.29934809594259,-0.749462824675354,1,0.499641883116902,0.866232063961728,0,-0.577488042641152,0.333094588744602,0,0,0,0.999424418004975,-0.016962638563986,-0.029374360123408,0.000498553612305,2.30083460761525,-0.034000202457777,-0.058731751214584
8.66,1.30922514162602,-0.732072078783453,1,0.488048052522302,0.872816761084014,0,-0.581877840722676,0.325365368348201,0,0,0,0.999424421891904,-0.016569251675857,-0.029598041127989,0.000490699828641,2.30083460761525,-0.033212715689897,-0.059180287764271
8.68,1.3188694396213,-0.714551188672293,1,0.476367459114862,0.879246293080869,0,-0.586164195387246,0.317578306076575,0,0,0,0.999424425885931,-0.016172905285123,-0.029816459789024,0.000482496492597,2.30083460761525,-0.032419231702463,-0.059618300699906
8.7,1.32827927541198,-0.696903269120635,1,0.464602179413757,0.885519516941319,0,-0.590346344627546,0.309734786275838,0,0,0,0.999424429975691,-0.015773669884713,-0.030029576721628,0.000473949421064,2.30083460761525,-0.031619891761629,-0.060045709186498
8.72,1.33745297616313,-0.679131457489923,1,0.452754304993282,0.891635317442086,0,-0.594423544961391,0.301836203328855,0,0,0,0.999424434149543,-0.015371616503388,-0.030237353485132,0.000465064677197,2.30083460761525,-0.030814838323478,-0.060462434282928
8.74,1.34638891101878,-0.661238913166528,1,0.440825942111019,0.897592607345856,0,-0.598395071563904,0.293883961407346,0,0,0,0.999424438395606,-0.014966816693035,-0.0304397525908,0.00045584856614,2.30083460761525,-0.030004215008194,-0.06086839896075
8.76,1.35508549139184,-0.643228817000094,1,0.428819211333396,0.903390327594559,0,-0.602260218396373,0.285879474222264,0,0,0,0.999424442701792,-0.014559342515826,-0.030636737509384,0.000446307630581,2.30083460761525,-0.029188166573785,-0.061263528122626
8.78,1.36354117124646,-0.625104370738062,1,0.416736247158708,0.909027447497641,0,-0.606018298331761,0.277824164772472,0,0,0,0.999424447055838,-0.014149266531251,-0.030828272678495,0.000436448646129,2.30083460761525,-0.028366838889366,-0.061647748620406
8.8,1.37175444737295,-0.606868796456475,1,0.40457919763765,0.914502964915301,0,-0.609668643276867,0.269719465091766,0,0,0,0.999424451445345,-0.013736661783032,-0.031014323509801,0.000426278616525,2.30083460761525,-0.027540378908,-0.062020989272805
8.82,1.37972385965496,-0.588525335987181,1,0.392350223991454,0.919815906436639,0,-0.613210604291093,0.261566815994303,0,0,0,0.999424455857811,-0.013321601785913,-0.031194856396041,0.000415804768676,2.30083460761525,-0.026708934639116,-0.062383180882713
8.84,1.38744799132907,-0.570077250341506,1,0.38005150022767,0.924965327552713,0,-0.616643551701808,0.253367666818447,0,0,0,0.999424460280667,-0.01290416051233,-0.031369838717852,0.000405034547531,2.30083460761525,-0.0258726551205,-0.062734256254079
8.86,1.39492546923666,-0.551527819130531,1,0.367685212753687,0.929950312824441,0,-0.619966875216294,0.245123475169125,0,0,0,0.999424464701313,-0.012484412378967,-0.031539238850421,0.000393975610798,2.30083460761525,-0.025031690389875,-0.063074150208404
8.88,1.40215496406802,-0.532880339982064,1,0.355253559988043,0.934769976045349,0,-0.623179984030233,0.236835706658695,0,0,0,0.999424469107153,-0.012062432233202,-0.031703026169933,0.000382635823499,2.30083460761525,-0.024186191456068,-0.063402799600789
8.9,1.40913519059867,-0.514138127954396,1,0.342758751969597,0.939423460399113,0,-0.626282306932742,0.228505834646398,0,0,0,0.999424473485633,-0.011638295339438,-0.031861171059835,0.000371023252374,2.30083460761525,-0.023336310269787,-0.063720143335569
8.92,1.41586490791782,-0.495304514946971,1,0.330203009964647,0.943909938611882,0,-0.629273292407921,0.220135339976432,0,0,0,0.999424477824274,-0.01121207736533,-0.032013644916908,0.000359146160134,2.30083460761525,-0.022482199693997,-0.064026122381493
8.94,1.42234291964902,-0.476382849108054,1,0.317588566072036,0.948228613099345,0,-0.632152408732897,0.21172571071469,0,0,0,0.999424482110713,-0.010783854367909,-0.03216042015714,0.000347012999574,2.30083460761525,-0.02162401347393,-0.064320679786451
8.96,1.42856807416279,-0.457376494239511,1,0.304917662826341,0.952378716108525,0,-0.63491914407235,0.203278441884227,0,0,0,0.999424486332729,-0.010353702779602,-0.032301470221396,0.000334632407541,2.30083460761525,-0.020761906206708,-0.064603760691737
8.98,1.43453926478139,-0.438288829198823,1,0.292192552799216,0.956359509854258,0,-0.637573006569506,0.194795035199477,0,0,0,0.999424490478289,-0.009921699394159,-0.032436769580894,0.000322013198761,2.30083460761525,-0.019896033310621,-0.064875312345849
9,1.44025542997555,-0.419123247298389,1,0.279415498198926,0.960170286650366,0,-0.640113524433577,0.186276998799284,0,0,0,0.999424494535574,-0.009487921352482,-0.032566293742475,0.000309164359549,2.30083460761525,-0.019026550994044,-0.065135284117794
9.02,1.44571555355318,-0.399883155702293,1,0.266588770468195,0.963810369035453,0,-0.642540246023635,0.177725846978797,0,0,0,0.999424498493015,-0.009052446128365,-0.032690019253667,0.000296095041372,2.30083460761525,-0.018153616224019,-0.065383627509913
9.04,1.45091866484002,-0.380571974820587,1,0.253714649880391,0.967279109893349,0,-0.6448527399289,0.169143099920261,0,0,0,0.999424502339329,-0.008615351514148,-0.032807923707539,0.000282814554304,2.30083460761525,-0.017277386694514,-0.0656202961702
9.06,1.45586383885222,-0.361193137701239,1,0.240795425134159,0.970575892568149,0,-0.647050595045433,0.160530283422773,0,0,0,0.999424506063548,-0.008176715606282,-0.032919985747355,0.000269332360359,2.30083460761525,-0.01639802079436,-0.06584524590412
9.08,1.46055019646076,-0.341750089419807,1,0.227833392946538,0.973700130973838,0,-0.649133420649225,0.151888928631025,0,0,0,0.999424509655052,-0.007736616790821,-0.033026185071001,0.000255658066706,2.30083460761525,-0.015515677574886,-0.066058434685906
9.1,1.46497690454772,-0.322246286466998,1,0.214830857644665,0.976651269698482,0,-0.651100846465655,0.14322057176311,0,0,0,0.999424513103597,-0.007295133728831,-0.033126502435218,0.000241801418781,2.30083460761525,-0.014630516717268,-0.066259822669334
9.12,1.46914317615446,-0.302685196134193,1,0.201790130756129,0.979428784102971,0,-0.652952522735314,0.134526753837419,0,0,0,0.999424516399348,-0.006852345341726,-0.033220919659603,0.000227772293297,2.30083460761525,-0.013742698499592,-0.066449372197972
9.14,1.47304827062142,-0.283070295897045,1,0.18871353059803,0.982032180414281,0,-0.654688120276187,0.125809020398687,0,0,0,0.999424519532904,-0.006408330796542,-0.033309419630401,0.000213580691148,2.30083460761525,-0.012852383763664,-0.066627047814882
9.16,1.47669149371989,-0.263405072797268,1,0.175603381864846,0.984460995813257,0,-0.656307330542171,0.11706892124323,0,0,0,0.999424522495327,-0.005963169491134,-0.033391986304083,0.000199236730233,2.30083460761525,-0.011959733881554,-0.066792816271791
9.18,1.48007219777534,-0.243693022822733,1,0.162462015215155,0.986714798516892,0,-0.657809865677928,0.108308010143437,0,0,0,0.999424525278167,-0.005516941039323,-0.033468604710694,0.000184750638179,2.30083460761525,-0.011064910721918,-0.066946646537695
9.2,1.48318978178263,-0.223937650285958,1,0.149291766857305,0.988793187855086,0,-0.659195458570057,0.099527844571537,0,0,0,0.999424527873484,-0.005069725255974,-0.033539260956989,0.000170132744993,2.30083460761525,-0.010168076616087,-0.067088509806921
9.22,1.48604369151281,-0.204142467201149,1,0.136094978134099,0.990695794341875,0,-0.660463862894583,0.090729985422733,0,0,0,0.999424530273875,-0.004621602142025,-0.033603942229341,0.000155393475628,2.30083460761525,-0.009269394323951,-0.067218379506616
9.24,1.48863341961168,-0.184310992659825,1,0.12287399510655,0.992422279741117,0,-0.661614853160745,0.0819159967377,0,0,0,0.999424532472491,-0.004172651869471,-0.033662636796428,0.00014054334249,2.30083460761525,-0.00836902699965,-0.067336231303675
9.26,1.49095850568993,-0.164446752205233,1,0.109631168136822,0.99397233712662,0,-0.66264822475108,0.073087445424548,0,0,0,0.999424534463059,-0.003722954766288,-0.033715334011696,0.000125592937863,2.30083460761525,-0.007467138157083,-0.067442043111088
9.28,1.49301853640507,-0.144553277205579,1,0.096368851470386,0.995345690936711,0,-0.663563793957807,0.064245900980257,0,0,0,0.9994245362399,-0.003272591301331,-0.03376202431559,0.000110552926293,2.30083460761525,-0.006563891635259,-0.067535795093723
9.3,1.49481314553483,-0.124634104226245,1,0.083089402817496,0.996542097023218,0,-0.664361398015478,0.055392935211664,0,0,0,0.999424537797943,-0.00282164206918,-0.033802699237568,9.54340369015948E-05,2.30083460761525,-0.005659451563493,-0.067617469673511
9.32,1.49634201404231,-0.104692774401081,1,0.069795182934054,0.997561342694875,0,-0.665040895129917,0.046530121956036,0,0,0,0.999424539132744,-0.002370187774961,-0.033837351397878,8.02470556605524E-05,2.30083460761525,-0.004753982326475,-0.067687051534061
9.34,1.49760487013271,-0.084732832802866,1,0.05648855520191,0.998403246755138,0,-0.665602164503425,0.037659036801274,0,0,0,0.999424540240493,-0.001918309219131,-0.033865974509112,6.50028176214677E-05,2.30083460761525,-0.003847648529218,-0.067744527624675
9.36,1.49860148930159,-0.064757827813094,1,0.04317188520873,0.99906765953439,0,-0.66604510635626,0.02878125680582,0,0,0,0.99942454111803,-0.001466087282241,-0.03388856337753,4.97121991077198E-05,2.30083460761525,-0.002940614961908,-0.067789887163778
9.38,1.49933169437483,-0.044771310491153,1,0.029847540327435,0.999554462916555,0,-0.66636964194437,0.01989836021829,0,0,0,0.99942454176285,-0.001013602909675,-0.033905113904152,3.4386109876298E-05,2.30083460761525,-0.002033046564665,-0.067823121641755
9.4,1.49979535554013,-0.024776833943042,1,0.016517889295362,0.99986357036009,0,-0.666575713573393,0.011011926196908,0,0,0,0.999424542173114,-0.000560937096375,-0.033915623085622,1.90354852543908E-05,2.30083460761525,-0.001125108392241,-0.067844224823186
9.42,1.49999239037006,-0.004777952689708,1,0.003185301793139,0.999994926913375,0,-0.666663284608917,0.002123534528759,0,0,0,0.99942454234765,-0.000108170871544,-0.033920089014839,3.67127825676873E-06,2.30083460761525,-0.000216965578659,-0.067853192748491
